recno	T	Gal	RAJ2000	DEJ2000	SBF	NED-D	Virgo	Vhel	Dist	KMAG	AB	T-type	log(Re)	SimbadName
334	S	"NGC1134"	43.422256	13.014126	0	1	0	3640	39.3	-24.22	0.7	3.0	1.35	"NGC1134  "
317	S	"NGC0803"	30.936255	16.03096	0	0	0	2101	30.4	-22.61	0.22	5.3	1.44	"NGC0803  "
321	S	"NGC0918"	36.461667	18.496111	0	0	0	1507	22.5	-22.83	1.53	5.2	1.67	"NGC0918  "
17	E	"NGC0770"	29.80685	18.954695	0	0	0	2543	36.7	-22.57	0.31	-4.2	0.94	"NGC0770  "
315	S	"NGC0772"	29.831591	19.00754	0	0	0	2472	35.7	-25.59	0.31	3.0	1.9	"NGC0772  "
262	S	"IC0163"	27.312431	20.711317	0	0	0	2749	39.7	-22.38	0.36	8.0	1.35	"IC0163   "
312	S	"NGC0691"	27.673841	21.759899	0	0	0	2665	38.6	-24.14	0.31	4.0	1.76	"NGC0691  "
16	E	"NGC0680"	27.447035	21.970827	0	1	0	2928	37.5	-24.17	0.34	-4.0	1.16	"NGC0680  "
311	S	"NGC0678"	27.35358	21.997299	0	0	0	2835	40.9	-24.39	0.37	3.0	1.29	"NGC0678  "
822	S	"UGC01551"	30.906231	24.075525	0	0	0	2671	38.8	-21.7	0.4	6.1	1.51	"UGC01551 "
329	S	"NGC1056"	40.701195	28.574266	0	0	0	1545	23.7	-22.8	0.65	1.0	1.13	"NGC1056  "
325	S	"NGC1012"	39.812347	30.151669	0	0	0	987	16.3	-21.77	0.63	0.0	1.47	"NGC1012  "
324	S	"NGC0972"	38.555771	29.311243	0	0	0	1543	23.7	-24.05	0.46	2.0	1.44	"NGC0972  "
823	S	"UGC02143"	39.902344	36.081223	0	0	0	2754	40.6	-21.77	0.22	3.7	1.09	"UGC02143 "
825	S	"UGC03045"	66.67392	20.407866	0	0	0	1387	20.8	-22.02	2.53	5.0	1.09	"UGC03045 "
826	S	"UGC03053"	67.040306	21.655323	0	0	0	2414	34.8	-23.0	1.95	5.9	1.26	"UGC03053 "
15	E	"NGC0661"	26.060976	28.705988	0	1	0	3815	30.6	-23.19	0.3	-4.4	1.12	"NGC0661  "
805	S	"PGC005363"	21.638643	39.881031	0	0	0	2610	39.1	-21.81	0.25	0.0	1.04	"PGC005363"
307	S	"NGC0573"	22.705626	41.257317	0	0	0	2788	41.6	-22.03	0.22	0.0	1.02	"NGC0573  "
322	S	"NGC0925"	36.820469	33.57888	0	21	0	553	9.1	-21.95	0.33	7.0	2.15	"NGC0925  "
20	E	"NGC1023"	40.100052	39.063251	1	8	0	602	11.1	-24.01	0.26	-2.7	1.68	"NGC1023  "
263	S	"IC0239"	39.11625	38.97	0	0	0	903	15.7	-22.23	0.31	6.0	1.9	"IC0239   "
319	S	"NGC0891"	35.639167	42.349167	1	6	0	528	8.1	-23.64	0.28	3.0	2.01	"NGC0891  "
308	S	"NGC0620"	24.248648	42.323357	0	0	0	2507	37.8	-21.9	0.29	7.0	1.26	"NGC0620  "
295	S	"NGC0278"	13.017918	47.550537	0	0	0	627	12.8	-22.77	0.62	2.9	1.42	"NGC0278  "
294	S	"NGC0224"	10.68471	41.268749	1	45	0	-300	0.7	-23.39	0.46	3.0	2.96	"NGC0224  "
261	S	"IC0065"	15.230966	47.681984	0	0	0	2614	39.7	-23.54	0.64	4.0	1.38	"IC0065   "
348	S	"NGC2644"	130.382904	4.980223	0	0	0	1939	28.0	-21.89	0.16	4.6	1.25	"NGC2644  "
366	S	"NGC2775"	137.583801	7.037924	0	0	0	1354	20.5	-24.53	0.19	1.7	1.64	"NGC2775  "
360	S	"NGC2731"	135.534973	8.301766	0	0	0	2583	37.0	-22.38	0.29	5.5	1.16	"NGC2731  "
377	S	"NGC2894"	142.376038	7.718817	0	0	0	2146	31.4	-23.39	0.27	1.0	1.15	"NGC2894  "
264	S	"IC0540"	142.542755	7.902529	0	0	0	2035	30.0	-21.89	0.26	3.5	1.08	"IC0540   "
375	S	"NGC2882"	141.650513	7.95455	0	0	0	2153	31.5	-22.62	0.22	3.0	1.36	"NGC2882  "
379	S	"NGC2906"	143.026031	8.441907	0	0	0	2140	31.4	-23.39	0.2	5.9	1.36	"NGC2906  "
832	S	"UGC04550"	130.816666	13.085848	0	0	0	2067	30.3	-21.55	0.21	3.2	1.17	"UGC04550 "
349	S	"NGC2648"	130.665939	14.285502	0	0	0	2060	30.3	-23.76	0.12	1.1	1.23	"NGC2648  "
394	S	"NGC3094"	150.357986	15.769937	0	0	0	2404	35.6	-23.15	0.12	1.0	1.08	"NGC3094  "
388	S	"NGC3041"	148.27977	16.677694	0	0	0	1408	22.5	-23.04	0.15	5.4	1.83	"NGC3041  "
404	S	"NGC3227"	155.877533	19.86495	0	2	0	1157	22.4	-24.12	0.1	1.5	1.8	"NGC3227  "
266	S	"IC0610"	156.618179	20.228252	0	0	0	1170	19.6	-21.53	0.09	3.9	1.02	"IC0610   "
53	E	"NGC3226"	155.862549	19.898439	1	3	0	1315	22.9	-23.24	0.1	-4.8	1.49	"NGC3226  "
399	S	"NGC3177"	154.142334	21.122868	0	0	0	1302	21.7	-22.46	0.1	3.0	1.08	"NGC3177  "
401	S	"NGC3185"	154.410767	21.688284	0	0	0	1217	20.4	-22.41	0.12	1.1	1.5	"NGC3185  "
402	S	"NGC3190"	154.523514	21.83194	0	4	0	1271	24.6	-24.51	0.11	0.9	1.34	"NGC3190  "
52	E	"NGC3193"	154.603683	21.893978	1	3	0	1381	33.1	-24.63	0.11	-4.8	1.42	"NGC3193  "
841	S	"UGC05403"	150.648163	19.177067	0	0	0	2082	31.7	-22.18	0.14	0.0	0.97	"UGC05403 "
396	S	"NGC3162"	153.381546	22.737574	0	0	0	1300	21.7	-22.22	0.1	4.6	1.55	"NGC3162  "
378	S	"NGC2903"	143.04213	21.50083	0	5	0	556	8.9	-23.72	0.13	4.0	1.93	"NGC2903  "
380	S	"NGC2916"	143.739868	21.705259	0	1	0	3730	40.6	-23.93	0.12	3.1	1.44	"NGC2916  "
49	E	"NGC3098"	150.569458	24.711092	0	0	0	1397	23.0	-22.72	0.16	-1.5	1.12	"NGC3098  "
29	E	"NGC2577"	125.681137	22.55304	0	0	0	2062	30.8	-23.41	0.23	-3.0	1.15	"NGC2577  "
831	S	"UGC04375"	125.796989	22.664581	0	0	0	2061	30.8	-22.95	0.2	5.3	1.57	"UGC04375 "
31	E	"NGC2594"	126.821609	25.878935	0	0	0	2362	35.1	-22.36	0.24	0.0	0.82	"NGC2594  "
30	E	"NGC2592"	126.783669	25.970339	1	1	0	1979	25.0	-22.88	0.25	-4.8	1.09	"NGC2592  "
27	E	"NGC2481"	119.307182	23.767693	0	0	0	2157	32.0	-23.38	0.28	0.4	1.02	"NGC2481  "
37	E	"NGC2764"	137.072983	21.443447	0	0	0	2706	39.6	-23.19	0.17	-2.0	1.09	"NGC2764  "
364	S	"NGC2753"	136.784286	25.342352	0	0	0	2783	40.9	-21.9	0.15	0.0	1.13	"NGC2753  "
363	S	"NGC2750"	136.449554	25.437365	0	0	0	2674	39.4	-23.32	0.15	5.3	1.57	"NGC2750  "
361	S	"NGC2735"	135.66098	25.934587	0	0	0	2450	36.5	-23.01	0.17	3.0	0.99	"NGC2735  "
40	E	"NGC2824"	139.759277	26.269999	0	0	0	2758	40.7	-22.93	0.14	-2.0	0.86	"NGC2824  "
376	S	"NGC2893"	142.570618	29.539986	0	0	0	1699	26.9	-21.85	0.1	0.4	0.97	"NGC2893  "
42	E	"NGC2859"	141.077286	34.513378	0	0	0	1690	27.0	-24.13	0.09	-1.2	1.43	"NGC2859  "
833	S	"UGC04559"	131.031708	30.119106	0	0	0	2085	31.7	-22.49	0.27	2.1	1.14	"UGC04559 "
32	E	"NGC2679"	132.887192	30.865419	0	0	0	2027	31.1	-22.81	0.14	-2.0	1.35	"NGC2679  "
365	S	"NGC2770"	137.390091	33.123413	0	0	0	1947	30.2	-22.84	0.1	5.3	1.57	"NGC2770  "
352	S	"NGC2683"	133.172272	33.421799	1	3	0	411	7.5	-23.06	0.14	3.0	1.75	"NGC2683  "
368	S	"NGC2780"	138.18486	34.925514	0	0	0	1979	30.8	-21.59	0.1	2.0	1.27	"NGC2780  "
39	E	"NGC2778"	138.101639	35.027424	1	1	0	2025	22.3	-22.23	0.09	-4.8	1.2	"NGC2778  "
834	S	"UGC04621"	132.549164	35.076431	0	0	0	2306	35.0	-22.31	0.17	1.0	1.16	"UGC04621 "
409	S	"NGC3287"	158.697113	21.648331	0	0	0	1306	22.2	-21.96	0.1	7.6	1.5	"NGC3287  "
57	E	"NGC3301"	159.233459	21.882166	0	0	0	1339	22.8	-23.28	0.1	-0.4	1.3	"NGC3301  "
56	E	"NGC3248"	156.93927	22.84717	0	0	0	1481	24.6	-22.43	0.09	-2.0	1.2	"NGC3248  "
414	S	"NGC3344"	160.879791	24.92222	0	0	0	586	6.8	-21.72	0.14	4.0	1.96	"NGC3344  "
407	S	"NGC3277"	158.231079	28.511728	0	0	0	1408	23.9	-22.98	0.12	1.9	1.33	"NGC3277  "
55	E	"NGC3245"	156.826523	28.507435	1	1	0	1326	20.3	-23.69	0.11	-2.1	1.4	"NGC3245  "
406	S	"NGC3254"	157.333008	29.49144	0	1	0	1355	37.8	-24.09	0.09	4.0	1.62	"NGC3254  "
845	S	"UGC06023"	163.586914	27.239655	0	0	0	1334	23.3	-21.62	0.09	6.6	1.37	"UGC06023 "
63	E	"NGC3414"	162.817673	27.974968	1	1	0	1470	24.5	-23.98	0.11	-2.0	1.38	"NGC3414  "
61	E	"NGC3400"	162.68959	28.468929	0	0	0	1441	24.7	-21.82	0.08	0.7	1.23	"NGC3400  "
420	S	"NGC3380"	162.050644	28.601772	0	0	0	1606	26.7	-22.22	0.11	1.0	1.3	"NGC3380  "
436	S	"NGC3504"	165.796631	27.972435	0	0	0	1534	26.1	-23.82	0.11	2.1	1.39	"NGC3504  "
438	S	"NGC3512"	166.012451	28.036831	0	0	0	1376	24.2	-22.27	0.12	5.1	1.42	"NGC3512  "
433	S	"NGC3486"	165.099777	28.974819	0	0	0	681	8.6	-21.69	0.09	5.2	1.76	"NGC3486  "
425	S	"NGC3424"	162.943008	32.900677	0	0	0	1494	25.4	-22.99	0.1	3.0	1.31	"NGC3424  "
422	S	"NGC3395"	162.458817	32.982838	0	0	0	1625	27.1	-22.22	0.11	5.9	1.39	"NGC3395  "
423	S	"NGC3396"	162.479691	32.990608	0	0	0	1625	27.1	-22.4	0.11	9.4	1.55	"NGC3396  "
426	S	"NGC3430"	163.047562	32.950424	0	0	0	1586	26.6	-23.24	0.1	5.1	1.58	"NGC3430  "
47	E	"NGC3032"	148.034119	29.236279	1	2	0	1562	21.4	-22.01	0.07	-1.9	1.12	"NGC3032  "
392	S	"NGC3067"	149.587738	32.369991	0	0	0	1476	24.4	-23.04	0.06	2.1	1.39	"NGC3067  "
421	S	"NGC3381"	162.103439	34.71125	0	0	0	1629	27.1	-21.86	0.09	2.9	1.4	"NGC3381  "
410	S	"NGC3294"	159.06778	37.324589	0	1	0	1586	29.5	-23.97	0.08	5.1	1.61	"NGC3294  "
86	E	"NGC3694"	172.225571	35.413857	0	0	0	2243	35.2	-22.35	0.1	-5.0	1.02	"NGC3694  "
847	S	"UGC06517"	173.01004	36.698124	0	0	0	2491	38.5	-21.82	0.12	3.7	1.28	"UGC06517 "
455	S	"NGC3652"	170.662735	37.765038	0	0	0	1997	32.1	-22.08	0.09	5.8	1.31	"NGC3652  "
83	E	"NGC3658"	170.992706	38.562424	0	0	0	2039	32.7	-23.45	0.09	-2.2	1.28	"NGC3658  "
84	E	"NGC3665"	171.181793	38.762791	0	0	0	2069	33.1	-24.92	0.08	-2.1	1.49	"NGC3665  "
474	S	"NGC3755"	174.139008	36.410301	0	0	0	1570	27.0	-21.57	0.11	5.2	1.41	"NGC3755  "
267	S	"IC0750"	179.717606	42.722404	0	1	0	701	36.8	-24.71	0.09	2.1	1.24	"IC0750   "
498	S	"NGC4013"	179.630905	43.947021	0	0	0	831	15.0	-23.25	0.07	3.0	1.67	"NGC4013  "
82	E	"NGC3648"	170.631195	39.876972	0	0	0	1970	31.9	-23.06	0.09	-2.0	1.12	"NGC3648  "
490	S	"NGC3938"	178.206055	44.120731	0	0	0	809	14.5	-23.0	0.09	5.1	1.86	"NGC3938  "
497	S	"NGC4010"	179.658295	47.261311	0	0	0	902	16.9	-21.56	0.1	6.9	1.45	"NGC4010  "
460	S	"NGC3675"	171.535767	43.585918	0	2	0	770	20.9	-24.75	0.09	3.0	1.76	"NGC3675  "
446	S	"NGC3614"	169.589142	45.748291	0	0	0	2333	36.7	-23.19	0.06	5.2	1.69	"NGC3614  "
472	S	"NGC3726"	173.338226	47.029091	0	7	0	866	14.7	-23.07	0.07	5.1	1.96	"NGC3726  "
483	S	"NGC3877"	176.532425	47.494499	0	0	0	895	16.8	-23.39	0.1	5.1	1.64	"NGC3877  "
491	S	"NGC3949"	178.42395	47.858784	0	5	0	800	18.9	-22.79	0.09	4.0	1.52	"NGC3949  "
476	S	"NGC3769"	174.433777	47.893093	0	4	0	737	17.2	-21.99	0.1	3.4	1.46	"NGC3769  "
485	S	"NGC3893"	177.159195	48.710789	0	5	0	967	20.2	-23.64	0.09	5.2	1.69	"NGC3893  "
93	E	"NGC4026"	179.85495	50.961689	1	2	0	985	13.2	-23.03	0.09	-1.8	1.31	"NGC4026  "
70	E	"NGC3595"	168.856461	47.447147	0	0	0	2177	34.7	-23.28	0.09	-3.3	1.15	"NGC3595  "
443	S	"NGC3583"	168.545746	48.318378	0	1	0	2136	31.6	-24.13	0.06	3.1	1.45	"NGC3583  "
489	S	"NGC3917"	177.689529	51.824211	0	4	0	965	16.4	-22.21	0.09	5.8	1.73	"NGC3917  "
492	S	"NGC3953"	178.454285	52.326542	0	7	0	1052	17.8	-24.22	0.13	4.0	1.89	"NGC3953  "
496	S	"NGC3992"	179.399933	53.374519	0	5	0	1048	20.7	-24.65	0.13	4.0	2.0	"NGC3992  "
381	S	"NGC2964"	145.726044	31.847214	0	0	0	1328	22.2	-23.38	0.08	4.0	1.5	"NGC2964  "
384	S	"NGC2968"	145.800049	31.928837	0	0	0	1566	25.4	-23.6	0.08	1.9	1.35	"NGC2968  "
386	S	"NGC3021"	147.737976	33.553467	0	2	0	1541	31.5	-23.32	0.06	4.0	1.31	"NGC3021  "
385	S	"NGC3003"	147.150208	33.42149	0	0	0	1478	24.4	-22.46	0.06	4.3	1.65	"NGC3003  "
400	S	"NGC3184"	154.57077	41.424381	0	2	0	592	11.3	-23.05	0.07	6.0	2.09	"NGC3184  "
2	E	"IC0598"	153.202423	43.145546	0	0	0	2256	35.3	-22.6	0.06	-0.1	1.02	"IC0598   "
403	S	"NGC3198"	154.979126	45.54969	0	19	0	663	14.5	-23.03	0.05	5.2	1.89	"NGC3198  "
286	S	"IC2461"	139.991791	37.191048	0	0	0	2260	34.7	-22.65	0.05	3.2	1.07	"IC2461   "
41	E	"NGC2852"	140.810684	40.163879	0	0	0	1781	28.5	-22.18	0.06	1.0	0.85	"NGC2852  "
373	S	"NGC2844"	140.450104	40.151218	0	0	0	1486	24.6	-22.06	0.08	0.6	1.08	"NGC2844  "
369	S	"NGC2782"	138.521332	40.1138	0	0	0	2543	38.6	-24.07	0.07	1.1	1.39	"NGC2782  "
370	S	"NGC2785"	138.813858	40.917648	0	0	0	2622	39.7	-23.58	0.08	9.9	1.07	"NGC2785  "
371	S	"NGC2798"	139.345642	41.99971	0	0	0	1726	27.8	-23.2	0.09	1.1	1.13	"NGC2798  "
837	S	"UGC04982"	140.762833	44.554878	0	0	0	2658	40.4	-22.21	0.09	8.0	1.15	"UGC04982 "
809	S	"PGC026857"	141.978348	44.506252	0	0	0	2670	40.6	-21.52	0.1	0.0	1.09	"PGC026857"
367	S	"NGC2776"	138.060547	44.954895	0	0	0	2626	40.0	-23.88	0.06	5.2	1.53	"NGC2776  "
412	S	"NGC3320"	159.902176	47.397964	0	0	0	2331	36.5	-22.72	0.09	5.8	1.31	"NGC3320  "
452	S	"NGC3631"	170.262268	53.16943	0	1	0	1156	24.3	-23.95	0.07	5.2	1.96	"NGC3631  "
495	S	"NGC3982"	179.117371	55.125362	0	23	0	1109	21.3	-22.8	0.06	3.2	1.43	"NGC3982  "
493	S	"NGC3972"	178.937988	55.320671	0	4	0	852	22.0	-22.08	0.06	4.0	1.5	"NGC3972  "
92	E	"NGC3998"	179.484039	55.453564	1	2	0	1048	13.7	-23.33	0.07	-2.1	1.3	"NGC3998  "
471	S	"NGC3718"	173.145584	53.067829	0	0	0	993	18.8	-23.61	0.06	1.0	1.74	"NGC3718  "
473	S	"NGC3729"	173.455505	53.125496	0	5	0	1060	20.9	-22.88	0.05	1.2	1.66	"NGC3729  "
475	S	"NGC3756"	174.19989	54.293682	0	0	0	1318	23.6	-23.09	0.05	4.0	1.69	"NGC3756  "
484	S	"NGC3888"	176.893051	55.967258	0	1	0	2408	41.5	-23.84	0.05	5.3	1.32	"NGC3888  "
486	S	"NGC3898"	177.314041	56.084351	0	0	0	1176	21.7	-24.03	0.09	1.7	1.5	"NGC3898  "
442	S	"NGC3556"	167.879028	55.674122	0	2	0	699	11.9	-23.34	0.07	6.0	1.94	"NGC3556  "
463	S	"NGC3683"	171.882874	56.876709	0	1	0	1716	33.3	-23.95	0.07	5.0	1.15	"NGC3683  "
85	E	"NGC3674"	171.61087	57.04829	0	0	0	2055	33.4	-23.23	0.06	-1.9	1.05	"NGC3674  "
477	S	"NGC3780"	174.843216	56.270725	0	0	0	2399	38.0	-23.86	0.06	5.2	1.63	"NGC3780  "
464	S	"NGC3683A"	172.298859	57.132183	0	0	0	2427	38.3	-23.3	0.06	5.1	1.51	"NGC3683A "
89	E	"NGC3838"	176.057205	57.948101	0	0	0	1308	23.5	-22.52	0.05	0.0	1.04	"NGC3838  "
411	S	"NGC3310"	159.691071	53.503304	0	2	0	993	20.2	-22.92	0.1	4.0	1.2	"NGC3310  "
430	S	"NGC3448"	163.663498	54.305229	0	0	0	1350	23.8	-22.42	0.05	0.2	1.44	"NGC3448  "
843	S	"UGC05720"	158.133148	54.400982	0	0	0	1430	24.8	-21.55	0.05	9.9	1.05	"UGC05720 "
429	S	"NGC3445"	163.647781	56.990685	0	0	0	2069	33.4	-22.01	0.03	8.9	1.49	"NGC3445  "
842	S	"UGC05459"	152.041962	53.083481	0	0	0	1112	20.2	-21.88	0.03	5.2	1.51	"UGC05459 "
67	E	"NGC3499"	165.79628	56.221664	0	0	0	1535	26.4	-21.88	0.04	0.0	0.94	"NGC3499  "
459	S	"NGC3669"	171.361725	57.721165	0	0	0	1940	31.8	-21.94	0.07	6.8	1.38	"NGC3669  "
448	S	"NGC3625"	170.130234	57.781326	0	0	0	1940	31.8	-21.57	0.06	3.0	1.24	"NGC3625  "
77	E	"NGC3619"	169.840088	57.757683	0	0	0	1560	26.8	-23.57	0.08	-0.9	1.42	"NGC3619  "
76	E	"NGC3613"	169.650543	57.999924	1	3	0	2051	28.3	-24.26	0.05	-4.7	1.42	"NGC3613  "
69	E	"NGC3530"	167.168411	57.23016	0	0	0	1894	31.2	-22.0	0.04	0.0	0.87	"NGC3530  "
65	E	"NGC3458"	164.006042	57.11697	0	0	0	1877	30.9	-23.12	0.04	-2.0	1.06	"NGC3458  "
75	E	"NGC3610"	169.605316	58.786247	1	4	0	1707	20.8	-23.69	0.04	-4.2	1.2	"NGC3610  "
454	S	"NGC3642"	170.575058	59.074242	0	0	0	1588	27.2	-23.2	0.05	4.0	1.63	"NGC3642  "
87	E	"NGC3757"	174.261765	58.415649	0	0	0	1245	22.6	-22.15	0.06	-2.0	0.95	"NGC3757  "
88	E	"NGC3796"	175.129776	60.298958	0	0	0	1250	22.7	-21.84	0.06	0.0	1.06	"NGC3796  "
482	S	"NGC3835"	176.020309	60.119682	0	0	0	2466	39.0	-23.41	0.08	2.0	1.26	"NGC3835  "
91	E	"NGC3945"	178.30719	60.67556	0	0	0	1281	23.2	-24.31	0.12	-1.2	1.45	"NGC3945  "
431	S	"NGC3471"	164.787567	61.530453	0	0	0	2109	34.1	-23.08	0.05	1.0	1.26	"NGC3471  "
345	S	"NGC2365"	110.593948	22.08326	0	1	0	2278	40.9	-24.07	0.25	1.0	1.45	"NGC2365  "
254	E	"UGC03960"	115.094856	23.275089	0	0	0	2255	33.2	-21.89	0.2	-4.9	1.24	"UGC03960 "
344	S	"NGC2357"	109.420753	23.356743	0	0	0	2275	33.4	-23.01	0.29	5.8	1.35	"NGC2357  "
830	S	"UGC04306"	124.403191	35.445976	0	0	0	2400	36.1	-22.48	0.3	1.5	0.97	"UGC04306 "
347	S	"NGC2543"	123.241478	36.254509	0	0	0	2471	37.1	-23.44	0.3	3.0	1.39	"NGC2543  "
343	S	"NGC2344"	108.119598	47.166794	0	0	0	974	17.2	-21.95	0.45	4.4	1.51	"NGC2344  "
342	S	"NGC2273A"	100.029358	60.080662	0	0	0	2100	33.2	-22.24	0.35	5.9	1.57	"UGC 3504 "
341	S	"NGC2273"	102.536095	60.845695	0	1	0	1840	31.6	-24.04	0.3	1.0	1.42	"NGC2273  "
284	S	"IC2166"	96.731789	59.080109	0	0	0	2692	41.1	-23.81	0.44	4.7	1.59	"IC2166   "
357	S	"NGC2712"	134.876907	44.914001	0	0	0	1815	29.0	-23.22	0.09	3.1	1.48	"NGC2712  "
255	E	"UGC04551"	131.024582	49.793968	0	0	0	1728	28.0	-22.92	0.1	-2.0	1.03	"UGC04551 "
835	S	"UGC04824"	137.889893	51.254295	0	0	0	2184	34.3	-21.52	0.08	6.4	1.26	"UGC04824 "
351	S	"NGC2681"	133.386414	51.313709	1	1	0	692	16.7	-23.68	0.1	0.4	1.55	"NGC2681  "
355	S	"NGC2701"	134.773834	53.771755	0	0	0	2326	36.3	-23.13	0.08	5.3	1.5	"NGC2701  "
838	S	"UGC05049"	142.230713	49.238419	0	0	0	2723	41.6	-22.24	0.06	5.9	1.16	"UGC05049 "
374	S	"NGC2856"	141.066696	49.2491	0	0	0	2638	40.4	-23.33	0.08	4.1	1.15	"NGC2856  "
372	S	"NGC2841"	140.511063	50.976479	0	6	0	638	14.5	-24.75	0.07	3.0	1.9	"NGC2841  "
836	S	"UGC04906"	139.416351	52.99276	0	0	0	2304	36.0	-23.38	0.06	1.1	1.24	"UGC04906 "
44	E	"NGC2950"	145.646317	58.851219	1	1	0	1322	14.5	-22.93	0.07	-2.0	1.19	"NGC2950  "
28	E	"NGC2549"	124.743111	57.803108	1	1	0	1051	12.3	-22.43	0.28	-2.0	1.28	"NGC2549  "
356	S	"NGC2710"	134.951416	55.70644	0	0	0	2526	39.1	-22.52	0.1	3.0	1.31	"NGC2710  "
33	E	"NGC2685"	133.894791	58.734409	0	0	0	875	16.7	-22.78	0.27	-1.0	1.41	"NGC2685  "
38	E	"NGC2768"	137.906265	60.037209	1	5	0	1353	21.8	-24.71	0.2	-4.4	1.8	"NGC2768  "
359	S	"NGC2726"	136.236908	59.932968	0	0	0	1518	25.7	-22.28	0.16	1.0	1.25	"NGC2726  "
362	S	"NGC2742"	136.889694	60.47929	0	0	0	1289	22.6	-22.98	0.17	5.3	1.65	"NGC2742  "
350	S	"NGC2654"	132.299469	60.221119	0	0	0	1347	23.4	-23.4	0.28	2.0	1.42	"NGC2654  "
48	E	"NGC3073"	150.216843	55.618935	1	1	0	1173	32.8	-21.78	0.05	-2.8	1.13	"NGC3073  "
393	S	"NGC3079"	150.491348	55.68	0	0	0	1116	20.3	-24.28	0.05	6.7	1.62	"NGC3079  "
51	E	"NGC3182"	154.887558	58.205818	0	0	0	2118	34.0	-23.19	0.05	0.4	1.32	"NGC3182  "
256	E	"UGC05408"	150.966095	59.436138	0	0	0	2998	45.8	-22.03	0.06	-3.3	0.84	"UGC05408 "
417	S	"NGC3359"	161.653519	63.22364	0	1	0	1014	13.0	-21.95	0.04	5.2	1.88	"NGC3359  "
43	E	"NGC2880"	142.394241	62.49062	1	1	0	1554	21.3	-22.98	0.14	-2.7	1.32	"NGC2880  "
346	S	"NGC2460"	119.217789	60.349377	0	1	0	1442	40.2	-24.51	0.31	1.9	1.28	"NGC2460  "
828	S	"UGC03685"	107.274811	61.59552	0	0	0	1797	29.2	-22.88	0.25	3.0	1.55	"UGC03685 "
215	E	"NGC5831"	226.029266	1.219917	1	3	0	1645	26.4	-23.69	0.25	-4.8	1.4	"NGC5831  "
214	E	"NGC5813"	225.296936	1.70197	1	4	0	1956	31.3	-25.09	0.25	-4.8	1.76	"NGC5813  "
733	S	"NGC5806"	225.001801	1.891267	0	1	0	1359	21.4	-23.22	0.22	3.2	1.5	"NGC5806  "
219	E	"NGC5846"	226.621887	1.605637	1	6	0	1712	24.2	-25.01	0.24	-4.7	1.77	"NGC5846  "
218	E	"NGC5845"	226.503281	1.633824	1	2	0	1472	25.2	-22.92	0.23	-4.9	0.8	"NGC5845  "
217	E	"NGC5839"	226.364471	1.634633	1	1	0	1220	22.0	-22.53	0.23	-2.0	1.22	"NGC5839  "
734	S	"NGC5850"	226.781982	1.54428	0	0	0	2556	37.9	-24.81	0.24	3.1	1.83	"NGC5850  "
216	E	"NGC5838"	226.359467	2.099356	0	0	0	1341	21.8	-24.13	0.23	-2.6	1.4	"NGC5838  "
220	E	"NGC5854"	226.948853	2.56856	0	0	0	1663	26.2	-23.3	0.23	-1.1	1.26	"NGC5854  "
274	S	"IC1066"	223.26178	3.295883	0	0	0	1577	25.3	-21.55	0.21	4.9	1.25	"IC1066   "
221	E	"NGC5864"	227.389786	3.052741	0	0	0	1874	29.0	-23.62	0.19	-1.7	1.35	"NGC5864  "
275	S	"IC1067"	223.271805	3.331717	0	0	0	1577	25.3	-22.18	0.21	3.0	1.28	"IC1067   "
729	S	"NGC5775"	223.490219	3.544473	0	0	0	1681	26.6	-24.38	0.18	5.2	1.52	"NGC5775  "
213	E	"NGC5770"	223.312653	3.959721	1	1	0	1471	18.5	-22.15	0.17	-2.0	1.23	"NGC5770  "
273	S	"IC1048"	220.74115	4.890127	0	0	0	1636	26.2	-22.56	0.16	3.0	1.31	"IC1048   "
741	S	"NGC5921"	230.485672	5.07054	0	0	0	1480	23.9	-23.81	0.17	4.0	1.75	"NGC5921  "
748	S	"NGC5956"	233.743774	11.750359	0	0	0	1899	29.8	-22.52	0.21	5.9	1.16	"NGC5956  "
720	S	"NGC5701"	219.796005	5.363602	0	0	0	1505	24.6	-23.83	0.16	-0.4	1.63	"NGC5701  "
709	S	"NGC5661"	217.989166	6.250472	0	0	0	2354	35.6	-21.56	0.14	3.2	1.12	"NGC5661  "
707	S	"NGC5645"	217.664169	7.275004	0	0	0	1370	23.1	-22.14	0.12	6.6	1.58	"NGC5645  "
710	S	"NGC5665"	218.107483	8.078453	0	0	0	2228	34.1	-23.19	0.11	5.0	1.47	"NGC5665  "
711	S	"NGC5666"	218.288239	10.510788	0	0	0	2221	34.1	-22.5	0.12	0.0	0.98	"NGC5666  "
753	S	"NGC5970"	234.624924	12.186608	0	1	0	1957	29.5	-23.55	0.18	5.0	1.43	"NGC5970  "
749	S	"NGC5957"	233.846832	12.047511	0	0	0	1827	28.9	-22.82	0.19	3.0	1.5	"NGC5957  "
756	S	"NGC6012"	238.558105	14.60124	0	0	0	1854	29.3	-22.81	0.16	1.7	1.48	"NGC6012  "
745	S	"NGC5951"	233.429459	15.007294	0	0	0	1780	28.5	-22.24	0.21	5.2	1.51	"NGC5951  "
747	S	"NGC5954"	233.645833	15.2	0	0	0	1959	30.8	-22.46	0.21	6.0	1.29	"NGC5954  "
746	S	"NGC5953"	233.63501	15.193833	0	0	0	1965	30.9	-23.31	0.21	0.2	1.2	"NGC5953  "
752	S	"NGC5962"	234.131851	16.607893	0	0	0	1957	30.9	-23.93	0.23	5.1	1.45	"NGC5962  "
277	S	"IC1151"	239.634705	17.441553	0	0	0	2169	33.7	-22.24	0.16	5.2	1.35	"IC1151   "
227	E	"NGC6149"	246.851151	19.59729	0	0	0	2427	37.2	-22.6	0.3	-1.9	1.03	"NGC6149  "
863	S	"UGC10043"	237.171616	21.869387	0	0	0	2161	33.8	-22.26	0.25	4.1	1.09	"UGC10043 "
291	S	"IC4582"	236.414215	28.088715	0	0	0	2145	34.0	-22.09	0.13	4.1	0.97	"IC4582   "
701	S	"NGC5587"	215.544739	13.917938	0	0	0	2303	35.4	-23.07	0.1	-0.1	1.27	"NGC5587  "
702	S	"NGC5600"	215.956421	14.638736	0	0	0	2319	35.7	-23.36	0.09	4.8	1.28	"NGC5600  "
691	S	"NGC5492"	212.646622	19.612354	0	0	0	2271	35.3	-22.57	0.17	3.0	1.08	"NGC5492  "
695	S	"NGC5523"	213.717957	25.317614	0	0	0	1039	18.9	-21.65	0.08	5.8	1.5	"NGC5523  "
750	S	"NGC5958"	233.704681	28.655119	0	0	0	2007	32.2	-22.14	0.11	4.6	1.29	"NGC5958  "
751	S	"NGC5961"	233.818588	30.86409	0	0	0	1828	29.9	-21.67	0.12	2.5	1.05	"NGC5961  "
260	E	"UGC09519"	221.588028	34.370651	0	0	0	1631	27.6	-21.98	0.09	-1.9	0.87	"UGC09519 "
763	S	"NGC6168"	247.83875	20.185	0	0	0	2519	38.5	-22.31	0.27	8.1	1.22	"NGC6168  "
765	S	"NGC6207"	250.765625	36.832424	0	3	0	852	21.4	-22.53	0.07	4.9	1.4	"NGC6207  "
766	S	"NGC6339"	259.2771	40.844959	0	0	0	2108	33.9	-21.69	0.13	6.4	1.38	"NGC6339  "
279	S	"IC1265"	264.164398	42.088383	0	0	0	2169	34.7	-21.71	0.14	2.0	1.26	"IC1265   "
861	S	"UGC09858"	231.672836	40.5644	0	0	0	2621	40.9	-23.14	0.07	4.0	1.24	"UGC09858 "
744	S	"NGC5950"	232.878433	40.430145	0	0	0	2597	40.5	-22.03	0.12	3.1	1.33	"NGC5950  "
742	S	"NGC5930"	231.533279	41.67609	0	0	0	2616	40.8	-24.13	0.1	2.3	1.44	"NGC5930  "
737	S	"NGC5899"	228.76355	42.049854	0	0	0	2562	40.1	-24.45	0.15	5.3	1.49	"NGC5899  "
738	S	"NGC5900"	228.770905	42.209854	0	0	0	2511	39.5	-23.56	0.11	3.0	1.05	"NGC5900  "
762	S	"NGC6155"	246.534607	48.36692	0	0	0	2418	38.4	-22.96	0.06	5.4	1.35	"NGC6155  "
650	S	"NGC5016"	198.027863	24.095051	0	0	0	2612	39.9	-23.29	0.06	4.4	1.39	"NGC5016  "
682	S	"NGC5375"	209.233276	29.164293	0	0	0	2386	37.3	-23.62	0.09	2.4	1.45	"NGC5375  "
674	S	"NGC5347"	208.324387	33.490761	0	0	0	2335	36.8	-23.19	0.09	2.0	1.43	"NGC5347  "
646	S	"NGC4961"	196.448227	27.73411	0	0	0	2535	39.1	-22.12	0.05	5.6	1.21	"NGC4961  "
654	S	"NGC5117"	200.73526	28.316532	0	0	0	2382	37.2	-21.52	0.07	5.7	1.35	"NGC5117  "
653	S	"NGC5089"	199.913742	30.256323	0	0	0	2141	34.2	-21.81	0.05	3.9	1.26	"NGC5089  "
635	S	"NGC4793"	193.669174	28.938766	0	0	0	2484	38.5	-24.04	0.05	5.1	1.51	"NGC4793  "
856	S	"UGC08693"	206.118393	35.192299	0	0	0	2438	38.2	-21.55	0.05	4.4	1.18	"UGC08693 "
189	E	"NGC5273"	205.534943	35.65424	1	2	0	1085	16.1	-22.37	0.04	-1.9	1.57	"NGC5273  "
659	S	"NGC5240"	203.980103	35.588268	0	0	0	2234	35.5	-22.08	0.06	5.8	1.37	"NGC5240  "
649	S	"NGC5014"	197.87999	36.28212	0	0	0	1126	21.4	-21.54	0.03	1.4	1.09	"NGC5014  "
651	S	"NGC5033"	198.364731	36.593651	0	3	0	875	17.6	-24.28	0.05	5.1	1.79	"NGC5033  "
209	E	"NGC5611"	216.019897	33.047501	1	1	0	1968	24.5	-22.2	0.05	-1.9	1.0	"NGC5611  "
205	E	"NGC5557"	214.607117	36.49369	0	3	0	3219	38.8	-24.87	0.03	-4.8	1.46	"NGC5557  "
208	E	"NGC5582"	215.179703	39.693584	1	3	0	1430	27.7	-23.28	0.06	-4.9	1.44	"NGC5582  "
705	S	"NGC5630"	216.90242	41.257816	0	0	0	2655	41.3	-22.24	0.05	8.0	1.29	"NGC5630  "
724	S	"NGC5730"	219.967453	42.74234	0	0	0	2533	39.8	-22.0	0.07	9.6	1.23	"NGC5730  "
247	E	"PGC051753"	217.310318	44.699104	0	0	0	2418	38.3	-21.92	0.05	0.0	1.01	"PGC051753"
722	S	"NGC5714"	219.548096	46.638359	0	0	0	2237	35.9	-22.81	0.06	5.8	1.29	"NGC5714  "
666	S	"NGC5303"	206.937347	38.304531	0	0	0	1419	25.3	-21.79	0.06	4.8	1.13	"NGC5303  "
673	S	"NGC5346"	208.257996	39.580524	0	0	0	2519	39.4	-21.81	0.06	5.8	1.35	"NGC5346  "
670	S	"NGC5326"	207.711304	39.574913	0	0	0	2520	39.4	-24.1	0.07	1.0	1.22	"NGC5326  "
290	S	"IC4336"	207.680878	39.706844	0	0	0	2530	39.6	-22.37	0.08	3.0	1.36	"IC4336   "
193	E	"NGC5353"	208.36142	40.283123	0	0	0	2198	35.2	-25.11	0.05	-2.1	1.3	"NGC5353  "
675	S	"NGC5350"	208.339935	40.363956	0	0	0	2321	36.8	-24.21	0.05	3.6	1.55	"NGC5350  "
195	E	"NGC5358"	208.501801	40.27742	0	0	0	2412	38.0	-22.01	0.04	-0.2	1.05	"NGC5358  "
194	E	"NGC5355"	208.43985	40.338795	0	0	0	2344	37.1	-22.4	0.05	-2.1	1.06	"NGC5355  "
680	S	"NGC5371"	208.916763	40.461769	0	2	0	2558	31.4	-24.88	0.04	4.0	1.84	"NGC5371  "
667	S	"NGC5311"	207.233582	39.985245	0	0	0	2698	41.8	-23.86	0.06	-0.1	1.25	"NGC5311  "
668	S	"NGC5313"	207.434814	39.984604	0	0	0	2538	39.7	-24.18	0.04	3.0	1.37	"NGC5313  "
813	S	"PGC049142"	207.672974	40.279335	0	0	0	2318	36.8	-21.52	0.03	0.0	1.05	"PGC049142"
677	S	"NGC5362"	208.722076	41.313534	0	0	0	2175	35.0	-22.74	0.03	3.3	1.39	"NGC5362  "
684	S	"NGC5383"	209.270752	41.846001	0	0	0	2270	36.2	-24.26	0.03	3.1	1.65	"NGC5383  "
669	S	"NGC5320"	207.584915	41.366344	0	0	0	2619	40.8	-23.33	0.03	5.2	1.45	"NGC5320  "
812	S	"PGC049002"	207.18808	41.709625	0	0	0	2695	41.8	-21.69	0.04	0.0	0.91	"PGC049002"
661	S	"NGC5289"	206.286118	41.503304	0	0	0	2526	39.6	-23.25	0.04	2.0	1.03	"NGC5289  "
662	S	"NGC5290"	206.329712	41.712337	0	0	0	2573	40.2	-24.59	0.03	4.0	1.36	"NGC5290  "
853	S	"UGC08603"	204.14035	44.599228	0	0	0	2601	40.6	-22.12	0.07	2.0	0.87	"UGC08603 "
857	S	"UGC08756"	207.649658	42.541439	0	0	0	1354	24.4	-21.6	0.06	1.3	1.03	"UGC08756 "
672	S	"NGC5336"	208.040604	43.242783	0	0	0	2336	37.1	-22.05	0.07	5.9	1.28	"NGC5336  "
663	S	"NGC5297"	206.598724	43.87204	0	0	0	2409	38.1	-24.02	0.06	4.9	1.54	"NGC5297  "
665	S	"NGC5301"	206.602539	46.107407	0	0	0	1503	26.4	-23.0	0.08	4.7	1.38	"NGC5301  "
706	S	"NGC5633"	216.868271	46.146549	0	0	0	2334	37.2	-23.27	0.07	3.2	1.23	"NGC5633  "
203	E	"NGC5500"	212.563522	48.546066	0	0	0	1914	31.7	-21.93	0.09	-4.9	1.18	"NGC5500  "
703	S	"NGC5602"	215.578476	50.501423	0	0	0	2230	35.9	-23.19	0.09	1.0	1.21	"NGC5602  "
259	E	"UGC08876"	209.241943	45.973179	0	0	0	2085	33.9	-22.37	0.04	-0.1	0.93	"UGC08876 "
683	S	"NGC5377"	209.069458	47.235565	0	1	0	1793	31.0	-24.1	0.07	1.0	1.51	"NGC5377  "
686	S	"NGC5425"	210.198639	48.44384	0	0	0	2074	33.8	-21.68	0.08	6.6	1.36	"NGC5425  "
688	S	"NGC5448"	210.708633	49.172646	0	1	0	2023	34.8	-23.92	0.06	1.4	1.72	"NGC5448  "
200	E	"NGC5481"	211.671722	50.72332	0	2	0	1989	25.8	-22.68	0.08	-3.9	1.35	"NGC5481  "
690	S	"NGC5480"	211.589676	50.724998	0	0	0	1856	31.0	-23.0	0.08	4.9	1.5	"NGC5480  "
694	S	"NGC5520"	213.09491	50.348434	0	0	0	1877	31.2	-22.51	0.08	3.1	1.08	"NGC5520  "
612	S	"NGC4631"	190.533371	32.541512	0	3	0	606	7.1	-22.8	0.07	6.5	2.03	"NGC4631  "
647	S	"NGC5005"	197.734634	37.058941	0	3	0	946	14.1	-24.31	0.06	4.0	1.63	"NGC5005  "
652	S	"NGC5055"	198.955536	42.029289	0	2	0	504	10.1	-24.43	0.08	4.0	2.02	"NGC5055  "
186	E	"NGC5103"	200.125229	43.084015	0	0	0	1273	23.4	-22.36	0.08	0.0	1.02	"NGC5103  "
628	S	"NGC4736"	192.721451	41.120152	1	4	0	308	5.1	-23.42	0.08	2.4	1.66	"NGC4736  "
637	S	"NGC4800"	193.657394	46.531139	0	1	0	891	29.8	-24.08	0.07	3.0	1.31	"NGC4800  "
558	S	"NGC4369"	186.150848	39.38298	0	0	0	1045	19.7	-22.57	0.11	1.0	1.36	"NGC4369  "
585	S	"NGC4490"	187.651535	41.643631	0	2	0	565	6.9	-21.85	0.09	7.0	1.77	"NGC4490  "
514	S	"NGC4151"	182.636078	39.405762	0	0	0	995	18.5	-23.96	0.12	2.0	1.43	"NGC4151  "
513	S	"NGC4145"	182.506348	39.883862	0	0	0	1016	19.0	-22.92	0.12	6.9	1.99	"NGC4145  "
98	E	"NGC4143"	182.40036	42.534218	1	2	0	946	15.5	-23.1	0.05	-1.9	1.39	"NGC4143  "
96	E	"NGC4111"	181.763031	43.065392	1	1	0	792	14.6	-23.27	0.06	-1.4	1.08	"NGC4111  "
512	S	"NGC4138"	182.374115	43.685318	1	5	0	888	13.4	-22.44	0.06	-0.9	1.37	"NGC4138  "
502	S	"NGC4051"	180.790359	44.531261	0	5	0	700	14.9	-23.2	0.06	4.0	1.91	"NGC4051  "
566	S	"NGC4389"	186.39624	45.684669	0	4	0	718	16.4	-21.95	0.06	4.1	1.52	"NGC4389  "
537	S	"NGC4258"	184.740082	47.303719	1	31	0	448	7.1	-23.79	0.07	4.0	2.11	"NGC4258  "
529	S	"NGC4217"	183.962082	47.091789	0	4	0	1027	18.0	-23.7	0.08	3.0	1.71	"NGC4217  "
123	E	"NGC4346"	185.866425	46.993881	1	1	0	832	13.9	-22.55	0.05	-2.0	1.29	"NGC4346  "
530	S	"NGC4220"	184.048889	47.883354	0	0	0	914	17.3	-23.07	0.08	-0.3	1.47	"NGC4220  "
508	S	"NGC4096"	181.504837	47.478359	0	0	0	566	9.6	-22.12	0.08	5.3	1.77	"NGC4096  "
509	S	"NGC4100"	181.535843	49.58231	0	7	0	1074	19.6	-23.44	0.1	4.1	1.65	"NGC4100  "
506	S	"NGC4085"	181.344604	50.352749	0	4	0	746	21.0	-22.5	0.08	5.3	1.34	"NGC4085  "
507	S	"NGC4088"	181.392456	50.539028	0	6	0	757	14.4	-23.31	0.09	4.7	1.76	"NGC4088  "
515	S	"NGC4157"	182.768188	50.48468	0	0	0	774	14.7	-23.48	0.09	3.3	1.58	"NGC4157  "
510	S	"NGC4102"	181.596313	52.710949	0	4	0	846	21.1	-23.91	0.09	3.1	1.25	"NGC4102  "
811	S	"PGC047559"	202.907074	46.150974	0	0	0	2635	41.1	-22.32	0.07	0.0	1.14	"PGC047559"
187	E	"NGC5173"	202.105301	46.591572	0	0	0	2424	38.4	-22.88	0.12	-4.9	1.01	"NGC5173  "
655	S	"NGC5169"	202.041809	46.672138	0	0	0	2436	38.5	-21.86	0.16	4.1	1.4	"NGC5169  "
188	E	"NGC5198"	202.547546	46.67083	0	0	0	2519	39.6	-24.1	0.1	-4.8	1.38	"NGC5198  "
656	S	"NGC5194"	202.469574	47.195259	0	8	0	463	7.6	-23.93	0.15	4.0	2.12	"NGC5194  "
657	S	"NGC5195"	202.498291	47.266129	1	0	0	465	7.4	-23.12	0.15	0.7	1.8	"NGC5195  "
271	S	"IC0902"	204.005051	49.96072	0	0	0	1618	27.9	-21.81	0.05	3.1	1.18	"IC0902   "
854	S	"UGC08658"	205.16629	54.333004	0	0	0	2029	33.3	-21.9	0.07	5.0	1.62	"UGC08658 "
563	S	"NGC4384"	186.300049	54.50613	0	0	0	2513	39.6	-22.61	0.08	1.0	1.31	"NGC4384  "
523	S	"NGC4194"	183.539886	54.526676	0	0	0	2501	39.4	-23.36	0.07	10.0	0.89	"NGC4194  "
639	S	"NGC4814"	193.841431	58.343967	0	0	0	2517	39.8	-23.95	0.04	3.1	1.38	"NGC4814  "
851	S	"UGC08040"	193.681351	58.77652	0	0	0	2515	39.8	-21.92	0.04	4.2	0.99	"UGC08040 "
94	E	"NGC4036"	180.362045	61.895699	0	0	0	1385	24.6	-24.4	0.1	-2.6	1.46	"NGC4036  "
500	S	"NGC4041"	180.55072	62.137287	0	0	0	1234	22.6	-23.36	0.08	4.0	1.35	"NGC4041  "
155	E	"NGC4521"	188.198853	63.939293	0	0	0	2511	39.7	-23.92	0.08	-0.1	1.21	"NGC4521  "
524	S	"NGC4205"	183.731598	63.782757	0	0	0	1417	25.1	-21.57	0.09	0.0	1.23	"NGC4205  "
850	S	"UGC07179"	182.741882	63.91457	0	0	0	2630	41.3	-23.33	0.08	0.0	1.19	"UGC07179 "
859	S	"UGC09703"	226.359467	46.565308	0	0	0	2471	39.1	-21.89	0.09	0.0	1.07	"UGC09703 "
858	S	"UGC09665"	225.385208	48.319904	0	0	0	2558	40.3	-22.77	0.1	4.0	1.11	"UGC09665 "
719	S	"NGC5693"	219.046463	48.58453	0	0	0	2279	36.5	-21.74	0.16	6.9	1.44	"NGC5693  "
732	S	"NGC5795"	224.08284	49.400208	0	0	0	2366	37.7	-22.99	0.08	4.9	1.23	"NGC5795  "
860	S	"UGC09741"	227.139587	52.296146	0	0	0	2498	39.6	-21.65	0.1	3.0	1.16	"UGC09741 "
739	S	"NGC5907"	228.973694	56.32885	0	0	0	667	14.2	-24.0	0.05	5.4	1.98	"NGC5907  "
755	S	"NGC5985"	234.904541	59.331951	0	0	0	2517	40.0	-24.86	0.07	3.0	1.77	"NGC5985  "
754	S	"NGC5981"	234.469437	59.393959	0	0	0	1764	29.8	-23.03	0.11	4.3	1.22	"NGC5981  "
716	S	"NGC5689"	218.873627	48.741493	0	0	0	2160	35.0	-24.33	0.15	0.4	1.27	"NGC5689  "
714	S	"NGC5676"	218.195221	49.457809	0	0	0	2114	34.4	-24.78	0.12	4.7	1.57	"NGC5676  "
708	S	"NGC5660"	217.457504	49.622612	0	0	0	2328	37.2	-23.47	0.09	5.2	1.53	"NGC5660  "
713	S	"NGC5673"	217.878845	49.958813	0	0	0	2082	33.9	-21.58	0.09	5.2	1.35	"NGC5673  "
272	S	"IC1029"	218.113373	49.904766	0	0	0	2383	37.9	-23.95	0.08	3.1	1.22	"IC1029   "
212	E	"NGC5687"	218.718201	54.475685	1	1	0	2143	27.2	-23.22	0.05	-3.0	1.36	"NGC5687  "
689	S	"NGC5457"	210.802429	54.348751	0	28	0	241	7.2	-23.77	0.04	6.0	2.5	"NGC5457  "
246	E	"PGC050395"	211.913544	54.794575	0	0	0	2322	37.2	-21.92	0.05	0.0	1.04	"PGC050395"
201	E	"NGC5485"	211.797134	55.001518	1	3	0	1927	25.2	-23.61	0.07	-2.0	1.45	"NGC5485  "
198	E	"NGC5473"	211.180176	54.89262	0	0	0	2022	33.2	-24.25	0.05	-2.7	1.32	"NGC5473  "
199	E	"NGC5475"	211.301437	55.741802	0	0	0	1671	28.6	-22.88	0.05	1.0	1.22	"NGC5475  "
210	E	"NGC5631"	216.638687	56.582664	1	1	0	1944	27.0	-23.7	0.09	-1.9	1.32	"NGC5631  "
715	S	"NGC5678"	218.02327	57.921436	0	2	0	1922	30.0	-24.11	0.05	3.3	1.54	"NGC5678  "
696	S	"NGC5526"	213.473862	57.771317	0	0	0	2004	33.0	-22.28	0.05	4.1	1.2	"NGC5526  "
712	S	"NGC5667"	217.595367	59.469677	0	0	0	1943	32.2	-22.08	0.04	5.9	1.49	"NGC5667  "
222	E	"NGC5866"	226.623169	55.763309	1	3	0	755	14.9	-24.0	0.06	-1.3	1.56	"NGC5866  "
735	S	"NGC5879"	227.444794	57.00021	0	0	0	772	15.9	-22.22	0.05	3.6	1.36	"NGC5879  "
736	S	"NGC5894"	227.920563	59.808823	0	0	0	2466	39.3	-23.92	0.05	8.0	1.42	"NGC5894  "
730	S	"NGC5777"	222.824158	58.97781	0	0	0	2145	34.9	-23.41	0.05	3.2	1.13	"NGC5777  "
757	S	"NGC6015"	237.855133	62.310032	0	0	0	835	17.1	-22.7	0.05	6.0	1.7	"NGC6015  "
197	E	"NGC5422"	210.175262	55.164478	0	0	0	1838	30.8	-23.69	0.06	-1.5	1.33	"NGC5422  "
687	S	"NGC5443"	210.549271	55.814037	0	0	0	1803	30.3	-23.37	0.06	3.0	1.49	"NGC5443  "
681	S	"NGC5372"	208.691681	58.666393	0	0	0	1717	29.2	-21.69	0.04	0.0	0.98	"NGC5372  "
192	E	"NGC5342"	207.85791	59.863014	0	0	0	2189	35.5	-22.61	0.05	-2.0	0.97	"NGC5342  "
191	E	"NGC5322"	207.313339	60.190411	1	5	0	1780	30.3	-25.26	0.06	-4.8	1.6	"NGC5322  "
196	E	"NGC5379"	208.893112	59.742825	0	0	0	1774	30.0	-22.08	0.08	-2.0	1.32	"NGC5379  "
685	S	"NGC5389"	209.02652	59.741985	0	0	0	1842	30.9	-23.84	0.09	-0.5	1.32	"NGC5389  "
855	S	"UGC08684"	205.566315	60.776775	0	0	0	2195	35.6	-22.08	0.08	6.0	1.39	"UGC08684 "
190	E	"NGC5308"	206.751633	60.973038	0	6	0	1998	31.5	-24.13	0.08	-2.1	1.25	"NGC5308  "
658	S	"NGC5205"	202.515381	62.511528	0	0	0	1766	29.9	-22.62	0.1	3.0	1.41	"NGC5205  "
777	S	"NGC7177"	330.171875	17.738117	0	1	0	1150	20.5	-23.41	0.32	2.5	1.35	"NGC7177  "
779	S	"NGC7241"	333.957825	19.232361	0	0	0	1447	22.8	-22.83	0.23	4.0	1.38	"NGC7241  "
776	S	"NGC7137"	327.054321	22.15958	0	0	0	1686	26.3	-23.29	0.59	5.0	1.44	"NGC7137  "
782	S	"NGC7339"	339.445374	23.786671	0	1	0	1313	17.0	-22.6	0.16	4.0	1.35	"NGC7339  "
234	E	"NGC7332"	339.352173	23.798351	1	1	0	1197	22.4	-23.75	0.16	-1.9	1.24	"NGC7332  "
236	E	"NGC7457"	345.249725	30.144892	1	3	0	844	12.9	-22.38	0.23	-2.6	1.56	"NGC7457  "
778	S	"NGC7217"	331.968201	31.359255	0	0	0	952	16.9	-24.34	0.38	2.5	1.69	"NGC7217  "
781	S	"NGC7331"	339.26709	34.41592	1	22	0	816	12.8	-24.54	0.4	3.9	1.79	"NGC7331  "
772	S	"NGC6675"	279.360321	40.057709	0	0	0	2495	38.9	-23.46	0.3	4.0	1.43	"NGC6675  "
231	E	"NGC6703"	281.828522	45.550648	1	4	0	2373	25.9	-23.85	0.37	-2.8	1.34	"NGC6703  "
774	S	"NGC6764"	287.068115	50.933094	0	1	0	2416	37.4	-23.54	0.29	3.6	1.55	"NGC6764  "
232	E	"NGC6798"	291.013306	53.624752	0	0	0	2360	37.5	-23.52	0.57	-2.0	1.23	"NGC6798  "
773	S	"NGC6757"	286.263977	55.715137	0	0	0	2380	37.8	-22.78	0.31	0.0	1.5	"NGC6757  "
775	S	"NGC6796"	290.378387	61.144833	0	0	0	2189	35.3	-23.58	0.3	4.0	1.28	"NGC6796  "
320	S	"NGC0895"	35.401958	-5.521394	0	1	0	2288	36.6	-23.42	0.11	6.0	1.66	"NGC0895  "
806	S	"PGC009485"	37.381905	-3.212962	0	0	0	2435	33.6	-22.42	0.12	0.0	1.23	"PGC009485"
316	S	"NGC0779"	29.927605	-5.964152	0	2	0	1362	23.0	-23.75	0.12	3.0	1.47	"NGC0779  "
326	S	"NGC1015"	39.548187	-1.318618	0	0	0	2629	36.3	-23.47	0.14	1.0	1.35	"NGC1015  "
21	E	"NGC1121"	42.663387	-1.73404	0	0	0	2558	35.3	-22.7	0.29	-1.8	0.87	"NGC1121  "
332	S	"NGC1087"	41.604889	-0.498703	0	0	0	1517	21.2	-22.96	0.15	5.2	1.64	"NGC1087  "
333	S	"NGC1090"	41.641315	-0.247042	0	0	0	2760	38.2	-23.72	0.14	3.7	1.6	"NGC1090  "
330	S	"NGC1068"	40.66988	-0.01329	0	2	0	1137	19.0	-25.62	0.14	3.0	1.52	"NGC1068  "
328	S	"NGC1055"	40.438469	0.44318	0	2	0	994	22.1	-24.58	0.14	3.1	1.83	"NGC1055  "
323	S	"NGC0955"	37.637962	-1.108482	0	0	0	1487	20.8	-22.85	0.16	2.0	1.18	"NGC0955  "
19	E	"NGC0936"	36.90609	-1.15628	1	4	0	1429	22.4	-24.85	0.15	-1.2	1.72	"NGC0936  "
327	S	"NGC1032"	39.848667	1.093801	0	0	0	2694	37.4	-24.5	0.16	0.4	1.37	"NGC1032  "
331	S	"NGC1073"	40.919159	1.37587	0	0	0	1208	17.2	-22.22	0.17	5.3	1.94	"NGC1073  "
314	S	"NGC0718"	28.305481	4.195917	0	0	0	1733	24.6	-23.23	0.16	1.0	1.37	"NGC0718  "
318	S	"NGC0864"	33.86517	6.00262	0	0	0	1562	22.4	-23.24	0.21	5.1	1.92	"NGC0864  "
8	E	"NGC0448"	18.818876	-1.626105	1	1	0	1908	29.5	-23.02	0.26	-2.5	1.05	"NGC0448  "
296	S	"NGC0428"	18.232122	0.981581	0	0	0	1152	16.7	-21.74	0.12	8.6	1.69	"NGC0428  "
301	S	"NGC0493"	20.537439	0.945335	0	0	0	2338	32.8	-22.32	0.14	5.9	1.5	"NGC0493  "
9	E	"NGC0474"	20.027901	3.41527	0	1	0	2315	30.9	-23.91	0.15	-2.0	1.52	"NGC0474  "
304	S	"NGC0520"	21.14613	3.79241	0	0	0	2281	32.2	-24.17	0.12	0.8	1.57	"NGC0520  "
299	S	"NGC0488"	20.4452	5.25672	0	0	0	2272	32.2	-25.58	0.13	2.9	1.8	"NGC0488  "
298	S	"NGC0485"	20.364977	7.018058	0	0	0	2247	32.0	-21.72	0.26	0.0	1.28	"NGC0485  "
313	S	"NGC0693"	27.628531	6.14521	0	0	0	1567	22.5	-22.56	0.23	0.2	1.21	"NGC0693  "
18	E	"NGC0821"	32.088123	10.99487	1	4	0	1718	23.4	-23.99	0.48	-4.8	1.6	"NGC0821  "
10	E	"NGC0502"	20.731415	9.049169	0	0	0	2524	35.9	-23.05	0.17	-2.0	1.07	"NGC0502  "
306	S	"NGC0532"	21.322283	9.264087	0	0	0	2361	33.7	-23.84	0.4	1.9	1.44	"NGC0532  "
303	S	"NGC0518"	21.073431	9.330955	0	0	0	2725	38.6	-23.17	0.34	1.0	1.25	"NGC0518  "
13	E	"NGC0524"	21.198778	9.538793	1	10	0	2403	23.3	-24.71	0.36	-1.2	1.64	"NGC0524  "
300	S	"NGC0489"	20.474596	9.206488	0	0	0	2507	35.7	-23.22	0.18	0.0	1.03	"NGC0489  "
11	E	"NGC0509"	20.850327	9.433469	0	0	0	2261	32.3	-21.89	0.2	-1.3	1.37	"NGC0509  "
12	E	"NGC0516"	21.033607	9.551668	0	0	0	2437	34.7	-22.21	0.29	-1.5	1.16	"NGC0516  "
14	E	"NGC0525"	21.220442	9.70324	0	0	0	2139	30.7	-21.86	0.38	-2.0	1.06	"NGC0525  "
305	S	"NGC0522"	21.191061	9.994623	0	0	0	2725	38.7	-23.53	0.37	4.1	1.37	"NGC0522  "
302	S	"NGC0514"	21.01627	12.917349	0	1	0	2472	34.4	-23.55	0.17	5.3	1.72	"NGC0514  "
310	S	"NGC0660"	25.75979	13.64568	0	0	0	850	13.5	-23.33	0.28	1.2	1.84	"NGC0660  "
309	S	"NGC0628"	24.174049	15.78346	0	3	0	657	7.2	-22.47	0.3	5.2	2.15	"NGC0628  "
297	S	"NGC0473"	19.979469	16.544645	0	0	0	2134	31.1	-22.93	0.39	-0.3	1.23	"NGC0473  "
821	S	"UGC01020"	21.683321	17.264484	0	0	0	2589	37.3	-21.8	0.69	1.7	1.26	"UGC01020 "
820	S	"UGC00903"	20.449139	17.592384	0	0	0	2518	36.4	-23.43	0.43	3.9	1.04	"UGC00903 "
282	S	"IC1711"	22.73028	17.188482	0	0	0	2801	40.2	-23.52	0.45	3.0	1.1	"IC1711   "
784	S	"NGC7416"	343.923767	-5.495346	0	0	0	2859	40.1	-23.79	0.19	3.0	1.4	"NGC7416  "
280	S	"IC1447"	337.499146	-5.119929	0	0	0	2953	41.6	-22.87	0.24	3.1	1.43	"IC1447   "
817	S	"PGC069448"	340.062988	-2.424036	0	0	0	2970	42.0	-22.36	0.23	3.9	1.43	"PGC069448"
292	S	"IC5334"	353.651733	-4.534227	0	0	0	2209	31.1	-22.5	0.18	2.7	1.04	"IC5334   "
239	E	"NGC7710"	353.942261	-2.880941	0	0	0	2407	34.0	-21.99	0.15	-1.9	0.92	"NGC7710  "
793	S	"NGC7694"	353.315674	-2.702838	0	0	0	2281	32.2	-21.77	0.2	10.0	1.34	"NGC7694  "
238	E	"NGC7693"	353.293671	-1.29201	0	0	0	2502	35.4	-21.58	0.15	-1.0	1.11	"NGC7693  "
795	S	"NGC7716"	354.131073	0.297313	0	0	0	2579	36.5	-23.51	0.15	3.0	1.37	"NGC7716  "
794	S	"NGC7714"	354.058746	2.15502	0	0	0	2798	39.6	-23.25	0.23	3.1	1.08	"NGC7714  "
797	S	"NGC7732"	355.391052	3.724953	0	0	0	2907	41.2	-22.31	0.23	6.7	1.43	"NGC7732  "
796	S	"NGC7731"	355.371307	3.739953	0	0	0	2886	40.9	-22.44	0.23	1.0	1.14	"NGC7731  "
789	S	"NGC7537"	348.643738	4.498339	0	2	0	2674	31.5	-22.31	0.29	3.6	1.15	"NGC7537  "
790	S	"NGC7541"	348.682739	4.533899	0	5	0	2689	31.3	-24.15	0.29	4.7	1.48	"NGC7541  "
870	S	"UGC12518"	350.053253	7.932117	0	0	0	2787	40.0	-22.59	0.49	3.0	1.09	"UGC12518 "
818	S	"PGC2800919"	323.974976	-3.148177	0	0	0	2873	40.9	-21.9	0.18	0.0	0.78	"PGC280091"
867	S	"UGC12010"	335.828033	5.53387	0	0	0	2797	40.2	-21.65	0.58	2.0	1.21	"UGC12010 "
868	S	"UGC12074"	338.276215	8.097454	0	0	0	1988	29.3	-21.67	0.67	0.0	1.09	"UGC12074 "
780	S	"NGC7328"	339.37207	10.531584	0	0	0	2825	40.9	-23.45	0.36	2.1	1.35	"NGC7328  "
783	S	"NGC7347"	339.984009	11.02756	0	0	0	2239	32.9	-21.88	0.25	4.6	1.18	"NGC7347  "
233	E	"NGC7280"	336.614899	16.148266	1	2	0	1845	23.7	-22.83	0.24	-1.3	1.33	"NGC7280  "
871	S	"UGC12857"	359.198029	1.355099	0	0	0	2477	35.1	-22.05	0.12	4.0	1.1	"UGC12857 "
800	S	"NGC7750"	356.657715	3.799756	0	0	0	2938	41.6	-23.06	0.22	5.5	1.33	"NGC7750  "
801	S	"NGC7757"	357.189667	4.171108	0	0	0	2956	41.9	-22.22	0.19	5.3	1.47	"NGC7757  "
819	S	"UGC00260"	6.762131	11.583811	0	0	0	2131	30.9	-22.12	0.33	5.8	1.19	"UGC00260 "
293	S	"NGC0063"	4.43969	11.450358	1	1	0	1160	18.2	-22.08	0.48	-3.0	1.34	"NGC0063  "
799	S	"NGC7743"	356.088043	9.934042	1	2	0	1710	20.1	-23.13	0.3	-0.9	1.59	"NGC7743  "
798	S	"NGC7742"	356.06546	10.767097	0	0	0	1663	24.7	-23.35	0.24	2.8	1.25	"NGC7742  "
803	S	"NGC7814"	0.81228	16.145229	1	4	0	1050	12.8	-23.47	0.19	2.0	1.61	"NGC7814  "
281	S	"IC1596"	13.678428	21.522646	0	0	0	2674	38.9	-21.54	0.21	2.0	1.13	"IC1596   "
787	S	"NGC7479"	346.236115	12.322879	0	1	0	2381	31.1	-24.3	0.49	4.4	1.68	"NGC7479  "
869	S	"UGC12300"	345.154968	12.782273	0	0	0	2294	33.6	-22.12	0.8	0.9	1.13	"UGC12300 "
237	E	"NGC7465"	345.503967	15.964876	0	0	0	1960	29.3	-22.82	0.33	-1.9	0.9	"NGC7465  "
786	S	"NGC7463"	345.466583	15.981848	0	0	0	2341	34.5	-22.47	0.32	3.0	1.17	"NGC7463  "
785	S	"NGC7448"	345.014954	15.980365	0	2	0	2194	29.3	-23.34	0.24	5.0	1.38	"NGC7448  "
791	S	"NGC7625"	350.125549	17.225601	0	0	0	1633	24.8	-23.11	0.11	1.0	1.25	"NGC7625  "
252	E	"PGC071531"	352.121338	19.863962	0	0	0	2030	30.4	-21.74	0.53	-4.0	0.88	"PGC071531"
792	S	"NGC7678"	352.116211	22.421183	0	1	0	3489	35.3	-23.62	0.21	4.9	1.56	"NGC7678  "
235	E	"NGC7454"	345.27713	16.388371	1	3	0	2020	23.2	-23.0	0.33	-4.7	1.41	"NGC7454  "
788	S	"NGC7497"	347.264282	18.177181	0	0	0	1708	26.0	-23.0	0.77	6.2	1.69	"NGC7497  "
804	S	"NGC7817"	0.995411	20.752338	0	0	0	2309	34.1	-24.26	0.25	4.0	1.52	"NGC7817  "
802	S	"NGC7798"	359.856262	20.749886	0	0	0	2403	35.4	-23.4	0.29	5.4	1.27	"NGC7798  "
285	S	"IC2327"	125.366501	3.169287	0	0	0	2684	37.8	-21.96	0.11	1.1	1.06	"IC2327   "
339	S	"NGC1681"	72.958572	-5.80321	0	0	0	2751	37.5	-22.49	0.21	3.0	1.32	"NGC1681  "
283	S	"IC2098"	72.684601	-5.418544	0	0	0	2819	38.5	-22.74	0.21	5.9	1.1	"IC2098   "
26	E	"NGC1665"	72.071098	-5.427655	0	0	0	2745	37.5	-23.63	0.26	-1.8	1.5	"NGC1665  "
338	S	"NGC1637"	70.367622	-2.85804	0	8	0	717	9.9	-22.01	0.17	5.0	1.82	"NGC1637  "
340	S	"NGC1924"	82.008209	-5.310648	0	1	0	2558	31.6	-23.2	0.46	4.0	1.35	"NGC1924  "
240	E	"PGC016060"	72.143387	-3.867104	0	0	0	2764	37.8	-22.64	0.19	-0.6	1.01	"PGC016060"
808	S	"PGC016048"	72.093872	-3.366546	0	0	0	2804	38.4	-22.06	0.24	0.0	1.22	"PGC016048"
827	S	"UGC03258"	77.679207	0.408305	0	0	0	2821	38.9	-22.61	0.29	2.0	1.32	"UGC03258 "
336	S	"NGC1320"	51.202942	-3.042299	0	0	0	2663	36.6	-23.47	0.2	1.1	1.15	"NGC1320  "
337	S	"NGC1321"	51.202389	-3.015633	0	0	0	2848	39.1	-22.95	0.21	0.7	0.94	"NGC1321  "
25	E	"NGC1289"	49.707592	-1.973354	0	0	0	2792	38.4	-23.46	0.37	-2.1	1.26	"NGC1289  "
335	S	"NGC1253"	48.537689	-2.82295	0	1	0	1713	16.0	-21.79	0.39	5.9	1.71	"NGC1253  "
24	E	"NGC1266"	49.00312	-2.42737	0	0	0	2170	29.9	-22.93	0.43	-2.1	1.31	"NGC1266  "
824	S	"UGC02997"	64.020348	8.180137	0	0	0	1592	22.7	-21.59	1.84	-0.1	1.12	"UGC02997 "
829	S	"UGC03751"	108.474602	23.080128	0	0	0	2295	33.6	-22.12	0.24	4.9	1.24	"UGC03751 "
253	E	"PGC170172"	176.73172	-5.187745	0	0	0	2562	37.1	-21.89	0.08	-5.0	0.89	"PGC170172"
849	S	"UGC06879"	178.604523	-2.319723	0	0	0	2388	35.1	-21.82	0.11	7.2	1.38	"UGC06879 "
499	S	"NGC4030"	180.098511	-1.099963	0	3	0	1465	31.0	-25.14	0.12	4.0	1.61	"NGC4030  "
645	S	"NGC4941"	196.054764	-5.55162	0	1	0	1108	21.2	-23.43	0.16	2.4	1.69	"NGC4941  "
814	S	"PGC051697"	217.097168	-3.604455	0	0	0	2768	40.3	-22.13	0.39	2.7	1.27	"PGC051697"
704	S	"NGC5604"	216.17836	-3.212143	0	0	0	2748	40.1	-23.33	0.31	1.1	1.2	"NGC5604  "
202	E	"NGC5493"	212.872421	-5.043663	0	0	0	2665	38.8	-24.49	0.15	-2.1	1.14	"NGC5493  "
693	S	"NGC5506"	213.312088	-3.20756	0	0	0	1853	28.6	-24.11	0.26	1.3	1.46	"NGC5506  "
204	E	"NGC5507"	213.332825	-3.14886	0	0	0	1851	28.5	-23.19	0.26	-2.3	1.09	"NGC5507  "
692	S	"NGC5496"	212.90773	-1.15872	0	0	0	1541	24.8	-21.68	0.25	6.5	1.58	"NGC5496  "
718	S	"NGC5691"	219.472244	-0.398871	0	0	0	1870	28.9	-22.34	0.16	1.2	1.31	"NGC5691  "
727	S	"NGC5750"	221.546265	-0.223054	0	0	0	1687	26.5	-23.69	0.19	0.4	1.52	"NGC5750  "
723	S	"NGC5719"	220.23497	-0.318193	0	0	0	1733	27.1	-23.94	0.17	2.4	1.27	"NGC5719  "
721	S	"NGC5713"	220.048035	-0.28921	0	0	0	1899	29.2	-24.01	0.17	4.0	1.56	"NGC5713  "
700	S	"NGC5584"	215.599213	-0.387449	0	0	0	1638	26.0	-22.14	0.17	6.0	1.65	"NGC5584  "
717	S	"NGC5690"	219.421143	2.290972	0	0	0	1753	27.6	-23.25	0.17	5.4	1.44	"NGC5690  "
725	S	"NGC5740"	221.101761	1.679692	0	1	0	1572	30.5	-23.56	0.16	3.0	1.46	"NGC5740  "
726	S	"NGC5746"	221.233353	1.95474	0	0	0	1724	27.1	-25.3	0.17	3.0	1.82	"NGC5746  "
6	E	"IC1024"	217.863419	3.009107	0	0	0	1479	24.2	-21.85	0.13	-2.0	1.05	"IC1024   "
671	S	"NGC5334"	208.226959	-1.114756	0	0	0	1386	23.1	-21.9	0.2	5.2	1.64	"NGC5334  "
206	E	"NGC5574"	215.233109	3.237995	1	1	0	1589	23.2	-22.3	0.13	-2.8	1.13	"NGC5574  "
207	E	"NGC5576"	215.265381	3.271049	1	3	0	1506	24.8	-24.15	0.13	-4.8	1.34	"NGC5576  "
699	S	"NGC5577"	215.304626	3.435767	0	0	0	1489	24.5	-22.21	0.18	3.8	1.52	"NGC5577  "
211	E	"NGC5638"	217.418289	3.233443	1	3	0	1652	25.6	-23.8	0.14	-4.8	1.45	"NGC5638  "
698	S	"NGC5566"	215.083115	3.93359	0	0	0	1507	24.8	-24.59	0.13	1.5	1.53	"NGC5566  "
697	S	"NGC5560"	215.018738	3.992653	0	0	0	1729	27.6	-22.74	0.13	3.0	1.27	"NGC5560  "
679	S	"NGC5364"	209.050018	5.01446	0	2	0	1241	18.3	-23.52	0.12	4.0	1.91	"NGC5364  "
678	S	"NGC5363"	209.030182	5.2547	0	0	0	1139	19.3	-24.51	0.12	0.4	1.58	"NGC5363  "
179	E	"NGC4697"	192.149612	-5.80085	1	8	0	1252	11.4	-23.93	0.13	-4.4	1.79	"NGC4697  "
609	S	"NGC4604"	190.187241	-5.302535	0	0	0	2658	38.5	-21.54	0.1	10.0	1.1	"NGC4604  "
608	S	"NGC4602"	190.153534	-5.13301	0	1	0	2539	34.5	-24.16	0.1	4.2	1.59	"NGC4602  "
244	E	"PGC042549"	190.316513	-5.009177	0	0	0	2822	40.7	-22.71	0.11	-5.0	1.06	"PGC042549"
158	E	"NGC4546"	188.87294	-3.793227	1	2	0	1057	13.7	-23.3	0.15	-2.7	1.4	"NGC4546  "
625	S	"NGC4691"	192.056961	-3.332918	0	0	0	1110	16.0	-22.5	0.12	0.3	1.42	"NGC4691  "
176	E	"NGC4684"	191.822861	-2.727538	1	1	0	1560	13.1	-22.21	0.12	-1.2	1.32	"NGC4684  "
177	E	"NGC4690"	191.981323	-1.655975	0	0	0	2765	40.2	-22.96	0.13	-3.0	1.25	"NGC4690  "
623	S	"NGC4668"	191.383333	-0.535833	0	0	0	1636	27.2	-21.6	0.11	7.5	1.35	"NGC4668  "
619	S	"NGC4653"	190.962173	-0.561301	0	0	0	2631	38.6	-22.97	0.1	6.0	1.6	"NGC4653  "
616	S	"NGC4642"	190.824097	-0.644248	0	0	0	2644	38.7	-22.59	0.11	3.9	1.33	"NGC4642  "
622	S	"NGC4666"	191.286148	-0.46191	0	0	0	1529	26.4	-25.06	0.11	5.1	1.5	"NGC4666  "
852	S	"UGC08067"	194.30069	-1.706808	0	0	0	2833	41.2	-22.66	0.08	3.6	1.28	"UGC08067 "
182	E	"NGC4753"	193.092133	-1.19969	1	3	0	1163	22.9	-25.09	0.14	-1.4	1.69	"NGC4753  "
644	S	"NGC4904"	195.244446	-0.027452	0	0	0	1189	20.8	-22.1	0.11	5.8	1.52	"NGC4904  "
631	S	"NGC4771"	193.338638	1.269171	0	0	0	1134	18.6	-22.35	0.09	6.3	1.52	"NGC4771  "
641	S	"NGC4845"	194.505173	1.57558	0	0	0	1232	23.2	-24.04	0.09	2.3	1.59	"NGC4845  "
556	S	"NGC4348"	185.974838	-3.442911	0	0	0	2005	30.6	-23.53	0.16	4.2	1.29	"NGC4348  "
579	S	"NGC4454"	187.211441	-1.93914	0	0	0	2407	35.6	-23.72	0.11	0.1	1.54	"NGC4454  "
613	S	"NGC4632"	190.633469	-0.08254	0	0	0	1726	28.1	-22.98	0.1	5.1	1.48	"NGC4632  "
557	S	"NGC4355"	186.727615	-0.877642	0	0	0	2179	32.9	-22.48	0.1	1.1	1.17	"NGC4355  "
575	S	"NGC4437"	188.189941	0.11504	0	0	0	1128	17.3	-23.88	0.1	6.0	1.96	"NGC4437  "
564	S	"NGC4385"	186.428391	0.572589	0	0	0	2140	32.5	-22.79	0.11	-0.5	1.33	"NGC4385  "
594	S	"NGC4536"	188.613037	2.18788	0	42	1	1808	14.9	-23.36	0.08	4.3	1.84	"NGC4536  "
101	E	"NGC4179"	183.217087	1.299673	0	0	1	1300	16.5	-23.18	0.14	-1.9	1.3	"NGC4179  "
543	S	"NGC4289"	185.259598	3.72196	0	0	0	2618	38.6	-23.05	0.09	5.7	1.08	"NGC4289  "
547	S	"NGC4303"	185.478958	4.47359	0	0	1	1566	16.5	-24.25	0.1	4.0	1.9	"NGC4303  "
173	E	"NGC4643"	190.833893	1.978399	0	0	1	1333	16.5	-23.69	0.13	-0.6	1.38	"NGC4643  "
632	S	"NGC4772"	193.371552	2.168344	0	1	0	1040	28.3	-23.91	0.12	1.1	1.47	"NGC4772  "
171	E	"NGC4636"	190.707779	2.68778	1	11	0	930	14.3	-24.36	0.12	-4.8	1.95	"NGC4636  "
170	E	"NGC4624"	191.274826	3.055684	0	0	1	912	16.5	-23.67	0.1	-0.6	1.64	"NGC4624  "
636	S	"NGC4799"	193.814758	2.896605	0	0	0	2793	41.0	-23.18	0.15	4.9	1.01	"NGC4799  "
638	S	"NGC4808"	193.953918	4.304094	0	0	1	759	16.5	-22.06	0.16	5.9	1.43	"NGC4808  "
590	S	"NGC4527"	188.5354	2.65381	0	14	0	1736	14.1	-23.81	0.09	4.0	1.68	"NGC4527  "
580	S	"NGC4457"	187.24588	3.570607	0	0	1	882	16.5	-23.32	0.09	0.4	1.32	"NGC4457  "
606	S	"NGC4586"	189.618484	4.319099	0	0	1	794	16.5	-22.63	0.16	0.9	1.64	"NGC4586  "
605	S	"NGC4580"	189.45166	5.368432	0	0	1	1034	16.5	-22.32	0.1	1.6	1.52	"NGC4580  "
583	S	"NGC4480"	187.611588	4.246471	0	0	0	2439	36.4	-23.07	0.1	5.0	1.47	"NGC4480  "
560	S	"NGC4378"	186.325317	4.925024	0	0	0	2559	38.0	-24.39	0.07	1.0	1.32	"NGC4378  "
607	S	"NGC4591"	189.801834	6.012214	0	0	0	2422	36.4	-22.58	0.09	2.3	1.22	"NGC4591  "
592	S	"NGC4532"	188.580536	6.467703	0	0	1	2012	16.5	-21.61	0.09	9.7	1.41	"NGC4532  "
167	E	"NGC4612"	190.38649	7.314782	2	1	1	1775	16.6	-22.55	0.11	-2.0	1.4	"NGC4612  "
169	E	"NGC4623"	190.544601	7.676934	2	1	1	1807	17.4	-21.74	0.1	-1.5	1.31	"NGC4623  "
163	E	"NGC4570"	189.222504	7.246663	2	1	1	1787	17.1	-23.48	0.09	-2.0	1.3	"NGC4570  "
626	S	"NGC4698"	192.095566	8.487244	0	0	1	1009	16.5	-23.53	0.11	1.4	1.61	"NGC4698  "
664	S	"NGC5300"	207.067017	3.9509	0	0	0	1171	20.0	-22.02	0.1	5.2	1.69	"NGC5300  "
676	S	"NGC5356"	208.743423	5.333607	0	0	0	1374	23.7	-22.25	0.11	3.8	1.41	"NGC5356  "
660	S	"NGC5248"	204.383621	8.88506	0	0	0	1151	20.8	-24.34	0.11	4.0	1.81	"NGC5248  "
634	S	"NGC4791"	193.683075	8.053164	0	0	0	2529	37.9	-21.56	0.14	0.0	1.03	"NGC4791  "
185	E	"NGC4803"	193.890289	8.240547	0	0	0	2645	39.4	-22.28	0.13	0.0	0.94	"NGC4803  "
633	S	"NGC4779"	193.461929	9.70992	0	0	0	2831	41.9	-23.25	0.09	4.6	1.39	"NGC4779  "
181	E	"NGC4733"	192.778259	10.912103	1	1	1	925	14.5	-21.8	0.09	-3.8	1.52	"NGC4733  "
184	E	"NGC4762"	193.233536	11.2308	0	2	0	986	22.6	-24.48	0.09	-1.8	1.64	"NGC4762  "
643	S	"NGC4880"	195.043884	12.483369	0	0	1	1377	16.5	-22.02	0.14	-1.5	1.71	"NGC4880  "
461	S	"NGC3679"	171.535828	-5.585975	0	0	0	2765	39.5	-21.89	0.18	3.7	1.11	"NGC3679  "
846	S	"UGC06402"	170.829742	-0.92244	0	0	0	2608	37.8	-21.67	0.19	8.0	1.02	"UGC06402 "
439	S	"NGC3521"	166.452469	-0.0359	0	0	0	801	7.9	-23.72	0.25	4.0	1.78	"NGC3521  "
79	E	"NGC3630"	170.070786	2.96417	0	0	0	1499	25.0	-23.16	0.18	-1.5	1.1	"NGC3630  "
81	E	"NGC3641"	170.286621	3.194489	1	1	0	1780	25.9	-21.85	0.18	-4.9	0.97	"NGC3641  "
80	E	"NGC3640"	170.278549	3.234764	1	4	0	1298	26.3	-24.6	0.19	-4.9	1.49	"NGC3640  "
453	S	"NGC3633"	170.109222	3.585485	0	0	0	2600	38.0	-23.05	0.27	1.0	1.05	"NGC3633  "
445	S	"NGC3611"	169.375656	4.555429	0	1	0	1585	39.3	-23.49	0.21	1.0	1.24	"NGC3611  "
434	S	"NGC3495"	165.317368	3.628037	0	0	0	1130	17.2	-22.26	0.2	6.3	1.64	"NGC3495  "
3	E	"IC0676"	168.165909	9.055736	0	0	0	1429	24.6	-22.27	0.11	-1.3	1.35	"IC0676   "
46	E	"NGC2974"	145.638611	-3.699116	1	3	0	1887	20.9	-23.62	0.23	-4.2	1.58	"NGC2974  "
1	E	"IC0560"	146.472656	-0.268221	0	0	0	1853	27.2	-22.1	0.59	-0.7	1.11	"IC0560   "
387	S	"NGC3023"	147.469315	0.617879	0	0	0	1879	27.6	-21.76	0.27	5.5	1.5	"NGC3023  "
389	S	"NGC3044"	148.420349	1.57965	0	0	0	1289	19.5	-22.48	0.11	5.7	1.58	"NGC3044  "
50	E	"NGC3156"	153.171692	3.12932	1	3	0	1338	21.8	-22.15	0.15	-2.5	1.24	"NGC3156  "
397	S	"NGC3166"	153.440308	3.42467	0	0	0	1345	20.9	-24.4	0.14	0.3	1.44	"NGC3166  "
383	S	"NGC2967"	145.513885	0.336484	0	0	0	1894	27.7	-23.37	0.43	5.2	1.56	"NGC2967  "
839	S	"UGC05228"	146.515213	1.668322	0	0	0	1872	27.6	-22.09	0.71	5.0	1.4	"UGC05228 "
840	S	"UGC05376"	150.112793	3.374309	0	0	0	2054	30.2	-22.63	0.11	7.8	1.01	"UGC05376 "
391	S	"NGC3055"	148.825195	4.270082	0	0	0	1805	27.0	-22.68	0.22	5.3	1.47	"NGC3055  "
382	S	"NGC2966"	145.547852	4.673152	0	0	0	2044	30.0	-22.72	0.2	4.2	1.38	"NGC2966  "
45	E	"NGC2962"	145.224609	5.16582	0	3	0	1967	34.0	-24.01	0.25	-1.1	1.39	"NGC2962  "
405	S	"NGC3246"	156.674026	3.862108	0	0	0	2154	31.8	-21.8	0.16	7.9	1.45	"NGC3246  "
398	S	"NGC3169"	153.562912	3.46612	0	0	0	1238	19.1	-24.13	0.13	1.2	1.61	"NGC3169  "
424	S	"NGC3423"	162.809753	5.840101	0	0	0	1011	13.9	-22.18	0.13	6.0	1.8	"NGC3423  "
257	E	"UGC06062"	164.656662	9.050468	0	0	0	2634	38.7	-22.82	0.13	-2.0	1.05	"UGC06062 "
440	S	"NGC3524"	166.633789	11.385305	0	0	0	1365	23.7	-22.27	0.07	0.1	1.14	"NGC3524  "
427	S	"NGC3433"	163.015945	10.148239	0	0	0	2720	39.8	-23.33	0.13	5.3	1.67	"NGC3433  "
844	S	"UGC05897"	161.922653	11.077123	0	0	0	2718	39.8	-22.75	0.13	5.2	1.56	"UGC05897 "
418	S	"NGC3368"	161.690598	11.81994	1	27	0	897	10.1	-23.71	0.11	2.1	1.8	"NGC3368  "
416	S	"NGC3351"	160.990555	11.70361	0	26	0	778	9.8	-23.31	0.12	3.1	1.86	"NGC3351  "
60	E	"NGC3384"	162.070404	12.6293	1	10	0	733	11.3	-23.52	0.12	-2.7	1.51	"NGC3384  "
59	E	"NGC3379"	161.956665	12.58163	1	15	0	918	10.3	-23.8	0.11	-4.8	1.6	"NGC3379  "
62	E	"NGC3412"	162.722137	13.412142	1	5	0	860	11.0	-22.55	0.12	-2.0	1.49	"NGC3412  "
390	S	"NGC3049"	148.706879	9.27164	0	0	0	1455	22.7	-21.83	0.17	2.5	1.52	"NGC3049  "
241	E	"PGC028887"	149.93129	11.660812	0	0	0	2833	41.0	-22.26	0.17	0.0	1.08	"PGC028887"
265	S	"IC0591"	151.865479	12.27452	0	0	0	2839	41.2	-21.82	0.15	6.0	1.19	"IC0591   "
242	E	"PGC029321"	151.463226	12.961213	0	0	0	2816	40.9	-21.66	0.16	0.0	0.89	"PGC029321"
395	S	"NGC3107"	151.093643	13.62132	0	0	0	2815	40.9	-22.74	0.17	4.0	1.2	"NGC3107  "
408	S	"NGC3279"	158.678299	11.197244	0	0	0	1394	22.9	-22.39	0.16	6.5	1.23	"NGC3279  "
54	E	"NGC3230"	155.93309	12.567883	0	0	0	2795	40.8	-24.18	0.16	-1.8	1.26	"NGC3230  "
413	S	"NGC3338"	160.531448	13.74693	0	0	0	1302	21.9	-23.58	0.14	5.1	1.81	"NGC3338  "
58	E	"NGC3377"	161.926666	13.98564	1	10	0	690	10.9	-22.76	0.15	-4.8	1.55	"NGC3377  "
415	S	"NGC3346"	160.912033	14.871983	0	0	0	1260	21.3	-22.07	0.12	6.0	1.67	"NGC3346  "
511	S	"NGC4123"	182.046173	2.878309	0	0	1	1327	16.5	-22.3	0.09	5.0	1.91	"NGC4123  "
501	S	"NGC4045"	180.676086	1.976771	0	0	0	1981	30.7	-23.69	0.1	1.3	1.36	"NGC4045  "
108	E	"NGC4255"	184.7341	4.785923	0	0	0	1995	31.2	-22.99	0.09	-1.9	1.1	"NGC4255  "
114	E	"NGC4268"	184.946762	5.28365	0	0	0	2034	31.7	-23.05	0.08	-0.3	1.2	"NGC4268  "
109	E	"NGC4259"	184.842468	5.376242	0	0	0	2497	37.2	-22.19	0.08	-2.0	0.89	"NGC4259  "
106	E	"NGC4249"	184.49765	5.59872	0	0	0	2618	38.7	-21.98	0.09	-1.3	1.1	"NGC4249  "
494	S	"NGC3976"	178.990143	6.750834	0	0	0	2497	37.2	-23.2	0.05	3.2	1.36	"NGC3976  "
119	E	"NGC4324"	185.775726	5.250488	0	0	1	1665	16.5	-22.61	0.1	-0.9	1.3	"NGC4324  "
546	S	"NGC4300"	185.422836	5.384774	0	0	0	2310	34.9	-23.19	0.09	1.0	1.32	"NGC4300  "
117	E	"NGC4281"	185.089691	5.38643	0	1	0	2671	24.4	-24.01	0.09	-1.5	1.34	"NGC4281  "
5	E	"IC0782"	185.404053	5.765672	0	0	0	2424	36.3	-22.02	0.09	2.7	1.35	"IC0782   "
120	E	"NGC4339"	185.895599	6.081713	1	3	1	1266	16.0	-22.49	0.11	-4.7	1.48	"NGC4339  "
115	E	"NGC4270"	184.955978	5.463371	0	0	0	2331	35.2	-23.69	0.08	-2.0	1.21	"NGC4270  "
539	S	"NGC4266"	184.926315	5.5382	0	0	1	1536	16.5	-21.64	0.1	1.0	1.27	"NGC4266  "
536	S	"NGC4257"	184.776993	5.725926	0	0	0	2756	40.5	-22.34	0.09	1.7	1.05	"NGC4257  "
112	E	"NGC4264"	184.899078	5.846804	0	0	0	2518	37.5	-23.0	0.08	-1.1	1.14	"NGC4264  "
110	E	"NGC4261"	184.846924	5.82471	1	5	0	2212	30.8	-25.18	0.08	-4.8	1.58	"NGC4261  "
538	S	"NGC4260"	184.842697	6.098803	0	1	0	1958	37.7	-24.35	0.1	0.9	1.53	"NGC4260  "
574	S	"NGC4430"	186.859924	6.26264	0	0	1	1451	16.5	-21.74	0.08	3.4	1.69	"NGC4430  "
555	S	"NGC4343"	185.911209	6.953936	0	0	1	1014	16.5	-22.13	0.09	3.0	1.21	"NGC4343  "
122	E	"NGC4342"	185.912598	7.053936	0	0	1	761	16.5	-22.07	0.09	-3.4	0.82	"NGC4342  "
125	E	"NGC4365"	186.117615	7.31752	2	13	0	1243	23.3	-25.21	0.09	-4.8	1.72	"NGC4365  "
559	S	"NGC4370"	186.228882	7.444566	0	0	1	782	16.5	-21.79	0.1	0.8	1.27	"NGC4370  "
582	S	"NGC4470"	187.407501	7.824057	0	0	0	2341	35.5	-22.64	0.1	1.4	1.34	"NGC4470  "
143	E	"NGC4472"	187.444992	8.00041	2	18	1	981	17.1	-25.78	0.1	-4.8	1.98	"NGC4472  "
136	E	"NGC4434"	186.902832	8.154311	2	5	0	1070	22.4	-22.55	0.1	-4.8	1.16	"NGC4434  "
288	S	"IC3102"	184.357605	6.689988	0	0	1	2235	16.5	-22.07	0.1	-0.9	1.49	"IC3102   "
104	E	"NGC4215"	183.977142	6.401132	0	0	0	2011	31.5	-23.43	0.07	-0.9	1.18	"NGC4215  "
532	S	"NGC4235"	184.291306	7.191658	0	0	0	2410	36.2	-24.41	0.08	1.0	1.43	"NGC4235  "
519	S	"NGC4180"	183.262726	7.038787	0	0	1	2096	16.5	-21.99	0.07	2.0	1.15	"NGC4180  "
102	E	"NGC4191"	183.459915	7.200842	0	0	0	2646	39.2	-23.1	0.09	-1.8	1.06	"NGC4191  "
531	S	"NGC4224"	184.140671	7.462119	0	0	0	2603	38.7	-24.34	0.1	1.0	1.41	"NGC4224  "
105	E	"NGC4233"	184.282043	7.624434	0	1	0	2306	33.9	-23.88	0.1	-2.0	1.19	"NGC4233  "
542	S	"NGC4276"	185.031235	7.691995	0	0	0	2618	38.9	-22.27	0.13	6.7	1.36	"NGC4276  "
548	S	"NGC4307"	185.523438	9.043552	0	0	1	1092	16.5	-22.37	0.1	3.2	1.43	"NGC4307  "
552	S	"NGC4316"	185.675919	9.332812	0	0	1	1250	16.5	-21.85	0.1	5.6	1.26	"NGC4316  "
156	E	"NGC4526"	188.512619	7.69914	1	5	1	617	16.4	-24.62	0.1	-1.9	1.65	"NGC4526  "
593	S	"NGC4535"	188.584625	8.19776	0	20	1	1964	15.8	-23.61	0.08	5.0	1.98	"NGC4535  "
586	S	"NGC4492"	187.748962	8.077909	0	0	1	1740	16.5	-22.02	0.11	1.0	1.53	"NGC4492  "
584	S	"NGC4488"	187.714157	8.36013	0	0	1	972	16.5	-21.69	0.09	0.0	1.5	"NGC4488  "
588	S	"NGC4519"	188.37616	8.65446	0	0	1	1216	16.5	-21.54	0.09	6.9	1.59	"NGC4519  "
164	E	"NGC4578"	189.377274	9.555121	2	3	1	2292	16.3	-22.66	0.09	-2.0	1.51	"NGC4578  "
166	E	"NGC4608"	190.305374	10.155793	0	0	1	1850	16.5	-22.94	0.07	-1.9	1.42	"NGC4608  "
165	E	"NGC4596"	189.983063	10.176031	0	0	1	1892	16.5	-23.63	0.09	-0.9	1.59	"NGC4596  "
581	S	"NGC4469"	187.366653	8.750175	0	0	1	587	16.5	-23.06	0.09	0.2	1.57	"NGC4469  "
149	E	"NGC4483"	187.66925	9.015665	2	1	1	906	16.7	-21.84	0.09	-1.3	1.24	"NGC4483  "
573	S	"NGC4424"	186.798264	9.420519	0	0	1	437	16.5	-22.0	0.09	1.0	1.54	"NGC4424  "
133	E	"NGC4417"	186.710938	9.584117	2	1	1	828	16.0	-22.86	0.11	-1.9	1.25	"NGC4417  "
561	S	"NGC4380"	186.342407	10.016705	0	0	1	963	16.5	-22.76	0.1	2.3	1.68	"NGC4380  "
138	E	"NGC4442"	187.01622	9.80362	2	1	1	547	15.3	-23.63	0.09	-1.9	1.44	"NGC4442  "
601	S	"NGC4568"	189.142883	11.23863	0	0	1	2255	16.5	-23.58	0.14	4.1	1.66	"NGC4568  "
600	S	"NGC4567"	189.136261	11.25787	0	0	1	2247	16.5	-22.8	0.14	4.0	1.74	"NGC4567  "
157	E	"NGC4528"	188.525269	11.321266	2	0	1	1378	15.8	-22.05	0.2	-2.0	1.15	"NGC4528  "
162	E	"NGC4564"	189.112473	11.43932	2	5	1	1155	15.8	-23.08	0.14	-4.8	1.31	"NGC4564  "
154	E	"NGC4503"	188.025803	11.176434	0	0	1	1334	16.5	-23.22	0.22	-1.8	1.45	"NGC4503  "
526	S	"NGC4207"	183.876816	9.58494	0	0	1	596	16.5	-21.65	0.08	7.4	1.21	"NGC4207  "
95	E	"NGC4078"	181.198456	10.595537	0	0	0	2546	38.1	-22.99	0.11	-2.0	0.92	"NGC4078  "
518	S	"NGC4178"	183.193512	10.865998	0	0	1	374	16.5	-21.52	0.12	7.0	1.77	"NGC4178  "
97	E	"NGC4119"	182.040176	10.37872	0	0	1	1656	16.5	-22.6	0.12	-1.3	1.6	"NGC4119  "
554	S	"NGC4330"	185.821869	11.36798	0	0	1	1563	16.5	-21.59	0.1	6.3	1.61	"NGC4330  "
550	S	"NGC4313"	185.660583	11.800867	0	0	1	1443	16.5	-22.63	0.16	2.1	1.56	"NGC4313  "
135	E	"NGC4429"	186.860657	11.10754	0	0	1	1104	16.5	-24.32	0.14	-1.1	1.62	"NGC4429  "
139	E	"NGC4452"	187.180417	11.755	0	2	1	188	15.6	-21.88	0.13	-2.0	1.3	"NGC4452  "
151	E	"NGC4486A"	187.74054	12.270361	2	0	1	758	18.3	-21.82	0.1	-5.0	0.94	"NGC4486A "
148	E	"NGC4478"	187.572662	12.328578	2	9	1	1375	17.0	-22.8	0.1	-4.8	1.2	"NGC4478  "
146	E	"NGC4476"	187.49617	12.348669	2	3	1	1968	17.6	-21.78	0.12	-3.0	1.2	"NGC4476  "
150	E	"NGC4486"	187.705933	12.3911	2	15	1	1284	17.2	-25.38	0.1	-4.3	1.91	"NGC4486  "
126	E	"NGC4371"	186.230957	11.704288	2	1	1	933	17.0	-23.45	0.16	-1.3	1.47	"NGC4371  "
577	S	"NGC4440"	186.973221	12.293191	0	0	1	724	16.5	-22.19	0.12	1.1	1.26	"NGC4440  "
134	E	"NGC4425"	186.805664	12.734803	0	0	1	1908	16.5	-22.09	0.13	-0.6	1.38	"NGC4425  "
565	S	"NGC4388"	186.445084	12.66207	0	0	0	2524	38.0	-24.91	0.14	2.8	1.61	"NGC4388  "
576	S	"NGC4438"	186.940216	13.00859	0	0	1	71	16.5	-23.83	0.12	0.6	1.75	"NGC4438  "
137	E	"NGC4435"	186.918762	13.079021	2	0	1	791	16.7	-23.83	0.13	-2.1	1.49	"NGC4435  "
131	E	"NGC4387"	186.423813	12.810359	2	3	1	565	17.9	-22.13	0.14	-4.9	1.2	"NGC4387  "
127	E	"NGC4374"	186.265747	12.88696	2	13	1	1017	18.5	-25.12	0.18	-4.3	1.72	"NGC4374  "
132	E	"NGC4406"	186.549225	12.94597	2	15	1	-224	16.8	-25.04	0.13	-4.8	1.97	"NGC4406  "
568	S	"NGC4402"	186.531525	13.112794	0	0	1	232	16.5	-22.61	0.13	3.2	1.55	"NGC4402  "
113	E	"NGC4267"	184.938675	12.798356	2	1	1	1021	15.8	-23.18	0.2	-2.7	1.58	"NGC4267  "
4	E	"IC0719"	175.077042	9.009861	0	0	0	1833	29.4	-22.7	0.22	-2.0	1.1	"IC0719   "
470	S	"NGC3705"	172.531067	9.27663	0	2	0	1018	23.6	-23.96	0.2	2.4	1.57	"NGC3705  "
458	S	"NGC3666"	171.108673	11.342012	0	0	0	1060	15.6	-21.75	0.14	5.2	1.36	"NGC3666  "
480	S	"NGC3810"	175.244736	11.471132	0	0	1	992	16.5	-23.15	0.19	5.2	1.59	"NGC3810  "
505	S	"NGC4067"	181.048157	10.854354	0	0	0	2415	36.5	-22.91	0.11	3.1	1.2	"NGC4067  "
522	S	"NGC4193"	183.473282	13.172905	0	1	0	2480	37.3	-23.54	0.13	4.1	1.42	"NGC4193  "
525	S	"NGC4206"	183.820312	13.02384	0	0	1	702	16.5	-21.71	0.14	4.0	1.65	"NGC4206  "
528	S	"NGC4216"	183.976852	13.1494	0	0	1	131	16.5	-24.58	0.14	3.0	1.64	"NGC4216  "
100	E	"NGC4168"	183.071808	13.205354	0	1	0	2286	30.9	-24.03	0.16	-4.8	1.48	"NGC4168  "
520	S	"NGC4189"	183.446991	13.424846	0	0	1	2115	16.5	-22.19	0.14	6.0	1.68	"NGC4189  "
527	S	"NGC4212"	183.914062	13.901473	0	0	1	-81	16.5	-22.72	0.14	4.9	1.58	"NGC4212  "
287	S	"IC3061"	183.768829	14.028975	0	0	0	2316	35.5	-22.12	0.16	5.2	1.26	"IC3061   "
545	S	"NGC4298"	185.386627	14.606049	0	0	1	1135	16.5	-22.63	0.15	5.2	1.67	"NGC4298  "
535	S	"NGC4254"	184.706772	14.41649	0	0	0	2407	36.6	-25.91	0.17	5.2	1.81	"NGC4254  "
111	E	"NGC4262"	184.877426	14.877717	2	1	1	1375	15.4	-22.6	0.16	-2.7	1.1	"NGC4262  "
521	S	"NGC4192"	183.451218	14.90047	0	0	1	-142	16.5	-24.21	0.15	2.6	1.89	"NGC4192  "
533	S	"NGC4237"	184.297562	15.323948	0	0	1	867	16.5	-22.49	0.13	4.0	1.51	"NGC4237  "
504	S	"NGC4064"	181.046631	18.443451	0	0	1	913	16.5	-22.54	0.09	1.4	1.55	"NGC4064  "
178	E	"NGC4694"	192.062881	10.983624	0	0	1	1171	16.5	-22.15	0.17	-2.0	1.47	"NGC4694  "
175	E	"NGC4660"	191.133209	11.190533	2	5	1	1087	15.0	-22.69	0.15	-4.7	1.09	"NGC4660  "
172	E	"NGC4638"	190.697632	11.442459	2	2	1	1152	17.5	-23.01	0.11	-2.7	1.22	"NGC4638  "
174	E	"NGC4649"	190.916702	11.55261	2	11	1	1110	17.3	-25.46	0.11	-4.6	1.82	"NGC4649  "
617	S	"NGC4647"	190.884583	11.581944	0	0	1	1409	16.5	-23.05	0.11	5.2	1.68	"NGC4647  "
183	E	"NGC4754"	193.073181	11.31366	2	3	1	1351	16.1	-23.64	0.14	-2.5	1.5	"NGC4754  "
629	S	"NGC4746"	192.980713	12.083027	0	0	1	1783	16.5	-21.6	0.16	3.0	1.22	"NGC4746  "
168	E	"NGC4621"	190.509674	11.64693	2	9	1	467	14.9	-24.14	0.14	-4.8	1.63	"NGC4621  "
611	S	"NGC4607"	190.301697	11.886627	0	0	1	2270	16.5	-21.51	0.14	3.4	1.38	"NGC4607  "
610	S	"NGC4606"	190.239822	11.912186	0	0	1	1640	16.5	-21.93	0.14	0.5	1.54	"NGC4606  "
604	S	"NGC4579"	189.431656	11.81809	0	0	1	1517	16.5	-24.62	0.18	2.8	1.81	"NGC4579  "
159	E	"NGC4550"	188.877548	12.220955	2	3	1	459	15.5	-22.27	0.17	-2.1	1.19	"NGC4550  "
160	E	"NGC4551"	188.908249	12.26401	2	5	1	1176	16.1	-22.18	0.17	-4.9	1.22	"NGC4551  "
7	E	"IC3631"	189.950195	12.973927	0	0	0	2822	42.0	-22.01	0.17	-1.3	1.13	"IC3631   "
624	S	"NGC4689"	191.939682	13.762688	0	0	1	1616	16.5	-23.13	0.1	4.7	1.98	"NGC4689  "
620	S	"NGC4654"	190.985992	13.12635	0	0	1	1046	16.5	-23.36	0.11	5.9	1.77	"NGC4654  "
615	S	"NGC4639"	190.71814	13.257536	0	39	0	1018	21.9	-22.91	0.11	3.5	1.46	"NGC4639  "
621	S	"NGC4659"	191.122391	13.498675	0	0	1	480	16.5	-21.84	0.11	0.0	1.36	"NGC4659  "
245	E	"PGC044433"	194.57811	13.391409	0	0	0	2675	40.1	-22.25	0.13	0.0	0.71	"PGC044433"
642	S	"NGC4866"	194.863083	14.17105	0	0	1	1988	16.5	-23.18	0.12	-0.1	1.48	"NGC4866  "
180	E	"NGC4710"	192.412323	15.16549	0	0	1	1102	16.5	-23.53	0.13	-0.9	1.48	"NGC4710  "
161	E	"NGC4552"	188.916183	12.55604	2	12	1	344	15.8	-24.29	0.18	-4.6	1.53	"NGC4552  "
591	S	"NGC4531"	188.566025	13.075527	1	1	1	195	14.8	-22.11	0.18	-0.5	1.63	"NGC4531  "
602	S	"NGC4569"	189.207565	13.16287	0	0	1	-235	16.5	-24.52	0.2	2.4	1.95	"NGC4569  "
142	E	"NGC4461"	187.262543	13.183857	0	0	1	1924	16.5	-23.08	0.1	-0.8	1.4	"NGC4461  "
140	E	"NGC4458"	187.239716	13.241916	2	8	1	677	16.4	-21.76	0.1	-4.8	1.37	"NGC4458  "
144	E	"NGC4473"	187.453659	13.42932	2	8	1	2260	15.3	-23.77	0.12	-4.7	1.43	"NGC4473  "
147	E	"NGC4477"	187.509048	13.636443	0	0	1	1338	16.5	-23.75	0.14	-1.9	1.59	"NGC4477  "
614	S	"NGC4634"	190.670776	14.295874	0	0	1	297	16.5	-21.84	0.12	5.9	1.35	"NGC4634  "
603	S	"NGC4571"	189.234879	14.217357	0	0	1	342	16.5	-22.59	0.2	6.4	1.87	"NGC4571  "
597	S	"NGC4548"	188.860123	14.49632	1	23	1	486	18.7	-24.26	0.17	3.1	1.93	"NGC4548  "
145	E	"NGC4474"	187.473099	14.068673	2	1	1	1611	15.6	-22.28	0.18	-2.0	1.3	"NGC4474  "
141	E	"NGC4459"	187.250107	13.97858	2	3	1	1192	16.1	-23.89	0.19	-1.4	1.56	"NGC4459  "
587	S	"NGC4501"	187.996735	14.42041	0	3	1	2281	15.3	-24.67	0.16	3.4	1.84	"NGC4501  "
128	E	"NGC4377"	186.301285	14.762218	2	1	1	1338	17.8	-22.43	0.17	-2.6	1.13	"NGC4377  "
289	S	"IC3392"	187.180405	14.999414	0	0	1	1687	16.5	-21.84	0.16	2.5	1.46	"IC3392   "
571	S	"NGC4419"	186.735138	15.047423	1	2	1	-261	16.5	-23.36	0.14	1.1	1.37	"NGC4419  "
572	S	"NGC4421"	186.76062	15.461305	0	0	1	1603	16.5	-22.3	0.11	-0.3	1.55	"NGC4421  "
269	S	"IC0800"	188.486313	15.354542	0	0	0	2326	35.8	-22.2	0.16	5.2	1.56	"IC0800   "
596	S	"NGC4540"	188.711945	15.551446	0	0	1	1286	16.5	-21.86	0.15	6.1	1.53	"NGC4540  "
618	S	"NGC4651"	190.927612	16.393396	0	2	0	805	24.1	-23.9	0.12	5.2	1.56	"NGC4651  "
640	S	"NGC4826"	194.182068	21.682659	1	2	0	408	7.3	-24.0	0.18	2.3	1.92	"NGC4826  "
270	S	"IC0851"	197.143127	21.049742	0	0	0	2615	39.8	-21.82	0.15	3.1	1.31	"IC0851   "
648	S	"NGC5012"	197.904404	22.91547	0	1	0	2619	39.1	-24.2	0.06	5.2	1.49	"NGC5012  "
549	S	"NGC4312"	185.630661	15.53792	0	0	1	153	16.5	-22.3	0.12	1.9	1.58	"NGC4312  "
129	E	"NGC4379"	186.311386	15.607498	2	2	1	1074	15.8	-22.24	0.1	-2.8	1.27	"NGC4379  "
553	S	"NGC4321"	185.728745	15.82238	0	34	1	1571	15.9	-24.42	0.11	4.1	2.07	"NGC4321  "
569	S	"NGC4405"	186.529648	16.180849	0	0	1	1747	16.5	-21.72	0.11	-0.1	1.41	"NGC4405  "
152	E	"NGC4489"	187.717667	16.758696	2	5	1	961	15.4	-21.59	0.12	-4.8	1.42	"NGC4489  "
562	S	"NGC4383"	186.356323	16.470005	0	0	1	1710	16.5	-21.6	0.1	1.0	1.1	"NGC4383  "
124	E	"NGC4350"	185.990891	16.693356	0	2	1	1210	15.4	-23.13	0.12	-1.8	1.23	"NGC4350  "
121	E	"NGC4340"	185.897141	16.722195	0	2	1	933	18.4	-23.01	0.11	-1.2	1.57	"NGC4340  "
578	S	"NGC4450"	187.123474	17.084949	0	2	1	1954	19.5	-24.41	0.12	2.4	1.8	"NGC4450  "
567	S	"NGC4394"	186.481766	18.213926	0	0	1	922	16.5	-22.94	0.13	3.0	1.62	"NGC4394  "
130	E	"NGC4382"	186.35022	18.19108	2	7	1	746	17.9	-25.13	0.13	-1.3	1.82	"NGC4382  "
544	S	"NGC4293"	185.303711	18.382401	0	0	1	893	16.5	-23.62	0.17	0.2	1.83	"NGC4293  "
595	S	"NGC4539"	188.644836	18.202579	0	0	1	1397	16.5	-21.65	0.1	0.7	1.58	"NGC4539  "
516	S	"NGC4158"	182.792358	20.17577	0	0	0	2458	37.6	-23.14	0.14	3.1	1.29	"NGC4158  "
627	S	"NGC4725"	192.610886	25.500759	1	21	0	1206	12.9	-24.38	0.05	2.2	2.02	"NGC4725  "
630	S	"NGC4747"	192.941513	25.777317	0	0	0	1190	24.3	-21.64	0.05	7.2	1.42	"NGC4747  "
599	S	"NGC4565"	189.086685	25.987391	1	7	0	1230	17.0	-25.1	0.07	3.2	1.87	"NGC4565  "
153	E	"NGC4494"	187.850143	25.774981	1	9	0	1342	16.6	-24.11	0.09	-4.8	1.69	"NGC4494  "
441	S	"NGC3547"	167.483124	10.720738	0	0	0	1579	26.3	-21.66	0.1	3.2	1.33	"NGC3547  "
449	S	"NGC3627"	170.062607	12.99129	0	30	0	727	10.3	-24.18	0.14	3.1	1.9	"NGC3627  "
447	S	"NGC3623"	169.733154	13.09221	0	0	0	807	7.4	-23.28	0.11	1.0	1.9	"NGC3623  "
450	S	"NGC3628"	170.070908	13.58949	0	0	0	843	8.0	-23.44	0.12	3.1	1.92	"NGC3628  "
462	S	"NGC3681"	171.624176	16.863222	0	0	0	1239	23.4	-22.86	0.11	4.0	1.43	"NGC3681  "
66	E	"NGC3489"	165.077454	13.901258	1	5	0	695	11.7	-22.99	0.07	-1.2	1.35	"NGC3489  "
432	S	"NGC3485"	165.009964	14.841549	0	0	0	1436	24.6	-22.5	0.09	3.1	1.59	"NGC3485  "
444	S	"NGC3596"	168.775925	14.787126	0	0	0	1193	21.3	-22.96	0.1	5.2	1.7	"NGC3596  "
456	S	"NGC3655"	170.727524	16.590174	0	1	0	1473	24.0	-23.08	0.11	5.0	1.29	"NGC3655  "
72	E	"NGC3605"	169.19426	18.017141	1	3	0	661	20.1	-21.83	0.09	-4.5	1.23	"NGC3605  "
73	E	"NGC3607"	169.227737	18.051809	1	4	0	942	22.2	-24.74	0.09	-3.1	1.59	"NGC3607  "
74	E	"NGC3608"	169.245697	18.148531	1	4	0	1226	22.3	-23.65	0.09	-4.8	1.47	"NGC3608  "
71	E	"NGC3599"	168.862305	18.110369	1	3	0	839	19.8	-22.22	0.09	-2.0	1.37	"NGC3599  "
465	S	"NGC3684"	171.796555	17.03031	0	0	0	1163	21.6	-22.4	0.11	4.0	1.47	"NGC3684  "
466	S	"NGC3686"	171.93309	17.224058	0	0	0	1156	21.4	-23.18	0.1	4.1	1.66	"NGC3686  "
457	S	"NGC3659"	170.939575	17.818575	0	0	0	1285	24.0	-21.62	0.08	7.8	1.3	"NGC3659  "
78	E	"NGC3626"	170.015808	18.356791	1	1	0	1486	19.5	-23.3	0.08	-1.0	1.41	"NGC3626  "
419	S	"NGC3370"	161.76683	17.273697	0	13	0	1279	27.7	-22.8	0.13	5.1	1.38	"NGC3370  "
64	E	"NGC3457"	163.702591	17.621157	1	1	0	1148	20.1	-21.89	0.13	-5.0	1.13	"NGC3457  "
435	S	"NGC3501"	165.697113	17.989532	0	0	0	1130	19.4	-22.04	0.1	5.9	1.22	"NGC3501  "
437	S	"NGC3507"	165.85582	18.135344	0	0	0	979	14.3	-22.41	0.11	3.1	1.75	"NGC3507  "
68	E	"NGC3522"	166.668549	20.085621	0	1	0	1228	25.5	-21.67	0.1	-4.9	1.01	"NGC3522  "
428	S	"NGC3437"	163.148941	22.934116	0	1	0	1283	31.9	-23.65	0.08	5.3	1.32	"NGC3437  "
258	E	"UGC06176"	166.852753	21.657185	0	0	0	2677	40.1	-22.66	0.08	-2.0	1.03	"UGC06176 "
469	S	"NGC3701"	172.370422	24.093496	0	0	0	2796	41.9	-22.63	0.07	4.0	1.37	"NGC3701  "
468	S	"NGC3689"	172.045853	25.661039	0	0	0	2739	41.2	-23.89	0.09	5.3	1.37	"NGC3689  "
451	S	"NGC3629"	170.132568	26.963408	0	0	0	1508	26.1	-21.6	0.08	5.9	1.54	"NGC3629  "
517	S	"NGC4162"	182.968613	24.123682	0	1	0	2569	26.8	-22.79	0.16	4.0	1.36	"NGC4162  "
488	S	"NGC3912"	177.518539	26.478996	0	0	0	1779	29.6	-22.41	0.09	3.1	1.28	"NGC3912  "
487	S	"NGC3900"	177.289307	27.022076	0	0	0	1798	29.8	-23.68	0.14	-0.3	1.51	"NGC3900  "
541	S	"NGC4275"	184.969177	27.62089	0	0	0	2312	36.1	-22.6	0.09	2.5	1.24	"NGC4275  "
107	E	"NGC4251"	184.534607	28.175299	1	1	0	1066	19.1	-23.68	0.1	-1.9	1.29	"NGC4251  "
268	S	"IC0777"	184.849228	28.309881	0	0	0	2541	39.0	-21.92	0.1	2.6	0.95	"IC0777   "
810	S	"PGC039691"	184.910721	28.49534	0	0	0	2401	37.3	-21.53	0.11	0.0	0.76	"PGC039691"
116	E	"NGC4278"	185.02832	29.280619	1	9	0	620	15.6	-23.8	0.13	-4.8	1.5	"NGC4278  "
118	E	"NGC4283"	185.086609	29.310898	1	3	0	1056	15.3	-21.8	0.11	-4.8	1.09	"NGC4283  "
551	S	"NGC4314"	185.63324	29.895304	0	0	0	963	16.2	-23.5	0.11	1.0	1.59	"NGC4314  "
598	S	"NGC4559"	188.990372	27.959761	0	0	0	816	9.0	-22.2	0.08	6.0	1.98	"NGC4559  "
589	S	"NGC4525"	188.463303	30.277517	0	0	0	1172	23.0	-21.83	0.1	5.9	1.62	"NGC4525  "
534	S	"NGC4245"	184.403259	29.608002	0	0	0	884	12.4	-22.17	0.09	0.1	1.44	"NGC4245  "
540	S	"NGC4274"	184.961105	29.6147	0	0	0	930	14.5	-23.78	0.1	1.7	1.75	"NGC4274  "
99	E	"NGC4150"	182.640228	30.401487	1	4	0	208	13.4	-21.65	0.08	-2.1	1.2	"NGC4150  "
570	S	"NGC4414"	186.612869	31.223545	0	24	0	716	17.9	-24.33	0.08	5.2	1.52	"NGC4414  "
103	E	"NGC4203"	183.770935	33.197243	1	2	0	1087	14.7	-23.44	0.05	-2.7	1.47	"NGC4203  "
467	S	"NGC3687"	172.002365	29.511044	0	0	0	2507	38.4	-23.25	0.1	3.8	1.38	"NGC3687  "
478	S	"NGC3786"	174.926971	31.909365	0	0	0	2678	40.8	-23.72	0.1	1.1	1.31	"NGC3786  "
479	S	"NGC3788"	174.935822	31.931305	0	0	0	2699	41.1	-23.73	0.1	2.2	1.21	"NGC3788  "
848	S	"UGC06545"	173.433333	32.633611	0	0	0	2619	40.0	-22.36	0.12	3.3	1.2	"UGC06545 "
243	E	"PGC035754"	173.614716	33.178913	0	0	0	2534	39.0	-21.9	0.11	-3.0	0.83	"PGC035754"
503	S	"NGC4062"	181.015976	31.895815	0	0	0	769	9.8	-21.75	0.11	5.3	1.72	"NGC4062  "
481	S	"NGC3813"	175.327728	36.5467	0	0	0	1465	25.7	-23.2	0.08	3.3	1.43	"NGC3813  "
90	E	"NGC3941"	178.230667	36.986378	1	2	0	930	11.9	-23.06	0.09	-2.0	1.4	"NGC3941  "
816	S	"PGC058798"	250.51297	-5.032629	0	1	0	1565	22.6	-22.79	2.02	4.1	1.63	"PGC058798"
761	S	"NGC6118"	245.452591	-2.283422	0	0	0	1573	24.3	-23.28	0.68	6.0	1.73	"NGC6118  "
865	S	"UGC10743"	257.878113	7.994538	0	2	0	2569	39.4	-22.66	0.69	1.0	1.07	"UGC10743 "
864	S	"UGC10288"	243.603348	-0.20754	0	0	0	2044	30.8	-23.1	0.58	5.3	1.5	"UGC10288 "
224	E	"NGC6010"	238.579773	0.543033	0	0	0	2022	30.6	-23.53	0.45	0.4	1.16	"NGC6010  "
759	S	"NGC6070"	242.494522	0.709315	0	1	0	2004	26.8	-23.45	0.63	6.0	1.58	"NGC6070  "
278	S	"IC1158"	240.391968	1.707832	0	0	0	1927	29.4	-22.15	0.49	5.1	1.45	"IC1158   "
815	S	"PGC054944"	230.833893	-4.151604	0	0	0	2009	30.2	-22.27	0.49	1.6	1.39	"PGC054944"
743	S	"NGC5937"	232.69223	-2.829532	0	0	0	2807	40.9	-24.08	0.77	3.1	1.35	"NGC5937  "
740	S	"NGC5913"	230.230988	-2.578036	0	0	0	2004	30.2	-23.37	0.94	1.0	1.4	"NGC5913  "
276	S	"IC1125"	233.273407	-1.628264	0	0	0	2796	40.8	-22.48	0.66	7.3	1.27	"IC1125   "
223	E	"NGC5869"	227.456055	0.469967	0	1	0	2065	24.9	-23.27	0.24	-2.3	1.31	"NGC5869  "
248	E	"PGC054452"	228.89418	2.248187	0	0	0	1918	29.5	-21.59	0.18	-2.0	1.14	"PGC054452"
862	S	"UGC09977"	235.498138	0.713232	0	0	0	1915	29.2	-21.77	0.49	5.3	1.35	"UGC09977 "
226	E	"NGC6017"	239.314529	5.998364	1	1	0	1788	29.0	-22.52	0.23	-5.0	0.85	"NGC6017  "
225	E	"NGC6014"	238.989105	5.931838	0	0	0	2381	35.8	-22.99	0.22	-1.9	1.35	"NGC6014  "
250	E	"PGC058114"	246.517838	2.90655	0	0	0	1507	23.8	-21.57	0.29	-2.0	0.97	"PGC058114"
249	E	"PGC056772"	240.54834	7.085953	0	0	0	2655	39.5	-22.06	0.19	-2.0	0.93	"PGC056772"
758	S	"NGC6063"	241.804016	7.979009	0	3	0	2848	41.1	-22.54	0.2	5.9	1.39	"NGC6063  "
760	S	"NGC6106"	244.696701	7.411013	0	0	0	1448	23.3	-22.25	0.29	5.3	1.41	"NGC6106  "
768	S	"NGC6384"	263.101257	7.06027	0	2	0	1665	18.5	-23.85	0.53	3.6	1.96	"NGC6384  "
767	S	"NGC6368"	261.798096	11.543621	0	0	0	2764	41.2	-23.94	0.66	3.1	1.37	"NGC6368  "
770	S	"NGC6570"	272.780396	14.093122	0	0	0	2281	34.7	-22.88	0.57	8.8	1.35	"NGC6570  "
771	S	"NGC6574"	272.96344	14.981723	0	0	0	2282	34.8	-24.36	0.76	4.0	1.23	"NGC6574  "
866	S	"UGC10985"	267.018494	14.741472	0	0	0	1801	28.3	-21.55	0.41	9.1	1.4	"UGC10985 "
769	S	"NGC6555"	271.954865	17.604898	0	0	0	2225	34.2	-22.87	0.42	5.2	1.44	"NGC6555  "
230	E	"NGC6548"	271.496826	18.587217	1	1	0	2208	22.4	-23.19	0.35	-1.9	1.35	"NGC6548  "
251	E	"PGC061468"	272.360748	19.117682	0	0	0	2371	36.2	-21.68	0.35	0.0	1.06	"PGC061468"
764	S	"NGC6181"	248.087372	19.826603	0	1	0	2375	35.0	-24.07	0.27	5.2	1.31	"NGC6181  "
228	E	"NGC6278"	255.209763	23.010956	0	0	0	2832	42.9	-24.19	0.27	-1.9	1.22	"NGC6278  "
229	E	"NGC6547"	271.291748	25.232645	0	0	0	2677	40.8	-23.6	0.5	-1.3	1.06	"NGC6547  "
23	E	"NGC1248"	48.202328	-5.224674	0	0	0	2217	30.4	-22.9	0.27	-2.0	1.2	"NGC1248  "
807	S	"PGC012130"	49.002201	-5.499255	0	0	0	2319	31.7	-22.21	0.31	2.1	1.38	"PGC012130"
22	E	"NGC1222"	47.236446	-2.955212	0	0	0	2422	33.3	-22.71	0.26	-3.0	1.1	"NGC1222  "
358	S	"NGC2722"	134.692398	-3.710102	0	0	0	2760	38.6	-22.52	0.07	4.2	1.22	"NGC2722  "
34	E	"NGC2695"	133.612778	-3.067101	1	3	0	1833	31.5	-23.64	0.08	-2.1	1.21	"NGC2695  "
35	E	"NGC2698"	133.902222	-3.183882	0	0	0	1900	27.1	-23.32	0.08	-1.0	1.1	"NGC2698  "
36	E	"NGC2699"	133.953415	-3.127507	1	3	0	1868	26.2	-22.72	0.08	-5.0	1.06	"NGC2699  "
354	S	"NGC2697"	133.747467	-2.98763	0	0	0	1824	26.0	-22.19	0.08	-1.0	1.22	"NGC2697  "
353	S	"NGC2690"	133.158508	-2.603258	0	0	0	1607	23.1	-22.19	0.1	2.0	1.2	"NGC2690  "
728	S	"NGC5768"	223.033112	-2.529713	0	0	0	1962	29.8	-22.68	0.39	5.3	1.4	"NGC5768  "
731	S	"NGC5792"	224.59462	-1.09108	0	0	0	1922	29.4	-24.65	0.25	3.0	1.63	"NGC5792  "
