recno	PGC1	PGC1+	Nm	GLON	GLAT	SGLON	SGLAT	Ksmag	logK	HRV	VLS	Nd	Dist	e_Dist	sigmaL	sigmaV	R2t	Rg	logMK	logMd	CF3	_RA_icrs	_DE_icrs
2494	6848	6848	9	140.5221	-38.805	321.5354	-6.4061	7.24	11.64	2884	3062	3	27.8	10	230	134	0.624	0.164	13.387	12.427	1	27.5788	22.0473
2693	9332	10123	4	145.1531	-24.8122	335.8323	-9.6931	8.55	9.86	534	722	1	8.67	6	55	17	0.15	8.279	11.529	12.34	1	37.2626	33.8129
2692	10123	10123	14	145.0861	-19.1927	341.5191	-9.3357	6.11	10.97	651	845	1	10.42	13	128	123	0.347	0.307	12.622	12.629	1	40.1116	38.9443
3073	2557	2557	38	121.5054	-21.7886	336.043	12.2064	1.25	10.81	-273	-14	38	0.75	3	111	114	0.302	0.234	12.441	12.447	1	11.1026	41.0637
2039	2797207	2797207	5	136.8977	8.1653	8.0657	1.3606	7.75	11.31	2413	2645	0			172	216	0.466	0.116	13.009	12.693	0	50.3347	66.8805
3242	13826	9892	8	138.5167	10.6899	10.7504	0.0501	4.5	10.27	-36	180	6	3.23	3	72	89	0.194	0.308	11.866	12.348	1	57.5886	67.9675
2154	14508	14508	15	138.0615	12.6955	12.6942	0.7156	5.28	11.8	1267	1492	2	13.86	15	266	223	0.72	0.436	13.574	13.294	1	60.2976	69.7757
3006	12174	12174	4	128.7315	19.5	18.7411	10.2224	7.88	11.24	2370	2616	1	27.42	14	163	104	0.441	0.31	12.936	12.486	1	48.9761	80.7001
3177	25861	25861	5	223.2637	33.9898	84.7544	-49.5032	7.11	10.95	1480	1311	0			126	82	0.341	0.182	12.6	12.045	1	137.585	7.0405
2414	27074	27074	7	225.1403	38.9081	87.5579	-44.7247	8.28	10.85	2146	1981	2	47.22	10	114	100	0.31	0.591	12.477	12.736	0	142.6746	8.0443
2378	27159	27159	16	223.2384	40.5635	85.7107	-42.9627	8.33	11.23	3294	3138	1	53.95	18	160	157	0.434	0.288	12.914	12.81	1	143.4641	10.111
1906	26733	26733	12	220.5648	39.3423	82.6926	-43.9055	7.95	11.42	3441	3291	1	63.97	18	190	204	0.514	0.52	13.137	13.297	1	141.4204	11.3995
1590	30445	34426	11	216.9347	55.544	83.3638	-27.5334	7.24	10.75	1201	1100	2	24.37	11	105	97	0.285	0.305	12.365	12.418	0	155.9652	19.9279
1586	30083	34426	19	212.9301	54.7765	80.6491	-27.7249	6.65	11.12	1381	1288	5	23.68	5	146	152	0.396	0.377	12.795	12.9	1	154.4338	21.8707
2501	23362	23498	5	201.4643	28.5952	55.7148	-47.0802	8.99	11.04	3537	3452	2	41.12	11	136	55	0.369	0.404	12.704	12.053	1	124.7852	21.9379
3532	23701	23701	10	197.7608	31.6141	55.0719	-42.7023	8.81	10.68	2164	2098	2	28.21	11	99	131	0.269	0.229	12.29	12.556	1	126.7991	25.9363
3455	25525	25525	8	201.3505	39.8977	64.7446	-37.9254	9.62	10.59	2813	2738	0			91	141	0.247	0.133	12.182	12.386	1	136.5272	25.4392
2808	26649	26649	7	190.1471	45.4062	61.0993	-28.5071	8.02	10.81	1723	1697	1	32.36	14	111	124	0.301	0.175	12.439	12.391	1	141.0822	34.5197
3027	24930	27077	3	190.4553	38.7611	55.8675	-33.4175	6.37	10.23	436	408	3	9.1	5	70	110	0.189	0.092	11.831	12.004	1	133.1727	33.4214
1589	30744	34426	10	201.4157	58.6193	75.7916	-21.8007	7.26	10.93	1422	1367	3	24.91	8	123	103	0.334	0.465	12.574	12.654	1	157.2484	28.8036
1591	32533	34426	14	203.9782	63.4165	79.2305	-18.0461	7.77	10.74	1451	1396	3	24.83	9	104	185	0.283	0.224	12.358	12.846	1	162.8106	28.019
2664	35064	35064	15	174.9547	68.4928	72.9841	-6.8827	7.39	11.23	2037	2048	1	23.99	14	161	104	0.435	0.288	12.919	12.45	1	171.1311	38.6832
1274	37691	37617	10	152.882	70.2456	70.9915	0.7885	6.72	10.81	883	933	1	20.61	14	111	135	0.301	0.472	12.441	12.893	0	179.3821	43.6132
1273	36699	37617	18	148.9886	65.8225	66.3443	1.0567	6.59	10.9	900	969	7	16.79	6	120	87	0.325	0.359	12.539	12.394	0	177.2548	48.0257
1267	37617	37617	24	140.5281	62.4113	62.3786	4.1407	5.99	11.27	1029	1124	8	20.08	5	166	104	0.45	0.548	12.962	12.735	1	179.4555	52.8468
3180	27777	27777	8	194.5523	49.0587	66.3617	-27.6586	7.68	10.77	1430	1389	1	17.46	18	108	112	0.291	0.108	12.396	12.09	1	145.7693	31.8927
2449	26034	26034	6	181.538	43.8043	55.1459	-25.0625	8.43	11.01	2570	2577	2	49.63	11	133	78	0.36	0.668	12.67	12.568	1	138.6783	40.5584
1271	35616	37617	9	147.0661	59.7942	60.2676	0.6254	6.84	10.99	1119	1210	2	21.39	12	130	120	0.353	0.647	12.646	12.932	0	172.6825	53.3881
1272	37642	37617	17	138.4281	60.1089	59.9911	4.9502	6.98	10.92	1076	1184	4	19.16	5	122	143	0.33	0.267	12.559	12.695	0	179.3129	55.3592
1277	36921	37617	7	139.8077	58.9546	58.8949	4.1583	7.75	10.58	1036	1145	1	19.41	14	90	102	0.245	0.186	12.17	12.243	0	177.2945	56.0869
1909	34989	35321	6	148.1325	58.7923	59.4009	-0.1156	9.22	10.83	2916	3007	0			113	115	0.306	0.13	12.459	12.196	0	170.9094	53.8282
2956	35249	35249	11	143.7525	56.7128	56.9273	1.7982	8.62	10.58	1596	1705	1	32.06	14	91	93	0.245	0.289	12.173	12.358	0	171.929	56.9013
2073	36505	34566	12	139.8747	56.4252	56.3742	3.8816	8.19	10.51	1182	1298	3	26.89	9	86	119	0.233	0.336	12.104	12.638	1	175.0036	58.2914
3299	36655	35979	5	138.1311	56.1746	56.0414	4.8243	10.15	10.32	2441	2563	0			74	98	0.2	0.122	11.908	12.029	0	176.4131	58.97
2072	34566	34566	33	143.8497	54.8595	55.1038	1.4588	6.78	11.41	1800	1913	4	28.53	7	189	251	0.512	0.405	13.13	13.367	1	169.7953	58.3619
1268	37930	37617	13	133.8148	54.5119	54.2657	7.2046	6.65	11.18	1245	1382	1	19.05	25	154	158	0.418	0.52	12.866	13.076	0	179.5882	61.4805
3298	35979	35979	4	137.6422	53.1353	52.9787	4.8897	8.94	11.07	3359	3492	1	33.57	18	140	89	0.379	0.296	12.737	12.328	1	174.0576	61.7922
3301	20884	20884	6	158.9213	26.9181	30.3724	-16.0042	8.54	11.22	3326	3446	1	31.62	18	159	108	0.432	0.145	12.908	12.19	0	110.8915	58.0514
2749	20536	21067	3	160.0867	25.7147	29.4663	-17.3407	9.78	10.69	3208	3324	0			100	100	0.271	0.117	12.301	12.025	0	109.0191	56.8169
2603	24506	24506	4	168.8734	38.1883	44.5505	-19.8867	8.47	11.22	3278	3341	0			159	94	0.432	0.205	12.908	12.217	0	130.9134	50.2059
2434	25915	25915	10	155.5056	40.3663	42.7722	-9.4637	6.83	11.15	1337	1450	3	23.05	9	150	184	0.407	0.263	12.831	12.907	1	137.5224	60.0845
3841	30176	30176	3	152.6897	49.1982	50.7508	-5.0638	9.55	10.47	2212	2317	0			83	74	0.225	0.212	12.057	12.025	0	154.8535	58.2157
3370	32495	32495	7	140.5491	47.0454	47.0781	2.4649	9.89	10.69	3326	3471	2	57.02	8	100	84	0.27	0.174	12.297	12.045	1	162.7216	65.7474
2810	28630	28630	41	141.8791	40.8662	41.0652	0.7411	2.52	10.98	7	163	33	3.65	3	129	131	0.349	0.175	12.63	12.436	1	149.0718	69.2161
1604	30019	30019	6	136.0873	39.407	39.158	4.9953	7.25	11.63	2866	3047	4	40.46	6	229	120	0.62	0.632	13.38	12.921	1	154.4652	73.5522
2841	20398	20398	4	143.4456	27.2844	27.8014	-2.4663	9.13	10.93	3051	3234	0			123	84	0.334	0.207	12.573	12.121	1	108.074	71.7757
3466	28316	28316	4	139.0104	38.6948	38.6462	2.6717	7.5	10.85	1222	1394	1	16.52	14	115	122	0.311	0.078	12.483	12.029	0	147.6291	72.2735
2944	24723	24723	6	139.8088	33.9268	33.9744	1.5097	8.2	11.03	2187	2368	3	27.85	8	135	109	0.365	0.13	12.689	12.155	1	132.0677	73.9795
2661	25069	25069	7	134.9403	32.7111	32.3854	5.448	6.81	11.23	1375	1575	3	19.13	9	161	74	0.436	0.243	12.921	12.083	1	133.9783	78.2007
1773	21231	21231	22	127.904	28.0776	27.437	11.3053	6.57	11.6	1914	2146	3	31.07	9	222	237	0.603	0.613	13.342	13.497	1	116.1635	85.4931
1124	53932	53932	84	0.2755	49.12	124.3121	31.7413	5.43	11.9	1819	1797	10	26.74	4	290	320	0.785	0.596	13.688	13.747	1	226.3139	1.7453
2943	53247	53247	6	359.4118	52.4944	121.3028	29.5097	7.32	11.03	1609	1584	2	19.11	9	135	91	0.366	0.136	12.692	12.013	1	223.4287	3.5832
2730	52365	52365	7	357.6232	56.0037	118.5515	26.7672	7.93	10.82	1665	1637	1	33.27	14	112	103	0.303	0.581	12.447	12.749	1	220.1281	5.188
3160	55665	55665	5	20.0485	48.3992	114.1923	41.9594	8.14	10.88	1882	1933	1	28.44	14	118	84	0.319	0.403	12.516	12.412	1	234.3023	12.0772
3928	55480	55480	5	23.8496	50.3644	109.9574	41.7687	8.59	10.7	1881	1942	2	21.18	12	101	153	0.274	0.103	12.314	12.342	1	233.599	15.1617
3114	55080	55080	4	67.8465	55.3045	75.2902	38.3539	8.68	10.94	2496	2651	1	35.65	14	124	108	0.337	0.151	12.584	12.201	1	231.5321	41.6713
2000	51104	51104	18	65.356	69.5902	83.1395	25.6482	7.35	11.63	3100	3189	0			229	251	0.62	0.382	13.38	13.342	0	214.3187	36.4251
1699	49820	49747	4	74.8859	71.8868	81.0723	22.2518	9.09	10.81	2676	2763	1	54.2	25	111	59	0.3	0.314	12.436	12.004	1	209.9689	38.1969
1698	49747	49747	11	74.6376	72.7428	81.5976	21.5442	7.55	11.61	3332	3413	2	57.77	13	224	229	0.607	0.801	13.352	13.583	1	209.1082	37.6701
1486	49356	49356	61	82.8792	71.6194	78.6804	21.0749	5.96	11.97	2408	2498	8	32.03	6	309	249	0.838	0.538	13.772	13.483	0	208.3022	40.3561
2136	48767	48767	9	89.1189	71.7418	77.199	19.6858	8.12	11.18	2614	2706	2	38.68	10	154	87	0.416	0.32	12.861	12.348	0	206.3545	41.6591
2139	48034	48767	6	98.6472	70.2449	73.8754	18.2857	10.5	10.24	2644	2744	0			70	104	0.19	0.179	11.836	12.25	0	204.1366	44.696
1489	50031	49356	7	95.6979	64.1095	69.2789	22.8042	8.72	10.73	1999	2130	2	32.5	10	104	98	0.28	0.388	12.344	12.534	1	210.6261	49.0912
2173	42637	47404	10	142.7717	84.2235	84.2201	5.7452	6.45	10.6	633	647	3	6.55	7	92	217	0.25	0.092	12.199	12.594	1	190.5371	32.5427
219	45749	41220	20	100.285	79.3456	81.3059	12.6498	5.97	11.24	1031	1080	5	15.03	6	162	124	0.439	0.252	12.931	12.551	1	197.9647	36.8685
2171	46153	47404	7	106.062	74.2704	76.1746	14.2395	5.7	10.8	495	571	3	7.74	5	110	110	0.297	0.146	12.42	12.207	1	198.9414	42.0515
2172	43495	47404	7	124.8317	75.7554	75.9175	9.1947	5.02	10.69	314	371	6	4.43	3	100	56	0.271	0.365	12.299	12.021	1	192.2367	41.3637
1270	38440	37617	14	148.7759	71.6177	71.9765	2.4346	6.28	11.0	896	946	5	14.36	7	131	118	0.356	0.289	12.657	12.563	0	181.9786	43.2599
2170	39600	47404	21	139.0201	68.8895	68.8037	5.3008	5.35	10.91	485	557	7	7.26	3	122	241	0.329	0.242	12.555	13.111	1	184.4171	47.1699
1275	39241	37617	9	138.912	68.7348	68.6461	5.3296	6.79	10.78	854	929	5	16.34	7	108	160	0.293	0.323	12.403	12.879	0	184.3882	47.3283
1269	38795	37617	17	140.398	65.1397	65.0962	4.4626	6.05	11.1	864	949	7	16.54	5	143	124	0.388	0.341	12.768	12.677	0	181.4393	50.4111
2137	47441	48767	11	104.3637	69.0932	71.7417	17.2199	8.43	11.05	2579	2683	1	38.37	14	137	137	0.371	0.245	12.709	12.621	1	202.3856	46.6373
2169	47404	47404	6	104.8579	68.5319	71.1368	17.3349	5.16	11.03	472	581	3	8.14	8	134	77	0.364	0.284	12.685	12.19	1	202.4837	47.2225
3063	44025	44025	6	121.9728	58.6875	59.0022	13.3675	8.86	10.88	2553	2694	2	40.1	12	118	77	0.32	0.267	12.516	12.161	1	193.8117	58.4337
4011	41436	41436	3	128.1028	58.9574	58.8623	10.1866	9.8	10.67	3124	3254	1	34.51	18	98	87	0.265	0.145	12.272	12.0	1	187.8324	57.9685
2022	41621	39568	13	126.3176	53.0887	52.9938	11.6804	8.52	11.06	2683	2839	1	34.51	14	138	192	0.375	0.247	12.723	12.923	1	188.2323	63.9177
2055	38524	38524	10	130.2495	51.3825	51.1201	9.3755	6.85	11.17	1341	1496	2	23.35	9	153	107	0.414	0.32	12.852	12.524	1	181.9672	65.1223
2846	53511	53511	5	90.5897	54.4996	62.459	30.679	9.01	11.03	3273	3450	0			135	153	0.366	0.174	12.694	12.569	0	224.6706	53.8883
2888	54110	54110	5	90.2126	52.8463	61.083	31.8623	9.1	10.99	3235	3420	1	50.82	18	130	116	0.353	0.449	12.645	12.742	1	227.2109	54.6519
2465	54470	54470	7	91.8865	51.6815	59.2655	31.7217	6.03	11.11	758	949	3	16.42	6	144	73	0.391	0.308	12.777	12.173	1	227.8967	56.1534
1758	55674	55674	11	93.0818	46.8881	53.9878	33.6883	7.25	11.64	2873	3084	3	45.84	8	231	196	0.626	0.476	13.391	13.223	1	234.7366	59.3641
2046	51978	51978	14	89.0375	60.3319	68.205	27.591	7.44	11.33	2215	2365	3	37.84	8	176	148	0.478	0.388	13.041	12.888	1	218.0829	49.6293
2047	52266	51978	6	90.7414	58.471	65.9678	28.1413	9.1	10.67	2198	2357	2	40.93	12	98	89	0.265	0.244	12.274	12.25	1	219.4392	51.4928
2175	50063	47404	9	102.0255	59.7891	63.6015	22.6095	5.9	10.44	264	414	7	6.84	3	81	230	0.219	0.123	12.025	12.775	1	210.7942	54.3308
2099	50191	50191	31	102.6447	58.9831	62.6701	22.7114	6.92	11.4	1862	2017	2	28.19	9	188	229	0.508	0.398	13.121	13.281	1	211.0929	55.1789
2100	51564	50191	6	99.5209	56.026	60.706	25.6001	8.45	10.81	1892	2063	2	28.72	11	111	106	0.301	0.231	12.438	12.371	1	216.6254	56.5681
3132	59742	59742	6	103.7653	33.3898	35.5049	31.3244	8.24	10.61	1232	1490	2	30.02	12	93	90	0.252	0.184	12.21	12.134	1	257.4583	72.3343
2711	49881	49881	3	107.2964	55.6414	58.2542	21.8371	9.04	10.98	3105	3274	1	43.45	14	128	110	0.348	0.154	12.627	12.233	1	210.2088	59.3302
2339	49044	49044	24	110.0184	55.4445	57.47	20.4676	6.55	11.58	1920	2087	5	23.28	6	219	249	0.594	0.386	13.324	13.338	1	207.6266	60.1781
2021	39568	39568	11	128.1515	50.9029	50.689	10.7104	7.74	11.36	2632	2793	0			180	146	0.488	0.269	13.068	12.719	0	184.7837	65.8967
2056	42139	38524	4	124.2367	42.9066	42.7056	13.9078	7.82	11.09	1929	2125	3	20.94	10	142	205	0.384	0.212	12.756	12.908	1	189.3506	74.1861
2054	39791	38524	14	125.5799	41.6377	41.3376	12.998	7.11	11.23	1604	1802	4	23.55	8	161	168	0.435	0.332	12.918	12.932	1	185.024	75.329
3051	69342	69342	4	87.4187	-29.6926	314.6644	37.3307	7.54	10.94	1300	1578	2	22.55	9	125	91	0.338	0.137	12.59	12.013	1	339.3901	23.7936
2304	165861	165861	4	88.7259	5.884	1.7166	48.8868	7.93	11.46	3140	3454	0			198	77	0.536	0.64	13.19	12.537	0	309.7743	51.1606
3618	65001	65001	7	95.7222	11.6665	10.0231	41.9997	5.41	10.48	38	349	1	6.23	14	84	101	0.227	0.189	12.068	12.246	0	308.7322	60.1528
2618	1851	1851	12	338.3564	-82.4234	262.9148	-3.5652	6.79	11.27	1649	1638	3	19.41	9	167	156	0.453	0.33	12.97	12.866	1	7.6189	-33.2043
4017	72444	72444	5	15.464	-75.6828	262.4504	5.8538	9.11	10.88	2985	3008	1	25.0	21	118	129	0.319	0.142	12.512	12.334	1	356.967	-30.523
3212	2789	2789	4	98.2371	-87.8903	271.6425	-4.9861	3.8	11.1	305	340	3	3.49	4	144	146	0.39	0.268	12.775	12.714	1	11.8855	-25.2082
2269	69733	69733	4	35.6453	-61.5187	264.0196	21.5508	8.14	11.34	3189	3274	2	39.22	14	176	85	0.478	0.591	13.041	12.595	1	341.8534	-22.3774
2517	72060	72060	5	70.1929	-67.744	278.7156	14.1872	7.23	11.26	1862	1979	2	26.51	12	166	77	0.449	0.351	12.959	12.274	1	354.8688	-12.5875
1878	6983	5663	7	173.1146	-70.375	286.5968	-17.3793	7.27	10.99	1438	1467	2	25.98	10	130	107	0.351	0.235	12.638	12.389	1	28.2627	-13.7738
1880	6671	5663	3	164.8176	-68.4622	289.7802	-15.699	8.7	10.58	1725	1772	0			91	92	0.245	0.177	12.173	12.14	1	27.2905	-10.4224
1877	5663	5663	12	151.4234	-67.6197	292.1162	-11.1679	6.43	11.57	1869	1943	4	23.48	7	217	91	0.587	0.367	13.307	12.442	1	23.4062	-7.1122
1929	10266	10266	9	171.9902	-51.8571	304.3726	-25.8067	5.47	11.56	1191	1243	2	15.85	10	215	177	0.583	0.36	13.301	13.013	1	40.6694	0.0906
2454	9359	9359	6	168.7092	-55.1914	301.8966	-22.6731	6.81	11.26	1568	1625	3	23.49	8	165	164	0.447	0.215	12.955	12.724	0	37.0118	-1.1495
3228	8173	8173	4	154.8995	-51.6921	307.8976	-15.7805	9.51	10.85	3386	3490	3	52.59	10	114	95	0.31	0.253	12.477	12.318	1	32.1407	6.328
1573	4946	4946	13	137.146	-57.4828	302.6684	-5.2059	6.52	11.71	2251	2382	2	32.88	10	246	80	0.665	0.807	13.471	12.674	1	20.4684	4.5466
1572	5222	4946	15	136.3845	-52.5204	307.6038	-4.4136	6.61	11.73	2407	2558	5	31.19	6	250	196	0.678	0.388	13.497	13.13	1	21.1111	9.4871
3667	68743	68743	4	60.2881	-47.5181	280.6166	34.9653	9.12	10.88	2853	3036	1	33.27	23	118	158	0.319	0.15	12.513	12.535	1	335.924	-3.4447
3476	70098	70098	3	71.7565	-52.1973	286.64	27.8973	9.69	10.71	3052	3239	0			101	100	0.275	0.115	12.32	12.017	0	344.3303	-1.0475
2701	69847	69847	3	69.2722	-51.3582	285.4971	29.3324	8.62	11.15	3120	3305	1	46.56	23	150	187	0.406	0.415	12.828	13.121	1	342.6487	-1.5372
4035	218	218	6	106.4391	-45.1797	309.0668	16.3813	7.12	10.86	964	1188	3	9.84	8	116	92	0.315	0.245	12.498	12.272	1	0.8349	16.1462
2780	70264	70264	10	87.9564	-39.1421	306.0889	31.0597	7.76	11.18	2053	2303	4	25.93	6	154	143	0.418	0.148	12.865	12.441	0	345.2919	16.1265
2273	18883	18883	4	234.8164	-18.2822	239.4086	-76.0071	7.21	11.02	1703	1474	2	27.61	12	133	114	0.36	0.258	12.672	12.487	1	95.2441	-27.2599
1994	19617	19617	28	236.7375	-12.7974	215.7446	-78.7225	5.8	11.77	2070	1827	5	21.5	8	258	274	0.699	0.467	13.535	13.504	0	101.7257	-26.8277
3630	18858	18858	4	227.906	-15.4647	266.7534	-80.8402	8.77	10.57	2011	1803	0			90	103	0.243	0.122	12.158	12.072	0	95.2881	-20.073
3122	17436	17436	7	225.7783	-26.6335	274.0906	-69.63	7.39	10.97	1710	1525	3	20.17	9	128	123	0.347	0.439	12.624	12.786	1	83.3759	-22.4137
2734	18047	17860	4	223.0277	-20.8116	285.7749	-74.9098	8.92	10.91	3051	2870	2	35.4	11	121	90	0.328	0.157	12.549	12.064	0	88.1559	-17.9291
2387	17422	17422	3	217.1033	-23.6615	298.5787	-70.0464	8.43	11.18	3297	3144	2	55.65	12	154	163	0.418	0.153	12.866	12.569	1	83.1751	-14.0221
3512	40023	40023	3	296.2706	26.7035	149.9562	-15.6744	8.58	10.93	2781	2514	2	26.14	12	124	140	0.334	0.293	12.575	12.721	0	185.5199	-35.7882
11	39212	43296	6	294.6965	26.7989	149.456	-16.999	7.55	11.37	2851	2581	1	34.36	14	181	161	0.491	0.275	13.076	12.812	1	183.8245	-35.4943
1449	38411	37061	25	291.6554	31.878	143.5323	-17.9431	6.47	11.51	2108	1845	9	21.48	5	205	162	0.556	0.389	13.238	12.969	1	181.8025	-30.0235
1448	37061	37061	25	287.0267	32.2628	141.6399	-21.4584	5.91	11.57	1809	1542	7	22.57	5	218	182	0.591	0.493	13.316	13.173	1	177.5391	-28.7092
1452	35539	37061	3	283.1353	29.4766	142.9676	-25.6338	7.51	10.85	1673	1396	1	19.23	14	115	83	0.311	0.242	12.479	12.182	1	172.8904	-30.3062
5	43557	43296	22	302.9333	36.4075	141.8602	-7.7062	6.82	11.81	3296	3066	7	39.89	8	267	163	0.724	0.428	13.582	13.017	1	192.8607	-26.4642
7	45466	43296	22	307.803	38.9261	140.2186	-3.4022	7.42	11.48	2995	2783	2	38.06	12	201	118	0.544	0.444	13.21	12.747	1	196.9994	-23.789
1667	46525	46490	12	312.1284	41.016	138.7097	0.2138	6.34	11.42	1773	1576	5	19.92	6	190	206	0.515	0.336	13.137	13.114	1	200.2974	-21.3239
1218	46247	46247	56	310.9324	45.9669	133.6849	0.0965	5.83	11.95	2488	2304	7	27.87	5	304	343	0.824	0.505	13.751	13.735	0	198.6516	-16.5446
212	42407	41220	17	299.0136	51.3012	126.6569	-6.3033	4.89	11.62	1196	1013	3	11.31	6	226	466	0.613	0.456	13.365	13.957	1	190.3607	-11.4945
1451	34160	37061	5	277.2633	31.1475	138.7136	-29.4098	6.74	10.97	1405	1128	2	19.92	10	128	72	0.347	0.439	12.622	12.314	1	168.3224	-26.7863
2323	33667	33667	7	271.7403	36.9801	130.2129	-30.0896	8.45	11.26	3717	3459	0			165	159	0.446	0.233	12.952	12.731	0	166.825	-19.5053
1450	37969	37061	26	286.2899	42.1464	131.845	-17.8521	5.95	11.5	1676	1438	12	21.6	4	204	120	0.552	0.532	13.228	12.848	1	179.8783	-19.0412
3606	36827	36827	5	278.5761	49.0301	122.7105	-18.976	8.27	10.61	1721	1507	1	23.01	14	93	55	0.252	0.427	12.207	12.068	0	176.8815	-10.7956
2703	35088	35088	7	269.9252	47.1351	120.4159	-24.669	7.38	10.99	1770	1548	2	26.16	7	130	113	0.352	0.427	12.642	12.697	1	170.7563	-9.9916
3153	36304	36304	6	273.5458	52.6907	117.5922	-19.2444	8.68	10.47	1742	1543	1	36.31	11	83	96	0.224	0.223	12.053	12.272	1	175.4532	-6.1626
1072	37845	39659	6	277.3697	59.2045	113.7814	-13.4463	7.33	10.84	1439	1270	1	29.92	18	114	64	0.308	0.593	12.467	12.35	1	180.0944	-1.1094
1224	47394	46247	3	315.6374	43.9841	136.0782	3.1428	7.7	10.75	1541	1363	1	25.59	14	105	70	0.285	0.231	12.367	12.013	1	202.4347	-17.9407
1222	46441	46247	5	312.9401	47.513	132.3529	1.6805	8.68	10.95	2853	2679	2	27.62	12	125	77	0.339	0.195	12.592	12.025	0	199.8334	-14.8159
1220	46456	46247	7	313.5645	49.632	130.3018	2.3581	7.89	11.28	2912	2746	0			169	138	0.457	0.145	12.982	12.403	1	199.8949	-12.6579
2249	45146	45146	5	307.8227	51.2544	128.1183	-0.9924	8.29	11.24	3331	3158	0			163	130	0.441	0.244	12.936	12.573	1	195.9809	-11.4987
223	45313	41220	7	309.6208	54.7219	124.9118	0.7142	6.91	11.12	1611	1453	2	14.68	13	146	178	0.396	0.134	12.794	12.59	1	196.7542	-7.9474
243	45165	41220	4	308.8327	56.865	122.724	0.6605	7.85	10.46	1191	1040	1	15.0	25	82	76	0.222	0.229	12.041	12.076	0	196.0979	-5.8583
1127	52455	53932	18	351.7225	51.7533	124.5538	25.6993	7.11	11.19	1771	1720	4	25.8	9	155	99	0.42	0.32	12.873	12.459	0	220.6163	-0.2786
1125	52665	53932	10	354.8707	52.9538	122.4074	26.8972	6.71	11.32	1699	1657	1	30.48	14	174	157	0.471	0.442	13.021	12.997	1	221.1936	1.9132
1132	51787	53932	15	351.7758	56.4588	119.8605	23.7074	7.97	10.79	1663	1618	3	26.88	9	109	139	0.296	0.264	12.417	12.67	1	217.4846	3.2349
1126	51233	53932	12	349.0502	58.3138	118.7313	21.5833	6.69	11.25	1579	1527	5	23.63	7	164	163	0.444	0.299	12.945	12.86	1	215.1544	3.6677
226	49547	41220	17	340.836	63.2258	115.4671	16.0556	6.54	11.09	1242	1176	3	17.28	9	142	155	0.384	0.222	12.757	12.689	1	208.994	5.2071
222	43321	41220	5	301.8693	54.2007	124.3958	-3.7897	6.48	11.12	1366	1193	1	19.5	21	146	130	0.396	0.233	12.795	12.554	0	192.2308	-8.6659
216	43276	41220	19	301.9558	57.0038	121.7149	-2.9544	6.27	11.27	1437	1278	4	13.28	8	166	80	0.451	0.338	12.964	12.29	0	192.3251	-5.8639
3412	44891	44891	7	307.6198	58.2383	121.2512	0.286	8.57	11.08	3104	2957	1	30.2	23	140	94	0.38	0.126	12.742	12.009	1	195.3329	-4.5434
2224	42375	42375	6	297.6874	57.5226	120.4984	-4.9848	7.49	11.34	2600	2436	1	36.64	14	177	191	0.479	0.205	13.045	12.833	1	190.0344	-5.234
225	42975	41220	7	299.4049	62.399	116.1779	-2.5494	6.94	11.11	1588	1446	3	15.23	8	144	121	0.391	0.224	12.778	12.476	0	191.2261	-0.428
229	43671	41220	8	303.4732	61.6869	117.4173	-0.9344	6.77	10.79	1072	934	0			110	138	0.297	0.263	12.418	12.664	1	193.1163	-1.1838
1074	41083	39659	3	291.4393	60.4181	116.56	-6.8245	9.12	10.63	2443	2286	0			95	85	0.257	0.18	12.23	12.072	0	187.2115	-1.9486
230	41618	41220	6	292.7271	62.6262	114.8174	-5.3245	7.45	10.77	1392	1247	2	8.96	8	107	163	0.291	0.045	12.393	12.037	1	188.1869	0.1254
231	42797	41220	8	298.1652	64.7729	113.7537	-2.2789	7.42	10.77	1352	1220	0			107	92	0.289	0.242	12.387	12.272	0	190.8286	1.9764
256	43798	41220	7	304.1925	65.0476	114.2526	0.2417	8.29	10.07	943	819	0	16.0	20	63	88	0.17	0.166	11.694	12.064	0	193.3916	2.1811
214	41789	41220	22	293.0511	64.927	112.7819	-4.2292	6.36	11.4	1685	1550	4	14.33	5	187	142	0.506	0.341	13.114	12.797	1	188.6857	2.376
227	42734	41220	29	297.5995	65.8281	112.6814	-2.1339	5.91	11.0	919	794	5	16.2	7	131	140	0.355	0.472	12.653	12.929	1	190.6755	3.0468
3045	43998	43998	10	305.7477	70.9405	108.6686	2.2156	8.48	11.01	2711	2615	0			132	150	0.357	0.203	12.662	12.619	0	193.7879	8.0891
3036	29265	29265	6	247.7627	36.7855	112.3778	-42.8598	5.9	10.51	681	451	2	10.56	9	86	72	0.232	0.337	12.1	12.204	1	151.3008	-7.7039
228	33550	41220	7	255.5324	52.8297	108.5327	-26.2127	5.84	10.9	874	687	1	13.24	14	120	346	0.325	0.393	12.539	13.633	1	166.453	-0.0358
2462	34778	34778	17	256.9765	57.7835	106.4518	-21.5655	7.1	10.95	1477	1309	2	26.98	9	126	202	0.342	0.34	12.603	13.1	1	170.2898	3.2057
1823	27762	27762	5	239.5274	35.0066	104.6828	-47.1132	6.24	11.44	1759	1540	1	22.08	13	194	138	0.525	0.612	13.164	13.025	1	145.6401	-3.7136
3161	27635	27635	8	230.1702	39.6711	92.9933	-43.9362	8.35	10.72	1954	1774	2	28.24	9	102	70	0.278	0.241	12.332	12.033	1	145.2969	5.0532
1824	29814	27762	11	238.1881	45.5626	99.4987	-37.2222	6.52	11.01	1246	1062	2	22.89	7	132	82	0.357	0.359	12.663	12.338	1	153.4887	3.4238
218	32256	41220	40	233.6416	57.7652	93.708	-25.7128	4.78	11.24	757	625	7	10.7	3	163	357	0.44	0.404	12.934	13.672	1	162.1157	12.5816
3593	28821	28821	3	225.5159	46.6692	88.4073	-36.9851	9.83	10.51	2907	2759	1	46.56	25	86	75	0.232	0.29	12.097	12.167	0	149.7542	11.4567
3152	30463	30463	7	228.2831	52.5302	90.649	-31.1447	8.77	10.94	2927	2787	3	37.91	12	125	156	0.338	0.137	12.591	12.48	1	155.9055	12.6251
3128	32178	32178	5	231.3118	57.9652	92.318	-25.6355	8.88	10.95	3072	2942	0			125	97	0.339	0.256	12.595	12.342	0	161.646	13.7505
220	40001	41220	10	284.4892	66.6498	109.5722	-6.4769	6.66	11.16	1479	1349	5	16.99	8	151	269	0.408	0.503	12.836	13.521	1	185.6306	4.819
1070	39659	39659	129	281.8706	67.4548	108.3247	-6.8704	5.19	12.13	2224	2094	18	31.39	4	356	382	0.963	0.649	13.954	13.938	0	184.8974	5.8946
291	39483	41220	6	281.1976	67.6474	108.0161	-6.9665	9.61	9.47	880	752	2	16.54	12	45	163	0.123	0.219	11.27	12.723	0	184.7164	6.1606
224	40375	41220	7	283.0135	70.0578	106.4191	-5.0388	6.33	11.11	1205	1097	6	22.36	5	145	224	0.392	0.66	12.782	13.479	1	186.117	8.236
211	41220	41220	714	283.9352	74.5198	102.8803	-2.297	2.52	12.74	1336	1240	170	15.76	3	610	794	1.652	1.28	14.656	14.867	1	187.7558	12.4059
1071	38890	39659	11	267.6078	73.6514	100.5384	-6.1964	7.38	11.24	2165	2068	8	33.31	6	162	185	0.439	0.741	12.931	13.367	1	183.2248	13.4828
1785	36678	36200	10	250.8149	69.6858	98.1278	-12.3179	8.38	11.19	3198	3089	0			155	166	0.421	0.301	12.874	12.879	1	176.4735	13.7624
251	42741	41220	3	294.5364	75.9528	102.9276	0.7547	8.45	10.14	1036	956	3	22.05	6	66	70	0.178	0.25	11.753	12.053	1	190.7733	13.2173
2174	44182	47404	4	315.686	84.4217	95.608	6.1263	5.38	10.57	413	379	2	5.11	6	90	106	0.243	0.224	12.158	12.358	1	194.1828	21.6815
221	43451	41220	6	295.1881	88.3663	91.5203	5.701	6.34	11.13	1147	1133	2	12.13	7	148	125	0.4	0.143	12.808	12.314	1	192.6156	25.5092
213	42038	41220	9	229.9165	86.0709	90.1746	2.3948	5.75	11.45	1272	1250	3	13.15	6	196	95	0.531	0.343	13.179	12.455	1	188.6811	25.9189
215	34695	41220	15	241.4621	64.3631	96.3792	-18.533	4.78	11.32	808	685	5	9.69	5	174	167	0.472	0.196	13.025	12.7	1	169.8843	13.1309
1587	34426	34426	19	230.6554	66.5906	91.3647	-17.0505	6.34	11.06	1141	1042	6	22.14	5	139	246	0.376	0.367	12.728	13.307	1	169.3962	18.1081
1788	36535	36200	6	243.8749	71.2155	95.3604	-11.6918	9.3	10.87	3339	3243	0			116	106	0.316	0.221	12.501	12.358	0	176.1169	16.5193
1784	36200	36200	20	239.368	70.8975	93.9936	-12.3654	7.87	11.45	3401	3308	0			196	142	0.53	0.422	13.176	12.89	0	174.9623	17.5302
1787	35968	36200	9	237.5751	70.475	93.4827	-12.896	9.28	10.89	3405	3312	0			119	76	0.322	0.257	12.526	12.134	0	174.2536	17.8025
1593	32787	34426	15	226.6576	61.2734	89.6296	-22.4043	8.43	10.16	1083	973	4	23.13	7	67	70	0.18	0.24	11.771	12.037	1	163.5723	17.3596
3549	36914	36914	5	210.1505	76.1654	85.9111	-6.8994	8.45	10.67	1786	1745	3	24.89	10	98	97	0.265	0.229	12.272	12.29	1	177.3192	26.9416
2453	37666	37666	11	205.5186	78.1915	85.6172	-4.6479	8.45	11.27	3521	3490	0			166	149	0.451	0.387	12.965	12.898	0	179.5693	28.0235
217	40692	41220	44	191.2454	83.0484	85.908	0.6936	5.24	11.25	795	781	9	16.32	4	164	309	0.444	0.522	12.944	13.658	1	185.4351	29.5008
2455	38081	37666	4	197.912	79.1556	84.6831	-3.1361	10.29	10.52	3457	3435	1	48.08	18	86	85	0.233	0.184	12.107	12.083	1	180.8179	29.4218
2283	37544	37544	13	186.5813	77.1752	81.6473	-3.4228	8.15	11.31	3214	3204	0			173	116	0.469	0.221	13.017	12.43	0	179.2703	32.1606
3074	5064336	2557	16	359.2117	-0.6057	186.4285	41.4388	1.89	10.56	9	-36	16	0.01	3	89	78	0.241	1.544	12.146	12.935	0	266.5276	-29.9245
2333	61713	61536	5	41.0837	13.2073	131.4834	80.7391	8.73	11.04	2885	3067	0			136	136	0.369	0.31	12.705	12.721	0	274.571	13.1228
2433	61128	61128	6	43.7438	20.3385	103.7454	75.5467	7.92	11.42	3074	3259	1	40.18	8	190	121	0.515	0.205	13.137	12.436	1	268.8892	18.3623
2995	59426	59426	10	43.5268	34.0516	96.8027	62.0412	8.68	11.06	2894	3055	1	38.02	21	138	146	0.375	0.298	12.726	12.761	1	255.0877	23.0106
2981	15941	15941	5	268.8126	-38.986	227.4857	-40.4205	7.04	10.7	1194	952	0			101	124	0.273	0.189	12.314	12.425	0	71.4255	-59.2699
909	14765	13418	31	265.5612	-43.5138	234.1955	-39.9642	4.72	11.69	1239	1016	8	17.69	4	241	242	0.653	0.654	13.447	13.544	1	64.3718	-55.7811
2918	16779	16779	6	241.4587	-36.13	248.5265	-57.5149	6.06	10.96	1024	814	4	10.86	8	126	103	0.343	0.138	12.606	12.127	0	76.6795	-37.7449
918	13727	13418	9	251.2558	-51.9991	250.9324	-40.2607	7.03	10.75	1174	1001	2	17.66	7	105	100	0.286	0.361	12.369	12.521	1	55.3533	-44.3547
2962	12209	12209	3	247.5341	-57.076	256.4619	-36.8351	5.82	10.89	818	675	2	9.24	8	119	112	0.323	0.234	12.53	12.43	1	49.2825	-41.1056
908	12651	13418	13	239.9775	-56.6784	261.166	-38.6688	5.36	11.79	1669	1532	4	18.34	5	263	209	0.713	0.416	13.562	13.217	1	50.7026	-37.1084
907	13418	13418	120	236.6231	-53.8838	262.6904	-41.8472	4.43	12.06	1502	1360	49	18.09	3	333	380	0.902	0.607	13.869	13.902	0	54.3184	-35.3897
913	14638	13418	12	232.6135	-46.445	264.4219	-49.6209	6.34	11.08	1224	1068	3	17.17	9	141	173	0.382	0.257	12.75	12.848	1	63.1319	-32.4793
2756	3089	3089	11	304.3276	-85.8361	265.911	-7.243	7.58	10.92	1585	1572	1	23.33	14	123	130	0.332	0.441	12.568	12.835	1	12.7409	-31.2909
917	12923	13418	9	229.7369	-55.7133	268.2449	-40.5707	7.14	10.8	1238	1117	3	19.48	7	110	130	0.298	0.379	12.427	12.769	0	52.0658	-31.4462
916	12431	13418	5	219.6202	-56.9201	275.437	-39.0334	7.78	10.85	1682	1590	1	22.39	14	115	95	0.312	0.234	12.484	12.281	1	49.9607	-26.0177
912	10488	13418	6	226.3661	-64.7748	270.502	-31.5408	6.24	11.21	1267	1184	2	18.31	10	159	159	0.43	0.389	12.902	12.953	1	41.4692	-30.0411
920	11479	13418	4	212.1124	-60.0644	279.2279	-35.0231	8.26	10.53	1436	1370	1	21.78	14	87	88	0.236	0.155	12.121	12.037	1	45.6511	-22.8797
1432	13434	13505	5	221.5596	-52.7762	274.8271	-43.3001	6.61	11.32	1691	1583	2	29.4	16	173	76	0.47	0.458	13.017	12.389	0	54.7286	-26.3501
910	13419	13418	29	216.5805	-51.9951	279.138	-43.4646	5.95	11.58	1681	1585	13	20.17	4	220	193	0.595	0.515	13.326	13.246	1	54.8196	-23.2141
911	12838	13418	19	212.2608	-54.017	281.6647	-40.7579	6.37	11.35	1563	1482	7	20.92	5	180	202	0.486	0.433	13.064	13.207	1	51.9446	-21.2755
1431	13505	13505	29	209.7081	-50.3292	285.5066	-43.5763	5.87	11.62	1670	1589	5	27.67	7	226	331	0.613	0.531	13.364	13.724	1	55.1204	-18.6044
1434	12412	13505	4	207.9949	-55.2189	284.0339	-38.7028	7.58	10.9	1603	1537	1	27.16	11	120	72	0.326	0.289	12.544	12.134	0	49.8898	-19.3188
2448	11638	11638	7	199.4874	-56.9078	288.1354	-34.8825	7.66	11.32	2609	2572	2	35.01	9	174	106	0.471	0.354	13.021	12.558	1	46.3195	-15.6072
1930	9843	10266	16	181.5301	-58.6096	294.805	-27.0414	6.15	11.45	1469	1487	4	17.2	8	195	143	0.528	0.373	13.17	12.844	1	39.5716	-8.4943
2155	29311	29311	9	287.9861	-9.2249	187.0274	-29.9349	6.67	11.26	1825	1521	2	22.53	9	165	192	0.446	0.266	12.951	12.952	1	151.7951	-67.1992
1708	26592	26592	9	281.885	-9.6661	187.3746	-35.9624	7.47	11.46	3092	2782	0			198	215	0.535	0.323	13.188	13.134	0	140.199	-63.5578
1709	27431	26592	3	282.2076	-7.1244	184.2557	-35.5652	8.09	11.13	2822	2510	0			146	77	0.397	0.193	12.799	12.017	0	144.5551	-61.9487
2332	21373	21373	12	281.0274	-21.7017	202.2984	-36.0129	6.26	11.15	1403	1112	2	21.18	9	150	78	0.406	0.295	12.827	12.217	1	113.3182	-69.3612
2774	22879	22879	4	275.2025	-15.114	194.707	-42.2869	8.63	11.0	3104	2799	0			132	107	0.357	0.19	12.66	12.297	0	122.1925	-61.5726
1818	20556	20556	11	273.6759	-20.2184	201.8557	-43.0272	7.1	11.65	3204	2908	5	40.19	7	233	99	0.63	0.671	13.401	12.775	1	111.0158	-62.4007
753	30785	30308	10	277.6681	11.4762	160.523	-36.8925	6.65	11.68	2758	2445	1	35.97	14	238	128	0.646	0.34	13.433	12.708	1	157.1191	-44.2706
2133	36101	36101	9	287.028	22.6638	151.3948	-24.8917	7.45	11.41	2880	2590	2	42.08	14	188	190	0.51	0.513	13.127	13.228	0	174.1721	-37.8886
751	33871	30308	20	281.4613	21.23	150.9073	-30.2324	6.19	11.91	2864	2567	6	30.87	6	292	294	0.791	0.477	13.697	13.577	1	167.4375	-37.3658
13	35417	43296	8	285.0291	23.609	149.7202	-26.3028	7.78	11.29	2927	2637	2	35.89	12	170	121	0.459	0.27	12.989	12.556	1	172.3757	-36.398
2803	34378	34378	4	281.0897	24.8908	146.8602	-29.1552	8.58	10.99	2998	2708	1	42.46	14	130	118	0.353	0.234	12.647	12.476	1	168.8735	-33.8792
763	29319	30308	3	274.2207	9.1187	162.1589	-40.8218	8.94	11.0	3535	3220	0			131	163	0.356	0.256	12.655	12.791	0	151.3482	-44.3017
759	28845	30308	8	267.0918	16.5196	149.2995	-44.5575	7.44	11.37	2770	2465	3	28.64	7	182	122	0.493	0.355	13.079	12.685	1	150.1178	-34.1967
758	28376	30308	8	264.474	16.1681	148.0687	-46.9443	7.29	11.43	2753	2450	5	33.46	7	191	148	0.518	0.516	13.146	13.013	1	147.5424	-32.846
2938	27978	27978	8	262.5928	16.73	146.0233	-48.236	6.51	10.77	1106	805	1	14.06	18	107	124	0.29	0.242	12.387	12.533	1	146.397	-31.2248
755	30671	30308	11	274.9795	15.0146	155.2294	-38.2203	6.78	11.63	2765	2456	4	42.69	8	229	155	0.621	0.528	13.382	13.064	1	156.7043	-39.8806
757	31974	30308	9	275.8951	19.5952	150.3364	-35.6778	7.39	11.45	2953	2650	4	29.55	8	196	206	0.531	0.306	13.179	13.076	1	160.7004	-36.4336
765	29993	30308	6	269.4298	19.0245	147.6424	-41.433	8.53	10.96	2833	2531	1	32.36	14	126	158	0.343	0.228	12.606	12.713	0	154.0836	-33.5701
752	30988	30308	10	272.9877	19.3991	149.1437	-38.2549	7.15	11.76	3688	3385	1	36.81	23	257	163	0.696	0.265	13.531	12.81	0	157.6943	-35.1662
750	30308	30308	76	272.5079	19.1663	149.1653	-38.7639	5.82	11.96	2613	2310	11	34.4	5	307	440	0.832	0.437	13.763	13.889	1	157.075	-35.1132
853	32666	31478	4	276.0371	23.6922	145.8762	-33.839	7.93	11.33	3260	2966	1	50.58	14	176	86	0.478	0.431	13.041	12.465	1	163.2876	-32.9293
3956	32271	32271	3	274.2701	24.4039	144.2233	-34.9571	8.39	11.08	3027	2735	1	19.05	25	141	136	0.381	0.11	12.745	12.27	1	162.0375	-31.5179
754	28960	30308	17	265.2548	18.7478	145.3616	-45.0277	6.64	11.65	2643	2343	4	31.34	8	232	185	0.629	0.523	13.4	13.215	1	150.1856	-31.3637
852	31478	31478	185	269.5476	26.4132	139.4116	-37.6404	5.22	12.54	3686	3399	63	47.49	3	509	639	1.379	0.842	14.422	14.497	1	159.0865	-27.5629
3131	21453	21453	3	267.4105	-15.7893	197.0072	-49.6567	9.35	10.64	2865	2564	1	50.58	18	95	115	0.259	0.357	12.241	12.632	1	114.4783	-55.1953
1862	20560	20560	3	247.5328	-10.534	193.3012	-69.6215	7.88	11.22	2827	2550	0			160	104	0.433	0.376	12.911	12.574	0	109.3357	-35.4668
1865	20908	20560	3	243.1924	-6.7982	182.6408	-74.2746	7.89	10.94	2129	1860	1	33.57	14	125	127	0.338	0.33	12.59	12.688	1	111.0089	-29.9548
1948	20047	20047	8	240.0278	-10.5201	199.4001	-76.7964	7.33	11.19	2155	1899	1	25.82	13	155	204	0.419	0.372	12.869	13.149	1	105.5875	-28.8038
1554	24590	23222	8	255.7067	5.6271	157.6844	-59.2958	6.34	11.51	2050	1750	0			206	180	0.558	0.407	13.243	13.079	0	131.2877	-33.8337
1557	26561	23222	3	259.8946	12.5152	149.7591	-52.5863	7.33	10.96	1769	1467	2	24.06	11	127	85	0.344	0.284	12.614	12.276	1	140.7356	-32.4275
2467	26157	26157	4	252.171	17.3955	135.5619	-55.9017	8.22	10.98	2523	2240	1	44.46	14	128	91	0.348	0.317	12.626	12.38	1	139.0791	-23.6343
3315	25950	25950	9	251.9006	16.6532	136.2498	-56.5886	6.13	10.54	797	516	3	9.95	9	87	306	0.237	0.24	12.127	13.312	1	138.2815	-23.9261
2972	25155	24913	3	246.7318	15.9214	130.5577	-60.6382	9.42	10.57	2721	2449	0			90	81	0.244	0.262	12.164	12.196	0	134.2748	-20.5496
2132	27882	28027	4	260.765	18.2418	142.687	-48.9085	9.07	10.63	2519	2223	1	48.98	23	94	95	0.256	0.389	12.228	12.504	1	146.1011	-28.9316
756	28806	30308	8	261.2613	21.8113	138.7426	-46.4762	6.81	11.5	2427	2137	4	39.49	9	203	107	0.551	0.759	13.225	12.899	1	149.2031	-26.602
2086	27885	27885	6	254.8771	23.836	130.7108	-49.6307	7.29	11.23	2228	1951	1	30.76	8	160	200	0.434	0.377	12.915	13.14	1	146.0401	-21.0924
2900	30204	30204	7	262.2157	29.0856	131.6142	-41.2487	9.36	10.85	3539	3264	2	56.79	16	114	174	0.31	0.293	12.477	12.906	0	155.0504	-21.5824
2470	29959	29959	4	260.5045	29.2114	130.1519	-42.278	9.17	10.95	3639	3366	1	68.23	23	125	56	0.34	0.35	12.597	12.004	1	153.8956	-20.5392
1619	28927	28927	29	256.6887	27.4584	128.6424	-45.9081	7.3	11.73	3770	3498	3	59.16	8	250	240	0.677	0.454	13.496	13.378	1	149.9803	-19.6284
2087	27048	27885	4	249.2238	24.7044	123.64	-52.3783	8.04	10.86	2070	1806	1	31.62	14	116	106	0.314	0.139	12.494	12.152	1	142.9845	-16.7381
3428	27004	27004	3	247.3427	25.7826	120.3412	-52.4921	8.89	10.46	1940	1682	1	34.67	23	82	102	0.222	0.252	12.045	12.382	1	142.6685	-14.7469
2777	27982	27982	5	249.6868	28.7882	120.371	-48.8355	8.38	10.87	2407	2151	1	39.63	25	118	83	0.318	0.23	12.511	12.158	1	146.4189	-14.309
1555	23222	23222	12	246.2273	5.2949	148.7295	-67.8809	6.08	11.38	1619	1341	1	23.44	13	184	164	0.498	0.505	13.093	13.093	0	124.5696	-26.385
1556	23997	23222	4	245.3147	10.1491	137.4666	-65.6967	6.72	11.15	1647	1373	3	24.78	9	150	120	0.406	0.462	12.827	12.784	1	128.3998	-22.8827
2973	24913	24913	4	243.6093	16.6823	124.7212	-61.9458	8.82	10.44	1862	1599	2	32.6	12	81	115	0.22	0.198	12.029	12.38	1	132.9993	-17.702
2096	25067	25067	10	231.1919	25.6612	96.4745	-57.8039	7.14	11.14	1860	1649	5	31.39	6	149	151	0.402	0.314	12.817	12.816	1	133.8528	-3.0893
2914	59884	59884	5	315.2083	-21.5142	201.2025	-4.3155	8.01	11.22	2913	2691	1	30.2	14	159	172	0.431	0.115	12.905	12.491	1	258.8463	-77.4932
1203	57764	57649	3	323.9978	-9.1869	189.9051	5.49	9.1	10.94	3447	3244	0			125	154	0.338	0.438	12.591	12.978	0	244.7858	-63.2088
1198	57649	57649	29	325.408	-7.3212	188.2229	7.1125	6.53	12.01	3593	3394	0			320	346	0.867	0.598	13.818	13.814	0	244.0935	-60.9016
2152	50614	50614	3	311.0066	-3.9387	183.2384	-6.7456	7.3	11.53	3049	2794	0			210	64	0.569	0.428	13.267	12.204	0	212.6579	-65.5613
1981	59216	59216	5	330.0889	-9.4167	190.9698	11.4124	7.79	11.26	2721	2544	0			165	131	0.446	0.318	12.952	12.695	0	253.3712	-58.8493
2628	45562	45562	5	305.7504	13.2186	165.373	-9.7711	6.7	10.96	1362	1094	1	15.14	14	127	82	0.343	0.234	12.607	12.161	1	197.0917	-49.5605
6	46409	43296	12	307.9495	14.9305	163.9909	-7.402	6.96	11.7	3148	2889	4	33.18	8	243	174	0.659	0.399	13.459	13.045	1	200.0675	-47.6602
2906	44180	44180	4	303.7531	12.6543	165.6258	-11.7826	7.5	11.05	2039	1766	0			138	89	0.373	0.293	12.718	12.328	0	194.1115	-50.2095
2566	46957	46957	30	307.8845	17.0814	161.8383	-7.1367	3.41	11.26	589	338	17	3.63	3	165	219	0.446	0.4	12.95	13.246	1	199.6246	-45.53
26	50388	43296	3	315.6319	12.5346	167.3513	-0.3173	8.75	10.91	2875	2639	0			121	71	0.327	0.254	12.547	12.068	0	211.7436	-48.4657
8	49424	43296	7	313.8107	13.0725	166.6082	-2.0176	7.43	11.41	2833	2591	1	33.88	18	189	130	0.513	0.391	13.134	12.782	1	208.9462	-48.4354
9	49106	43296	8	312.8342	12.8475	166.7144	-2.9897	7.65	11.4	3066	2820	1	30.06	18	187	97	0.507	0.204	13.117	12.243	0	207.6314	-48.8849
36	44949	43296	3	305.0895	19.9749	158.511	-9.2697	9.45	10.74	3255	2995	1	49.66	23	104	122	0.282	0.329	12.35	12.649	0	195.6258	-42.8505
2	46618	43296	30	307.8738	19.2865	159.6426	-6.8008	6.07	12.11	3340	3086	5	37.57	7	350	307	0.95	0.745	13.936	13.808	1	199.2784	-43.3387
55	45209	43296	3	305.5327	20.9799	157.5846	-8.6824	10.44	10.44	3622	3364	0			81	99	0.22	0.143	12.025	12.107	0	196.1189	-41.826
37	45155	43296	4	305.3864	21.3638	157.1778	-8.748	8.82	10.73	2490	2231	0			104	78	0.28	0.265	12.346	12.167	0	195.9096	-41.4498
1	43296	43296	191	302.2241	21.6465	156.3251	-11.5819	4.61	12.71	3407	3142	59	36.96	3	595	800	1.612	0.893	14.624	14.717	1	191.9848	-41.2204
10	41960	43296	7	299.5259	22.9197	154.5023	-13.7479	7.8	11.38	3226	2957	1	39.63	23	184	147	0.498	0.467	13.093	12.966	0	188.7725	-39.8439
4	40498	43296	24	297.5648	23.0823	153.9019	-15.4648	6.48	11.92	3258	2986	4	28.45	6	296	170	0.801	0.607	13.713	13.207	1	186.4547	-39.5223
15	47582	43296	6	312.5699	28.8934	150.7643	-1.1247	8.51	11.21	3596	3372	2	38.22	10	159	84	0.43	0.175	12.902	12.049	0	202.951	-33.2218
2439	49676	49676	5	319.7694	31.4363	148.8899	5.3314	7.86	11.2	2673	2477	1	31.33	12	157	206	0.426	0.353	12.891	13.137	1	209.3182	-29.2738
2567	48082	46957	13	314.5849	31.9782	147.9273	0.9931	4.69	10.65	516	302	9	4.8	3	96	124	0.26	0.275	12.248	12.587	1	204.2538	-29.8601
3	45174	43296	34	306.0424	32.5707	146.1941	-6.0422	6.42	11.96	3292	3059	4	44.03	8	307	300	0.833	0.693	13.764	13.756	1	195.8932	-30.2277
21	44340	43296	3	304.7882	35.5047	143.0899	-6.4492	8.86	11.02	3386	3157	2	40.38	12	133	154	0.361	0.224	12.674	12.684	1	194.5606	-27.3425
1666	46490	46490	14	310.6162	35.2281	144.2534	-1.8328	6.01	11.7	2086	1871	4	23.79	6	244	285	0.661	0.384	13.462	13.456	1	199.915	-27.2222
1668	46531	46490	4	311.2653	37.9704	141.624	-0.8937	8.11	10.84	2037	1831	0			114	101	0.309	0.258	12.474	12.382	0	200.0688	-24.4343
2363	54625	54625	12	341.0587	27.6929	152.4639	23.8749	7.11	11.42	2348	2231	4	29.71	8	190	212	0.513	0.199	13.134	12.909	1	229.6425	-24.0792
2733	52599	52599	4	333.1429	31.7554	148.6935	16.7182	8.57	11.19	3523	3378	1	32.66	18	155	184	0.421	0.192	12.874	12.772	1	220.8958	-24.4559
2085	53516	53516	11	339.8925	34.344	145.4117	22.1139	7.82	11.45	3339	3224	4	52.48	10	195	173	0.528	0.549	13.173	13.176	1	224.5876	-19.2639
1964	52521	53549	3	337.3431	38.095	141.7247	19.5787	8.21	11.17	2920	2801	1	37.5	8	153	77	0.415	0.318	12.856	12.238	1	220.6145	-17.2483
1963	53549	53549	3	342.0416	36.3475	142.9733	23.5409	8.04	11.23	2882	2779	0			161	91	0.437	0.216	12.923	12.212	0	224.8796	-16.6165
1129	53630	53932	6	349.8172	43.3399	133.8366	27.6061	7.92	10.94	1937	1874	1	27.67	13	124	160	0.337	0.202	12.584	12.67	1	225.2319	-7.4373
1377	69713	69713	10	321.4523	-47.3959	227.5007	-1.8985	7.15	11.69	3247	3105	0			240	108	0.651	0.411	13.442	12.639	0	342.1772	-65.0782
1379	67023	69713	8	329.0951	-42.0594	223.1907	4.3712	7.66	11.47	3182	3049	4	42.64	11	198	168	0.536	0.387	13.19	12.999	1	324.6248	-63.9661
2438	61906	61906	7	322.9199	-23.9274	204.4079	2.4769	7.7	11.53	3525	3334	1	36.31	23	209	197	0.566	0.255	13.26	12.955	1	277.2423	-71.7023
3088	62836	62836	11	331.5155	-25.3967	207.2203	9.9165	5.76	11.0	894	744	5	9.18	5	131	273	0.356	0.306	12.656	13.32	1	285.5073	-64.3631
1378	66530	69713	6	330.6947	-39.6764	221.1327	6.0861	7.52	11.54	3236	3104	0			211	78	0.571	0.557	13.272	12.486	0	318.5636	-63.8002
2656	65600	65600	4	339.9312	-38.7559	222.2938	13.2066	8.51	11.2	3408	3309	0			156	90	0.423	0.187	12.882	12.14	0	313.0605	-57.1116
2258	66549	66549	7	350.4686	-43.9602	230.5649	18.3173	6.87	11.47	2166	2115	2	27.44	8	198	279	0.536	0.442	13.19	13.498	1	319.5866	-48.5063
2321	71948	71948	3	333.0576	-64.9579	245.9486	0.8035	7.91	11.36	3096	3032	2	45.77	11	180	207	0.489	0.221	13.068	12.938	0	354.4796	-47.6423
2405	71730	72300	4	338.9039	-66.2685	247.9906	2.6394	8.36	11.2	3145	3098	1	37.15	11	157	58	0.425	0.4	12.887	12.083	1	353.3231	-45.0157
1620	71001	71001	13	347.8306	-65.5046	248.9289	6.2427	6.17	11.48	1588	1558	5	21.86	7	200	81	0.542	0.383	13.207	12.356	1	349.449	-42.5576
1624	70094	71001	5	350.5659	-61.8015	246.3855	9.214	7.23	11.09	1645	1616	1	20.89	23	142	104	0.384	0.245	12.757	12.384	1	344.215	-43.2557
1946	69994	69994	5	358.0458	-62.8298	249.3105	11.4131	7.21	11.23	1900	1890	1	44.06	21	161	142	0.436	0.285	12.922	12.723	1	343.7492	-39.6508
2320	70090	70090	16	4.6869	-64.1254	252.3457	12.6979	6.53	11.51	1890	1899	5	24.41	7	205	292	0.555	0.393	13.236	13.486	1	344.31	-36.4468
2535	68020	68020	4	345.3836	-51.1238	235.5	11.9642	8.07	11.21	2808	2748	2	38.72	9	158	109	0.428	0.158	12.898	12.233	1	331.5286	-50.0978
1622	68165	71001	5	349.5686	-52.6164	238.0989	13.5378	6.97	11.16	1596	1553	1	21.68	18	151	164	0.408	0.383	12.834	12.975	1	332.3739	-47.1671
1621	68317	71001	9	351.132	-53.7906	239.6304	13.7381	7.36	11.2	1993	1955	0			157	160	0.424	0.202	12.886	12.676	0	333.5864	-45.918
2417	67817	67817	6	356.1125	-51.9612	239.7845	17.2526	7.97	11.13	2401	2379	1	38.55	23	147	130	0.398	0.205	12.802	12.498	1	330.0523	-43.4552
2860	67146	67146	4	358.3407	-48.4377	237.6735	20.4864	8.54	10.94	2528	2510	1	31.92	13	125	147	0.338	0.152	12.591	12.48	1	324.9992	-42.5623
2528	68455	68455	10	6.5468	-55.9305	247.1717	19.2782	8.54	11.22	3437	3450	1	42.46	7	160	89	0.433	0.295	12.911	12.324	1	334.0391	-36.8186
1724	67883	67883	30	14.8845	-53.093	249.2324	24.5478	6.73	11.71	2598	2638	4	33.92	7	246	206	0.666	0.457	13.473	13.248	1	330.5286	-32.018
2627	69398	69398	9	28.0177	-60.3143	259.8308	21.6409	8.77	11.09	3242	3312	1	51.76	18	143	224	0.386	0.578	12.763	13.423	1	339.6529	-25.715
3302	69638	69638	4	32.6951	-61.2689	262.4819	21.4485	9.4	10.86	3299	3378	0			116	110	0.314	0.226	12.496	12.394	0	341.1989	-23.6791
2221	62024	62024	4	337.5248	-20.659	203.7307	16.3561	8.69	11.08	3290	3157	2	49.49	13	141	125	0.383	0.521	12.751	12.872	1	278.8497	-57.8229
1700	62870	62870	16	340.1398	-25.2504	209.0127	17.5156	6.8	11.89	3443	3327	2	30.03	15	287	346	0.777	0.362	13.675	13.598	1	288.2054	-56.6797
1401	64192	64192	27	350.9138	-32.3519	219.6375	23.8948	6.25	11.97	2916	2856	11	33.85	4	309	286	0.838	0.387	13.773	13.461	1	302.0471	-48.3538
1404	64296	64192	3	353.6074	-32.9163	221.2951	25.6835	8.62	11.11	3179	3132	1	36.64	18	144	175	0.391	0.142	12.777	12.597	1	303.2249	-46.1572
1402	64614	64192	7	356.679	-34.6764	224.3868	27.0767	7.96	11.31	2952	2922	0			173	150	0.468	0.284	13.013	12.766	0	306.0858	-43.8078
2306	67904	67904	3	32.8923	-51.1125	259.4235	31.2303	7.85	11.27	2557	2658	1	35.48	14	167	213	0.451	0.407	12.966	13.225	1	330.6674	-20.8128
