sparc_galaxy,analog_rank,eagle_galaxy_id,match_distance,eagle_log_Mstar,eagle_log_Rhalf,eagle_Vflat
D631-7,1,7562584,0.2440,7.726,0.058,49.1
D631-7,2,1584695,0.2665,7.872,0.153,44.6
D631-7,3,60966972,0.3056,7.877,0.168,41.9
D631-7,4,7817188,0.3420,7.833,0.176,54.4
D631-7,5,61578044,0.3566,7.605,0.089,36.2
DDO064,1,7562584,0.1546,7.726,0.058,49.1
DDO064,2,1584695,0.2626,7.872,0.153,44.6
DDO064,3,61578044,0.2745,7.605,0.089,36.2
DDO064,4,63534879,0.2894,7.611,0.019,35.1
DDO064,5,1442373,0.2910,7.620,0.114,39.6
DDO154,1,62596858,0.2745,7.415,-0.301,35.9
DDO154,2,1694043,0.2746,7.411,-0.301,39.0
DDO154,3,62078693,0.2750,7.403,-0.301,34.0
DDO154,4,61282360,0.2752,7.446,-0.301,39.6
DDO154,5,1644352,0.2754,7.398,-0.301,38.7
DDO161,1,3719986,0.0092,8.448,0.312,73.0
DDO161,2,3713547,0.0155,8.429,0.307,68.0
DDO161,3,5208688,0.0229,8.459,0.315,65.2
DDO161,4,4789840,0.0301,8.449,0.321,58.1
DDO161,5,3843223,0.0382,8.404,0.303,67.4
DDO168,1,1505466,0.0174,7.990,0.238,50.2
DDO168,2,7877693,0.0285,7.970,0.243,48.4
DDO168,3,61109073,0.0504,8.016,0.247,41.7
DDO168,4,62293561,0.0668,7.923,0.248,48.1
DDO168,5,5488133,0.0739,8.003,0.258,53.4
ESO079-G014,1,8845658,0.0142,10.426,0.933,181.9
ESO079-G014,2,9418214,0.0146,10.421,0.935,184.4
ESO079-G014,3,9693099,0.0366,10.374,0.934,171.3
ESO079-G014,4,9675844,0.0429,10.395,0.944,179.8
ESO079-G014,5,8758647,0.0438,10.460,0.929,184.8
ESO116-G012,1,12981584,0.0224,9.326,0.411,105.3
ESO116-G012,2,11592022,0.0306,9.365,0.405,96.4
ESO116-G012,3,3364912,0.0321,9.335,0.415,90.3
ESO116-G012,4,12848312,0.0340,9.369,0.405,105.6
ESO116-G012,5,13446110,0.0341,9.329,0.392,99.2
ESO563-G021,1,20398653,0.0045,11.191,0.963,389.8
ESO563-G021,2,20440704,0.0446,11.167,0.974,347.1
ESO563-G021,3,20742138,0.0513,11.226,0.975,356.7
ESO563-G021,4,16056371,0.0526,11.137,0.967,282.0
ESO563-G021,5,17891603,0.0604,11.222,0.943,366.6
F568-3,1,11912223,0.0339,9.657,0.924,117.2
F568-3,2,11079799,0.0612,9.602,0.903,123.8
F568-3,3,12220223,0.0672,9.690,0.916,96.3
F568-3,4,12865652,0.0752,9.659,0.946,106.5
F568-3,5,11051101,0.0770,9.667,0.901,116.0
F568-V1,1,13070200,0.0168,9.285,0.674,90.9
F568-V1,2,12493062,0.0175,9.284,0.686,101.4
F568-V1,3,12516271,0.0205,9.269,0.674,88.2
F568-V1,4,13311387,0.0224,9.284,0.687,104.7
F568-V1,5,12484290,0.0232,9.274,0.687,85.9
F571-8,1,10998007,0.0093,9.712,0.774,123.1
F571-8,2,11093237,0.0115,9.718,0.775,116.7
F571-8,3,11197680,0.0213,9.729,0.775,124.2
F571-8,4,11745205,0.0244,9.699,0.784,119.9
F571-8,5,11905189,0.0249,9.701,0.785,123.1
F574-1,1,11657468,0.0245,9.539,0.871,119.4
F574-1,2,10963087,0.0293,9.513,0.864,96.2
F574-1,3,12796996,0.0338,9.543,0.867,95.8
F574-1,4,12398310,0.0545,9.537,0.891,106.3
F574-1,5,11686295,0.0610,9.579,0.868,96.9
F583-1,1,13537671,0.0031,8.689,0.598,87.0
F583-1,2,4238346,0.0091,8.701,0.596,88.2
F583-1,3,12354426,0.0150,8.698,0.593,91.1
F583-1,4,4287403,0.0164,8.682,0.593,76.1
F583-1,5,3755377,0.0169,8.692,0.592,77.1
F583-4,1,12083761,0.0053,8.928,0.510,83.6
F583-4,2,4617036,0.0061,8.929,0.512,82.3
F583-4,3,3909636,0.0086,8.936,0.508,83.8
F583-4,4,4371776,0.0101,8.922,0.511,85.7
F583-4,5,3971257,0.0104,8.933,0.514,86.0
IC2574,1,4139505,0.0133,8.711,0.673,79.8
IC2574,2,13586532,0.0182,8.721,0.673,77.2
IC2574,3,3998365,0.0203,8.691,0.664,84.7
IC2574,4,13756609,0.0224,8.682,0.670,83.4
IC2574,5,4915805,0.0279,8.734,0.673,71.3
KK98-251,1,2151824,0.0062,7.633,0.350,42.7
KK98-251,2,341053,0.0069,7.621,0.353,45.1
KK98-251,3,7944769,0.0077,7.624,0.350,50.3
KK98-251,4,1602424,0.0125,7.625,0.356,44.1
KK98-251,5,7856748,0.0129,7.614,0.352,39.4
NGC0024,1,12429273,0.0297,9.279,0.342,94.8
NGC0024,2,11793099,0.0539,9.339,0.342,111.0
NGC0024,3,11757881,0.0798,9.367,0.364,117.1
NGC0024,4,3830440,0.0842,9.200,0.360,91.1
NGC0024,5,3418319,0.0932,9.234,0.379,97.5
NGC0055,1,3337912,0.0539,9.422,1.015,75.8
NGC0055,2,11899757,0.1889,9.451,0.952,106.5
NGC0055,3,11720162,0.2023,9.567,0.983,115.6
NGC0055,4,13053940,0.2137,9.132,1.020,90.4
NGC0055,5,11650803,0.2563,9.608,0.967,99.4
NGC0247,1,11802820,0.0055,9.561,0.796,112.0
NGC0247,2,10820934,0.0221,9.562,0.790,114.9
NGC0247,3,12292245,0.0274,9.592,0.801,121.6
NGC0247,4,13396570,0.0337,9.588,0.789,99.6
NGC0247,5,12086657,0.0366,9.528,0.803,110.7
NGC0289,1,17336996,0.0512,10.501,1.053,196.9
NGC0289,2,18337519,0.0530,10.572,1.036,195.8
NGC0289,3,18271268,0.0606,10.603,1.068,200.4
NGC0289,4,17267398,0.0695,10.603,1.035,196.4
NGC0289,5,16106437,0.0718,10.615,1.037,240.7
NGC0300,1,13393989,0.0069,9.170,0.466,95.0
NGC0300,2,12594496,0.0084,9.156,0.469,100.3
NGC0300,3,13099527,0.0092,9.158,0.470,99.3
NGC0300,4,12976507,0.0141,9.172,0.464,97.5
NGC0300,5,12400247,0.0146,9.149,0.466,98.2
NGC0801,1,20796004,0.0134,11.208,1.166,364.0
NGC0801,2,14338940,0.0475,11.142,1.166,331.5
NGC0801,3,14164096,0.0687,11.125,1.156,313.5
NGC0801,4,19182761,0.0687,11.123,1.173,377.0
NGC0801,5,14227199,0.0896,11.182,1.135,321.7
NGC1003,1,12054824,0.0106,9.541,0.434,117.7
NGC1003,2,11578588,0.0146,9.538,0.436,107.8
NGC1003,3,11761009,0.0175,9.514,0.433,120.5
NGC1003,4,11222150,0.0215,9.510,0.430,123.8
NGC1003,5,10369264,0.0244,9.506,0.431,122.0
NGC1090,1,17508359,0.0087,10.554,0.775,197.1
NGC1090,2,16680962,0.0183,10.566,0.778,199.8
NGC1090,3,17871231,0.0194,10.553,0.766,223.2
NGC1090,4,17354418,0.0212,10.576,0.777,199.7
NGC1090,5,17317485,0.0262,10.575,0.779,220.6
NGC2403,1,11336692,0.0505,9.726,0.383,132.4
NGC2403,2,12079007,0.0604,9.680,0.387,122.5
NGC2403,3,11810069,0.0649,9.645,0.382,127.9
NGC2403,4,10974361,0.0854,9.790,0.377,132.3
NGC2403,5,12024953,0.0903,9.707,0.399,117.0
NGC2683,1,18002122,0.0211,10.603,0.570,227.6
NGC2683,2,16757693,0.0336,10.575,0.570,224.6
NGC2683,3,18285454,0.0381,10.626,0.574,219.7
NGC2683,4,18317745,0.0415,10.645,0.557,215.6
NGC2683,5,18283362,0.0569,10.661,0.571,214.3
NGC2841,1,15507372,0.0457,10.937,0.775,252.7
NGC2841,2,16952404,0.0517,10.928,0.796,266.3
NGC2841,3,15410273,0.0524,10.989,0.803,292.3
NGC2841,4,16978214,0.0695,10.961,0.809,268.7
NGC2841,5,14793103,0.0697,11.009,0.765,293.4
NGC2903,1,17144123,0.0206,10.635,0.593,237.1
NGC2903,2,18310326,0.0314,10.646,0.593,212.5
NGC2903,3,18477102,0.0383,10.582,0.601,212.2
NGC2903,4,16185808,0.0425,10.657,0.588,261.7
NGC2903,5,8719657,0.0490,10.604,0.609,216.5
NGC2915,1,6911562,0.6539,8.292,0.179,61.0
NGC2915,2,7562584,0.7607,7.726,0.058,49.1
NGC2915,3,5484223,0.7881,8.112,0.206,52.3
NGC2915,4,1584695,0.7967,7.872,0.153,44.6
NGC2915,5,716103,0.8183,7.999,0.197,39.2
NGC2955,1,20845348,0.2250,11.448,1.487,443.6
NGC2955,2,19835441,0.3268,11.331,1.393,388.1
NGC2955,3,18737995,0.4294,11.495,1.382,475.4
NGC2955,4,19076566,0.4490,11.346,1.351,438.0
NGC2955,5,20629167,0.4993,11.180,1.327,345.7
NGC2976,1,12429273,0.3335,9.279,0.342,94.8
NGC2976,2,11793099,0.3446,9.339,0.342,111.0
NGC2976,3,13045783,0.3657,9.159,0.353,87.1
NGC2976,4,3265665,0.3694,9.155,0.354,82.9
NGC2976,5,3830440,0.3813,9.200,0.360,91.1
NGC2998,1,15451066,0.0162,10.861,1.015,271.9
NGC2998,2,15522088,0.0363,10.905,1.008,271.0
NGC2998,3,16018177,0.0393,10.919,1.013,275.6
NGC2998,4,14143265,0.0423,10.894,1.004,317.4
NGC2998,5,17491004,0.0430,10.860,1.031,232.5
NGC3109,1,7450822,0.0058,7.992,0.419,59.5
NGC3109,2,7909230,0.0060,7.987,0.420,46.3
NGC3109,3,6534015,0.0089,7.990,0.415,60.9
NGC3109,4,6370148,0.0106,7.996,0.416,53.9
NGC3109,5,7769690,0.0154,7.970,0.417,54.7
NGC3198,1,9201925,0.0056,10.283,0.724,162.8
NGC3198,2,10908161,0.0087,10.280,0.725,158.2
NGC3198,3,10135222,0.0094,10.272,0.723,158.9
NGC3198,4,9638853,0.0110,10.292,0.724,159.0
NGC3198,5,8986032,0.0176,10.301,0.720,161.1
NGC3521,1,8719657,0.0240,10.604,0.609,216.5
NGC3521,2,17144123,0.0361,10.635,0.593,237.1
NGC3521,3,18310326,0.0396,10.646,0.593,212.5
NGC3521,4,18477102,0.0430,10.582,0.601,212.2
NGC3521,5,16185808,0.0566,10.657,0.588,261.7
NGC3726,1,18094330,0.0126,10.555,0.760,201.8
NGC3726,2,8772511,0.0210,10.554,0.763,186.7
NGC3726,3,16715858,0.0264,10.537,0.765,186.8
NGC3726,4,18056321,0.0292,10.576,0.760,192.3
NGC3726,5,17871231,0.0292,10.553,0.766,223.2
NGC3741,1,62348546,0.5053,7.146,-0.301,31.6
NGC3741,2,51123860,0.5053,7.148,-0.301,31.5
NGC3741,3,62605432,0.5053,7.148,-0.301,34.0
NGC3741,4,62217067,0.5053,7.152,-0.301,36.7
NGC3741,5,62454268,0.5053,7.153,-0.301,34.9
NGC3769,1,9908119,0.0091,9.961,0.753,144.2
NGC3769,2,10398750,0.0114,9.975,0.750,132.5
NGC3769,3,10553166,0.0132,9.976,0.750,140.5
NGC3769,4,10760338,0.0178,9.951,0.755,141.3
NGC3769,5,10475307,0.0227,9.946,0.756,140.5
NGC3877,1,18410128,0.0270,10.560,0.637,202.9
NGC3877,2,16413979,0.0277,10.580,0.635,212.7
NGC3877,3,9088198,0.0316,10.554,0.617,196.4
NGC3877,4,9382018,0.0327,10.559,0.617,197.8
NGC3877,5,18447769,0.0328,10.595,0.630,199.0
NGC3893,1,9146095,0.0155,10.449,0.601,185.0
NGC3893,2,18419292,0.0200,10.481,0.607,189.3
NGC3893,3,8681166,0.0259,10.491,0.597,198.0
NGC3893,4,9845892,0.0359,10.434,0.594,185.3
NGC3893,5,18475201,0.0516,10.483,0.618,198.2
NGC3917,1,11013972,0.0123,10.028,0.646,153.9
NGC3917,2,10913697,0.0125,10.040,0.640,136.4
NGC3917,3,10437670,0.0130,10.041,0.640,149.2
NGC3917,4,10510724,0.0149,10.057,0.643,146.3
NGC3917,5,11118587,0.0179,10.045,0.651,130.7
NGC3972,1,10909101,0.0171,9.840,0.560,133.9
NGC3972,2,11581939,0.0179,9.862,0.569,130.8
NGC3972,3,9385840,0.0221,9.833,0.566,135.7
NGC3972,4,10419778,0.0244,9.839,0.570,128.7
NGC3972,5,11175822,0.0246,9.844,0.571,127.2
NGC4088,1,17514526,0.0205,10.709,0.639,233.0
NGC4088,2,18188054,0.0358,10.715,0.648,237.3
NGC4088,3,18345325,0.0370,10.770,0.634,242.7
NGC4088,4,17542160,0.0532,10.748,0.654,250.5
NGC4088,5,15904404,0.0533,10.747,0.619,233.0
NGC4100,1,9029372,0.0258,10.496,0.562,194.4
NGC4100,2,9400186,0.0315,10.491,0.548,199.0
NGC4100,3,9051080,0.0504,10.423,0.565,180.8
NGC4100,4,9370937,0.0514,10.439,0.571,185.4
NGC4100,5,9244411,0.0536,10.526,0.565,190.0
NGC4157,1,16975467,0.0263,10.751,0.593,231.0
NGC4157,2,17382930,0.0338,10.758,0.594,237.6
NGC4157,3,18038631,0.0391,10.728,0.604,234.1
NGC4157,4,16185808,0.0605,10.657,0.588,261.7
NGC4157,5,18310326,0.0698,10.646,0.593,212.5
NGC4183,1,11310647,0.0058,9.740,0.671,129.7
NGC4183,2,11287252,0.0099,9.745,0.670,120.8
NGC4183,3,11740129,0.0117,9.737,0.674,114.1
NGC4183,4,10893680,0.0135,9.745,0.667,129.1
NGC4183,5,11258116,0.0136,9.747,0.672,119.7
NGC4559,1,3423392,0.0108,9.993,0.550,125.8
NGC4559,2,11154459,0.0157,9.977,0.552,148.2
NGC4559,3,9959733,0.0198,10.007,0.549,144.5
NGC4559,4,9995575,0.0261,9.958,0.547,136.3
NGC4559,5,10236269,0.0269,9.957,0.546,138.2
NGC5005,1,14681034,0.0318,10.917,1.198,346.1
NGC5005,2,14829298,0.0498,10.957,1.183,299.3
NGC5005,3,16069544,0.0785,10.871,1.191,242.0
NGC5005,4,14007135,0.0933,10.997,1.172,321.7
NGC5005,5,20429477,0.1149,11.055,1.222,318.6
NGC5033,1,16996937,0.0056,10.748,0.938,207.4
NGC5033,2,17147637,0.0152,10.740,0.932,231.4
NGC5033,3,16653664,0.0160,10.759,0.939,258.8
NGC5033,4,15841583,0.0214,10.722,0.941,245.2
NGC5033,5,16925427,0.0232,10.746,0.945,240.4
NGC5055,1,15959817,0.0392,10.868,0.742,235.9
NGC5055,2,16902853,0.0483,10.922,0.741,263.2
NGC5055,3,17636732,0.0526,10.826,0.732,252.1
NGC5055,4,17548740,0.0548,10.925,0.743,259.7
NGC5055,5,17727431,0.0571,10.866,0.749,232.4
NGC5371,1,20504298,0.0133,11.218,1.094,355.6
NGC5371,2,20695119,0.0317,11.265,1.094,348.8
NGC5371,3,19488332,0.0337,11.210,1.087,395.6
NGC5371,4,19380932,0.0501,11.285,1.100,391.0
NGC5371,5,14371824,0.0524,11.175,1.092,344.2
NGC5585,1,11893160,0.0082,9.176,0.411,96.2
NGC5585,2,11028697,0.0242,9.194,0.410,101.5
NGC5585,3,12814244,0.0280,9.149,0.417,98.7
NGC5585,4,12321176,0.0291,9.186,0.401,106.0
NGC5585,5,11616294,0.0331,9.169,0.398,94.6
NGC5985,1,15583094,0.0204,11.040,1.073,275.9
NGC5985,2,16179867,0.0306,10.996,1.078,266.7
NGC5985,3,15614724,0.0413,10.989,1.081,289.4
NGC5985,4,17167734,0.0638,10.957,1.081,256.9
NGC5985,5,14851689,0.0652,11.074,1.085,320.6
NGC6015,1,9607626,0.0066,10.200,0.585,163.8
NGC6015,2,9824020,0.0079,10.201,0.589,169.0
NGC6015,3,10172252,0.0162,10.222,0.589,163.9
NGC6015,4,9895736,0.0204,10.212,0.580,163.8
NGC6015,5,9000211,0.0251,10.233,0.586,156.3
NGC6195,1,19076566,0.0730,11.346,1.351,438.0
NGC6195,2,19835441,0.0800,11.331,1.393,388.1
NGC6195,3,19784479,0.1238,11.319,1.327,427.0
NGC6195,4,20629167,0.1592,11.180,1.327,345.7
NGC6195,5,19987957,0.1593,11.306,1.315,383.7
NGC6503,1,12217375,0.0039,9.808,0.558,121.4
NGC6503,2,11294256,0.0062,9.802,0.558,134.3
NGC6503,3,9242748,0.0083,9.803,0.557,123.0
NGC6503,4,10973338,0.0108,9.797,0.558,129.0
NGC6503,5,11159264,0.0136,9.798,0.563,122.3
NGC6674,1,15476545,0.0134,11.043,1.008,304.4
NGC6674,2,15172288,0.0230,11.056,1.006,268.3
NGC6674,3,15118185,0.0320,11.043,1.016,281.0
NGC6674,4,16157603,0.0395,11.070,1.012,248.0
NGC6674,5,14582104,0.0411,11.052,0.993,325.9
NGC6946,1,17011392,0.0170,10.508,0.617,222.1
NGC6946,2,8915063,0.0183,10.539,0.614,202.2
NGC6946,3,9088198,0.0348,10.554,0.617,196.4
NGC6946,4,18475201,0.0375,10.483,0.618,198.2
NGC6946,5,9382018,0.0382,10.559,0.617,197.8
NGC7331,1,20058967,0.0306,11.076,0.918,329.3
NGC7331,2,15134528,0.0316,11.098,0.936,310.8
NGC7331,3,20655128,0.0411,11.133,0.917,382.3
NGC7331,4,20670327,0.0441,11.109,0.911,366.6
NGC7331,5,15940995,0.0452,11.052,0.920,252.2
NGC7793,1,10975193,0.0916,9.523,0.338,118.7
NGC7793,2,12512626,0.1793,9.532,0.369,108.0
NGC7793,3,11187592,0.1996,9.454,0.369,110.9
NGC7793,4,11779821,0.2066,9.544,0.378,123.3
NGC7793,5,12366349,0.2081,9.584,0.378,116.3
UGC00128,1,12042122,0.1327,9.705,0.960,114.2
UGC00128,2,11719622,0.1334,9.725,1.042,112.5
UGC00128,3,11142072,0.1392,9.872,0.962,133.0
UGC00128,4,12285569,0.1398,9.874,0.962,127.0
UGC00128,5,10964507,0.1503,9.942,1.007,139.0
UGC00731,1,6512320,0.0058,8.202,0.587,67.0
UGC00731,2,4742985,0.0060,8.215,0.586,76.8
UGC00731,3,3995917,0.0072,8.202,0.585,74.6
UGC00731,4,5044319,0.0075,8.213,0.585,67.1
UGC00731,5,5187056,0.0079,8.210,0.584,61.0
UGC02487,1,19462908,0.0138,11.396,1.126,403.5
UGC02487,2,19891777,0.0285,11.419,1.119,416.0
UGC02487,3,19595681,0.0387,11.417,1.112,389.8
UGC02487,4,18996096,0.0561,11.425,1.106,422.3
UGC02487,5,19615774,0.0674,11.423,1.101,394.9
UGC02885,1,19987957,0.0962,11.306,1.315,383.7
UGC02885,2,19054212,0.0970,11.382,1.259,420.7
UGC02885,3,19784479,0.1342,11.319,1.327,427.0
UGC02885,4,14216102,0.1661,11.181,1.240,310.5
UGC02885,5,20782068,0.1745,11.203,1.231,378.6
UGC02916,1,15934506,0.0102,10.786,1.011,283.1
UGC02916,2,17407790,0.0279,10.765,1.010,222.2
UGC02916,3,18335391,0.0311,10.764,1.008,225.1
UGC02916,4,15589743,0.0517,10.841,1.004,246.1
UGC02916,5,14449267,0.0520,10.804,1.031,314.8
UGC02953,1,14281806,0.0472,11.065,0.769,291.1
UGC02953,2,16281214,0.0611,11.087,0.794,287.4
UGC02953,3,14632180,0.0861,11.131,0.804,351.4
UGC02953,4,15227040,0.0865,11.052,0.798,266.3
UGC02953,5,15814161,0.0946,11.031,0.755,290.7
UGC03205,1,17432570,0.0097,10.750,0.732,235.3
UGC03205,2,16561330,0.0274,10.761,0.719,239.7
UGC03205,3,17827660,0.0287,10.750,0.719,233.6
UGC03205,4,16487718,0.0335,10.763,0.717,226.1
UGC03205,5,17676396,0.0336,10.745,0.717,207.6
UGC03546,1,14757929,0.0086,10.704,0.800,224.0
UGC03546,2,17445073,0.0123,10.695,0.801,251.4
UGC03546,3,16986867,0.0146,10.719,0.806,263.7
UGC03546,4,18115428,0.0203,10.723,0.807,214.4
UGC03546,5,17799611,0.0210,10.684,0.801,219.8
UGC03580,1,11987112,0.0130,9.836,0.611,121.8
UGC03580,2,11744654,0.0140,9.833,0.614,121.6
UGC03580,3,10794788,0.0162,9.839,0.609,130.6
UGC03580,4,11381490,0.0229,9.821,0.618,117.1
UGC03580,5,12425090,0.0236,9.829,0.603,110.1
UGC05005,1,13107162,0.0023,9.314,0.730,100.7
UGC05005,2,13095366,0.0135,9.298,0.729,101.5
UGC05005,3,12327982,0.0179,9.317,0.724,102.8
UGC05005,4,12427980,0.0222,9.335,0.732,105.1
UGC05005,5,4118701,0.0252,9.326,0.737,73.2
UGC05253,1,15465662,0.0148,10.932,1.127,296.2
UGC05253,2,15605780,0.0723,10.937,1.107,278.4
UGC05253,3,14648181,0.0799,10.859,1.117,246.4
UGC05253,4,17951736,0.0844,10.853,1.146,305.6
UGC05253,5,16643441,0.0952,10.891,1.102,242.7
UGC05716,1,5185907,0.0560,8.428,0.296,67.0
UGC05716,2,3713547,0.0807,8.429,0.307,68.0
UGC05716,3,3843223,0.0862,8.404,0.303,67.4
UGC05716,4,3719986,0.0894,8.448,0.312,73.0
UGC05716,5,3657198,0.0923,8.537,0.305,78.5
UGC05721,1,61451411,0.8084,7.604,-0.301,38.7
UGC05721,2,1951154,0.9109,7.483,-0.301,44.1
UGC05721,3,62340992,0.9150,7.478,-0.301,36.7
UGC05721,4,61848531,0.9211,7.471,-0.301,40.3
UGC05721,5,1503517,0.9232,7.469,-0.301,47.2
UGC05750,1,3406805,0.0125,9.209,0.764,81.3
UGC05750,2,12368793,0.0211,9.209,0.758,102.4
UGC05750,3,3884019,0.0221,9.243,0.768,68.1
UGC05750,4,13020299,0.0260,9.250,0.762,95.9
UGC05750,5,11158965,0.0327,9.220,0.753,107.7
UGC05764,1,7360300,0.0037,7.632,0.292,47.9
UGC05764,2,336767,0.0093,7.624,0.296,50.2
UGC05764,3,306215,0.0122,7.615,0.293,47.1
UGC05764,4,1630953,0.0152,7.644,0.295,43.6
UGC05764,5,1857312,0.0177,7.612,0.290,42.1
UGC05829,1,4080166,0.0026,8.451,0.524,66.0
UGC05829,2,5119396,0.0040,8.451,0.522,63.4
UGC05829,3,4914207,0.0078,8.449,0.526,67.2
UGC05829,4,5843125,0.0080,8.459,0.524,70.1
UGC05829,5,4041644,0.0085,8.443,0.522,70.6
UGC06446,1,4094496,0.0180,8.711,0.395,79.1
UGC06446,2,13489934,0.0181,8.690,0.392,79.5
UGC06446,3,5164721,0.0190,8.703,0.404,71.9
UGC06446,4,3400490,0.0209,8.716,0.397,78.4
UGC06446,5,13564591,0.0242,8.717,0.402,84.9
UGC06614,1,16085014,0.0114,10.805,0.934,273.9
UGC06614,2,17770183,0.0138,10.785,0.928,231.7
UGC06614,3,16841705,0.0192,10.798,0.939,243.5
UGC06614,4,16601615,0.0217,10.783,0.926,227.0
UGC06614,5,16376964,0.0334,10.804,0.921,290.0
UGC06786,1,16680962,0.0086,10.566,0.778,199.8
UGC06786,2,17317485,0.0107,10.575,0.779,220.6
UGC06786,3,8824645,0.0133,10.554,0.784,204.6
UGC06786,4,18051511,0.0140,10.570,0.786,201.0
UGC06786,5,17354418,0.0166,10.576,0.777,199.7
UGC06787,1,14800188,0.0114,10.680,0.953,219.8
UGC06787,2,14289610,0.0163,10.704,0.959,237.3
UGC06787,3,16036383,0.0408,10.647,0.956,272.1
UGC06787,4,17630010,0.0415,10.730,0.962,211.3
UGC06787,5,18401511,0.0486,10.668,0.940,207.0
UGC06917,1,12410010,0.0049,9.535,0.664,104.6
UGC06917,2,11715256,0.0086,9.525,0.667,119.2
UGC06917,3,10941506,0.0135,9.523,0.663,111.4
UGC06917,4,12570262,0.0151,9.545,0.669,98.8
UGC06917,5,10410755,0.0174,9.538,0.672,112.7
UGC06930,1,11315322,0.0072,9.656,0.822,117.1
UGC06930,2,11124418,0.0132,9.645,0.816,115.7
UGC06930,3,12878080,0.0309,9.626,0.828,97.6
UGC06930,4,11919693,0.0382,9.679,0.811,118.3
UGC06930,5,11701450,0.0427,9.662,0.806,109.1
UGC06983,1,12437582,0.0056,9.417,0.732,106.6
UGC06983,2,3742506,0.0078,9.415,0.732,81.9
UGC06983,3,13546312,0.0106,9.432,0.729,96.2
UGC06983,4,12540093,0.0143,9.419,0.736,100.9
UGC06983,5,12564159,0.0233,9.442,0.726,93.7
UGC07089,1,3202186,0.0068,9.261,0.579,88.0
UGC07089,2,12219869,0.0097,9.250,0.576,103.7
UGC07089,3,3399534,0.0111,9.248,0.575,83.8
UGC07089,4,3816249,0.0140,9.266,0.576,88.8
UGC07089,5,13538686,0.0180,9.265,0.574,96.1
UGC07323,1,12068704,0.0051,9.308,0.580,102.3
UGC07323,2,12615985,0.0081,9.316,0.576,102.2
UGC07323,3,12893943,0.0084,9.315,0.576,99.6
UGC07323,4,11945974,0.0097,9.305,0.581,90.3
UGC07323,5,12350431,0.0113,9.323,0.581,102.8
UGC07399,1,3927921,0.0048,8.757,0.440,78.9
UGC07399,2,4388387,0.0050,8.757,0.440,77.7
UGC07399,3,5552035,0.0094,8.755,0.437,80.7
UGC07399,4,4014860,0.0135,8.776,0.441,82.8
UGC07399,5,3792276,0.0155,8.775,0.436,77.4
UGC07524,1,3718146,0.0280,9.114,0.768,82.0
UGC07524,2,4676134,0.0299,9.103,0.773,65.8
UGC07524,3,13404597,0.0307,9.099,0.774,80.4
UGC07524,4,12041824,0.0337,9.116,0.770,86.8
UGC07524,5,4273747,0.0433,9.040,0.759,74.2
UGC07603,1,7562584,0.5925,7.726,0.058,49.1
UGC07603,2,63534879,0.6382,7.611,0.019,35.1
UGC07603,3,6911562,0.6714,8.292,0.179,61.0
UGC07603,4,62257344,0.6978,7.542,0.020,41.3
UGC07603,5,1584695,0.6995,7.872,0.153,44.6
UGC08490,1,6911562,0.5314,8.292,0.179,61.0
UGC08490,2,5484223,0.7050,8.112,0.206,52.3
UGC08490,3,6253476,0.7335,8.267,0.262,55.4
UGC08490,4,4684271,0.7374,8.863,0.299,74.9
UGC08490,5,6320727,0.7381,8.206,0.250,55.5
UGC08699,1,8797510,0.0103,10.411,0.716,187.9
UGC08699,2,8689645,0.0111,10.413,0.714,176.5
UGC08699,3,8821464,0.0219,10.404,0.707,174.5
UGC08699,4,10036264,0.0249,10.420,0.721,181.4
UGC08699,5,9179610,0.0263,10.429,0.717,175.0
UGC09037,1,8922757,0.0117,10.538,0.860,184.8
UGC09037,2,14100102,0.0181,10.547,0.851,211.8
UGC09037,3,18403595,0.0182,10.555,0.856,203.7
UGC09037,4,18007672,0.0233,10.549,0.849,195.8
UGC09037,5,8880353,0.0244,10.541,0.864,185.5
UGC09133,1,14254226,0.0284,11.158,1.059,302.9
UGC09133,2,14476588,0.0322,11.120,1.063,328.7
UGC09133,3,17574678,0.0331,11.119,1.074,328.7
UGC09133,4,14593753,0.0345,11.165,1.079,348.9
UGC09133,5,20043745,0.0378,11.133,1.056,360.8
UGC11557,1,10930462,0.0060,9.788,0.664,137.3
UGC11557,2,11084483,0.0076,9.775,0.665,131.6
UGC11557,3,11714618,0.0100,9.786,0.661,126.2
UGC11557,4,11182159,0.0109,9.788,0.667,134.1
UGC11557,5,11682940,0.0221,9.806,0.664,122.2
UGC11820,1,3663558,0.0038,8.689,0.542,83.5
UGC11820,2,13021696,0.0054,8.681,0.542,81.7
UGC11820,3,13455268,0.0078,8.693,0.541,88.2
UGC11820,4,3412738,0.0079,8.694,0.542,78.8
UGC11820,5,3981194,0.0086,8.678,0.541,83.0
UGC11914,1,16462660,0.0150,10.866,0.617,247.5
UGC11914,2,16369838,0.0185,10.856,0.610,253.3
UGC11914,3,17131843,0.0270,10.866,0.621,254.2
UGC11914,4,17978268,0.0703,10.799,0.609,242.6
UGC11914,5,16614949,0.0780,10.957,0.605,272.3
UGC12632,1,12960268,0.0127,8.800,0.608,82.6
UGC12632,2,4068409,0.0128,8.812,0.604,82.5
UGC12632,3,3866690,0.0130,8.819,0.613,82.2
UGC12632,4,12922053,0.0134,8.800,0.610,94.3
UGC12632,5,3757833,0.0150,8.801,0.605,74.1
UGC12732,1,4062584,0.0080,8.926,0.519,81.3
UGC12732,2,12380059,0.0080,8.913,0.520,86.7
UGC12732,3,3822288,0.0090,8.918,0.524,82.8
UGC12732,4,3922662,0.0094,8.925,0.524,82.2
UGC12732,5,3788886,0.0095,8.912,0.523,88.9
UGCA444,1,953493,0.0141,6.769,0.148,37.1
UGCA444,2,63640104,0.0245,6.755,0.140,35.3
UGCA444,3,65048338,0.0351,6.762,0.133,32.2
UGCA444,4,62232666,0.0360,6.812,0.150,41.7
UGCA444,5,63090603,0.0448,6.821,0.151,33.6