galaxy,cs2_median,cs2_mean,cs2_std,cs2_median_err,n_points,logMh,env_dense,source,T,log_cs2,log_cs2_err
004-005,6069026540.821657,7785301603.43045,5887786711.854314,1510915843.9915636,5,11.0,field,Catinella2005,,9.783119036733702,0.10811987874037095
005-019,15350314118.864002,13413046778.784554,8081283661.219911,2466148393.6048155,8,11.0,field,Catinella2005,,10.186117267024507,0.06977281576153191
006-026,7227009926.618377,10800891608.105225,9336779124.92203,1538797140.208379,5,11.0,field,Catinella2005,,9.858958651241132,0.09247131435361217
006-036,4604835799.569686,20022022270.067833,33693441622.506416,1104179400.3512905,5,11.0,field,Catinella2005,,9.663214148623592,0.10413813683619708
008-082,1225193873.8726954,1825321678.7849107,1442228383.4306612,234557155.13954595,5,11.0,field,Catinella2005,,9.08820481661157,0.08314347658794635
009-016,1729719712.0715191,3094694663.4993687,3053068919.9059043,361845342.23237765,5,11.0,field,Catinella2005,,9.237975734711073,0.09085138727228523
009-018,9264587035.203722,8568150619.952127,2434428825.5575056,1798771796.239914,8,11.0,field,Catinella2005,,9.966826065605336,0.08432072172691474
009-091,16093435118.994997,14998647717.798334,4288892982.6002207,1510850335.2475026,14,11.0,field,Catinella2005,,10.206648753483492,0.04077152942973705
011-059,21700102637.843586,19734645142.53823,7091973397.519479,2433689575.9600706,13,11.0,field,Catinella2005,,10.3364617879934,0.048706587758792046
012-002,14527016116.597446,12502511910.798346,4227429883.5066195,1805545261.6990821,9,11.0,field,Catinella2005,,10.162176418346467,0.053977935846479724
012-046,8639853887.364288,7998148967.146954,2269815251.2507787,1114839935.5096946,6,11.0,field,Catinella2005,,9.936506397982598,0.05603900696808428
012-079,4057783436.396131,5482370802.645754,4151173052.147828,886890136.2991823,5,11.0,field,Catinella2005,,9.608288865051225,0.09492164830542137
012-097,18201591280.55136,16093173405.048225,4911444585.14398,1914422833.7425823,11,11.0,field,Catinella2005,,10.260109357993459,0.04567860358519184
012-100,7312268718.783535,8541379816.545617,4752731537.6761875,1555394045.2194731,7,11.0,field,Catinella2005,,9.864052142920043,0.09237886037869375
013-121,4689371317.129474,4920250390.438984,1773831979.9391642,634326441.1204048,9,11.0,field,Catinella2005,,9.671114622714464,0.0587465684574011
015-002,8399593464.250475,7287030355.897357,3369031412.351195,1163900343.571013,6,11.0,field,Catinella2005,,9.924258266954112,0.06017856683773388
015-003,4437845764.693679,5971392656.241,4114728326.628821,933769364.2791872,5,11.0,field,Catinella2005,,9.647172204451548,0.09138012084670771
015-022,10096201517.995693,9508823389.117138,4220813628.9159694,1176709053.335958,10,11.0,field,Catinella2005,,10.004158010410372,0.05061688277106195
015-044,4918289861.0553255,14383688425.784552,20427120500.20482,1012369061.3092833,5,11.0,field,Catinella2005,,9.691814120447276,0.08939414093049339
016-013,13237947199.471785,12207443985.17319,4872472537.034348,1524074866.9417539,11,11.0,field,Catinella2005,,10.121820644540085,0.049999995826138906
018-004,9763842510.650726,8800353193.72975,2071251092.3870173,821122619.6828445,12,11.0,field,Catinella2005,,9.989620765695278,0.03652343043276259
018-042,7303915987.789767,6406997344.092901,1975771013.1631665,955755383.7579873,7,11.0,field,Catinella2005,,9.863555769147114,0.0568296910738462
019-007,14605429584.07507,13006544532.816187,4459195635.926351,2050867869.320724,6,11.0,field,Catinella2005,,10.164514335239701,0.06098284159541718
022-042,18628280680.741154,17027253711.891327,4214558941.9548573,1612993545.0670362,14,11.0,field,Catinella2005,,10.27017277302163,0.03760487658382797
023-031,29671037703.71546,27511879478.26303,5953928233.387634,2383417353.759296,16,11.0,field,Catinella2005,,10.472332735434355,0.03488603988664997
045-042,7350149701.777597,9903644789.647236,8280590164.119041,1810793088.2153141,5,11.0,field,Catinella2005,,9.866296184525536,0.10699339169789535
088-049,23066806509.934425,20236102894.000122,6498948723.193193,2753742411.999121,9,11.0,field,Catinella2005,,10.362987472669555,0.051846584554264295
092-049,3782404249.823308,5501742660.576116,4690285233.350981,904955059.7819878,5,11.0,field,Catinella2005,,9.57776794282881,0.10390665906535614
100917,4477947628.764324,6125069388.112739,4844489055.349287,1032588882.8989389,5,11.0,field,Catinella2005,,9.65107901003987,0.10014580140174616
11102,11298836291.284485,10304813847.394436,2436667274.3840923,916945133.0885113,15,11.0,field,Catinella2005,,10.05303371620033,0.035244710273000336
111140,5269428142.022189,4209434284.9192815,1599244539.1472733,691665881.1860185,7,11.0,field,Catinella2005,,9.721763486514273,0.05700555495279266
118-069,6014442687.256508,5218163495.134384,2651475211.5954485,838257476.8650765,8,11.0,field,Catinella2005,,9.779195390767676,0.06052939824133687
119-029,5858647536.954619,5028544435.03757,1849326709.4302363,757889502.4409698,7,11.0,field,Catinella2005,,9.767797371132605,0.056181435514997394
132-040,19038725216.097008,16359527714.157639,7252387577.04351,2942589600.6253843,6,11.0,field,Catinella2005,,10.27963786578432,0.0671237391974651
139-034,15183444772.052082,16033360506.540941,5760269390.814892,1625419176.5833244,16,11.0,field,Catinella2005,,10.18137031410042,0.04649212281979798
150-053,37747348915.13484,34626681236.42659,11281359900.38887,4230269874.4476833,12,11.0,field,Catinella2005,,10.576886455515986,0.048670513724410724
180814,4795352089.030926,6709943851.54569,5073799550.192625,1044946910.065792,5,11.0,field,Catinella2005,,9.680820499871556,0.09463636214773473
190809,9191096328.919395,14301731913.751698,13498407134.460558,2360925875.2983155,5,11.0,field,Catinella2005,,9.96336731782813,0.11155764700218444
190864,851939054.9294533,1137677624.119273,821124802.5770158,177339637.2661617,5,11.0,field,Catinella2005,,8.93040852780128,0.0904027411841049
190867,18448413810.804638,14912624480.102434,6191484818.668311,2698688351.3139343,7,11.0,field,Catinella2005,,10.265959031588386,0.06352987695157881
193-001,26904312745.82673,25909278241.1036,4124243664.999183,1683269504.0086231,20,11.0,field,Catinella2005,,10.42982190273794,0.027171653260697516
201-006,13723142719.37854,11825502034.927988,4993414503.273737,2036587059.4986238,6,11.0,field,Catinella2005,,10.137453579985111,0.06445160120697746
201117,3949819614.087775,3844845811.68271,996696231.8616244,487309351.2901756,6,11.0,field,Catinella2005,,9.5965772621087,0.05358112089229031
201196,3425164360.1888785,4700678696.350515,3698742875.5526147,776182154.1579114,5,11.0,field,Catinella2005,,9.534681416415424,0.09841619001430091
211853,1553642744.2489736,2481074350.536621,2129253452.7276213,287382420.7486839,5,11.0,field,Catinella2005,,9.191351161158225,0.08033288218230898
221659,5364584333.5977,16102780519.051819,23792869356.457108,1316063733.5591738,5,11.0,field,Catinella2005,,9.729536076978881,0.10654305753721474
221829,4567416434.176291,6291441690.377881,5094034698.336987,1067938563.8927057,5,11.0,field,Catinella2005,,9.659670610209991,0.10154533355878008
221928,28825693314.70762,25592469640.024166,6514578174.016999,3421735947.0329494,8,11.0,field,Catinella2005,,10.459779761730159,0.05155265561533574
221950,6733833044.75186,372112350229.5736,814963269660.1029,1702319112.907663,5,11.0,field,Catinella2005,,9.828262344507989,0.10979003967887654
222003,7380127251.686576,10968951739.426659,9862767909.200066,1945784472.5407116,5,11.0,field,Catinella2005,,9.868063850200933,0.11450255945171449
231174,6583899978.297028,6837849348.477155,899799151.1942526,957194219.4480412,5,11.0,field,Catinella2005,,9.81848322451229,0.06313950226860819
231195,3970004322.1618934,6090039348.626269,5218454302.89325,831530141.6616546,5,11.0,field,Catinella2005,,9.598790979581764,0.09096437251817162
241306,2266457691.9488845,2997132363.0042124,2181211150.0117464,488333214.79119873,5,11.0,field,Catinella2005,,9.355347616478918,0.09357351838830445
241336,4979684608.38899,12598990963.326307,16989165905.692066,1089113478.8189251,5,11.0,field,Catinella2005,,9.697201837303123,0.09498512681318892
252-018,22625400712.981827,19665520280.826496,6499144954.564048,2499064709.4163647,10,11.0,field,Catinella2005,,10.35459627962954,0.04796953773269299
3083,18742005854.839577,15351218765.406675,6284447005.690213,2252928169.4565215,8,11.0,field,Catinella2005,,10.272816069212935,0.05220541919032159
3283,8470178301.684675,12296850588.459213,11520291308.850414,2328269679.516419,5,11.0,field,Catinella2005,,9.92789255255299,0.11937820411590624
330-025,7958699028.768182,10758294546.939396,9555741225.707138,2281819362.4623847,5,11.0,field,Catinella2005,,9.900842081455771,0.12451552122216514
347-018,20343927357.92078,18557948995.673405,6638282798.159717,2383041904.7387967,11,11.0,field,Catinella2005,,10.308434796434735,0.05087227904248911
372-016,19066286556.9075,15282850489.29387,6274098891.435271,2924724489.5824695,7,11.0,field,Catinella2005,,10.280266115967605,0.06661977428702785
375-011,5271932136.763033,18512688203.28621,28732814442.721214,1109607305.9373088,5,11.0,field,Catinella2005,,9.721969811142282,0.09140791602526033
3757,10973974006.716755,9527709678.452785,4758224241.784715,1559542676.3948205,6,11.0,field,Catinella2005,,10.040363927178372,0.06171882476087049
379-034,7559846525.670436,6329892062.549883,2827597035.4486837,1244399760.1683676,7,11.0,field,Catinella2005,,9.87851297887012,0.07148768791637923
382-021,15116476214.277395,13743588631.03092,4078513266.48695,2069256012.8057108,7,11.0,field,Catinella2005,,10.17945056503746,0.05944946793604326
384-060,4901917796.527104,227853672208.15958,497013759579.63696,1221319553.2031813,5,11.0,field,Catinella2005,,9.690366024008263,0.10820506679497388
384-064,3819962770.4514904,5098451120.990352,4398020637.667578,1043566333.2451497,5,11.0,field,Catinella2005,,9.582059130276559,0.11864385264016904
385-072,1154716145.2453077,1530741688.636581,1185215242.4113243,264001715.56999657,5,11.0,field,Catinella2005,,9.062475238163717,0.09929235748295882
385-093,7861415238.983091,46950163982.33467,85957625836.7397,1862509570.2438674,5,11.0,field,Catinella2005,,9.895500736262521,0.10289211347568258
385-094,639449667.2124071,1153440467.5619278,1111942657.8019853,137152281.9064817,5,11.0,field,Catinella2005,,8.805806365683809,0.09314959764087041
385-135,6652208607.532203,9581350323.857273,9591883787.166008,2344124410.3142247,5,11.0,field,Catinella2005,,9.82296585986191,0.15303793918030006
385-156,14030743691.102167,12378537385.252157,5321726858.98673,2019379515.5059164,6,11.0,field,Catinella2005,,10.147080691155377,0.06250597970860584
386-007,5518323978.692743,8010609265.043146,6865193211.935696,1350448769.1960914,5,11.0,field,Catinella2005,,9.741807194154791,0.10628090174108208
386-010,6663166678.845525,6582659960.730549,2037879264.9373577,1024475573.6708801,6,11.0,field,Catinella2005,,9.823680677262953,0.06677366932790282
386-011,11677271678.041996,22239597227.3208,25423341570.404327,3079846685.1157575,5,11.0,field,Catinella2005,,10.067341384421747,0.1145439155080164
388-065,6316196833.982703,11390487020.211838,11281059114.46247,1260670467.961791,5,11.0,field,Catinella2005,,9.800455655627033,0.08668226183017262
388-074,8005178930.834377,22235905231.28054,30337971095.56751,1484597881.1513329,5,11.0,field,Catinella2005,,9.903371043663881,0.08054194330945219
389-026,5420487142.602177,8219108147.604093,7906989186.235826,1412779018.545862,5,11.0,field,Catinella2005,,9.734038318611647,0.11319317171345804
389-029,12997066026.250982,10169606168.959517,4544313944.342435,1974661467.5602195,7,11.0,field,Catinella2005,,10.113845325197673,0.06598293624547752
390-041,15205337374.490484,13655432722.12701,5572667808.267706,2102071239.9011831,9,11.0,field,Catinella2005,,10.18199606066917,0.06003930840680879
390-060,20480687267.28528,16493077306.38371,9704823566.801222,4646328012.883607,6,11.0,field,Catinella2005,,10.31134452610172,0.09852572771476734
393-015,4271156766.0118256,7078595139.319824,6507111744.539842,857414046.4658993,5,11.0,field,Catinella2005,,9.630545511807165,0.08718251506234867
394-039,24727250661.359756,22279119269.707966,4789681493.337976,2756155243.1511545,9,11.0,field,Catinella2005,,10.393175831323791,0.04840744447338568
394-051,27626060516.468575,25147487690.577835,6725705121.7249365,2685679202.422609,15,11.0,field,Catinella2005,,10.441318958823839,0.04222012244848158
400662,14550350130.481007,12500696540.507607,5413276481.16173,2233295267.5660872,6,11.0,field,Catinella2005,,10.162873444037135,0.0666587265919308
400814,11668491576.288715,10132696230.344908,4172714473.081112,1753372741.1860452,6,11.0,field,Catinella2005,,10.067014717019164,0.06525951544277281
400848,1944072959.1884546,3067375531.3574767,2689683509.963423,430296837.5743187,5,11.0,field,Catinella2005,,9.288712559550325,0.0961257864606876
410491,1541282972.51167,2022441565.6654904,1412505848.557813,326052048.2202627,5,11.0,field,Catinella2005,,9.187882380521355,0.09187320425953832
410519,2637992621.5105424,3388660904.591086,2527684583.9717607,661867651.0241966,5,11.0,field,Catinella2005,,9.421273576486412,0.10896371212193968
410526,4106660388.540656,6360168817.335163,5679572256.133834,897324550.3854959,5,11.0,field,Catinella2005,,9.613488789174271,0.09489538063487697
410752,11721301835.318075,19680506722.15089,17928572483.278366,2365193310.5903716,5,11.0,field,Catinella2005,,10.068975849608407,0.08763449810061204
410955,7146589069.23034,11707467141.776592,10591953826.100433,1486411542.8436418,5,11.0,field,Catinella2005,,9.854098810771028,0.09032845244645006
410956,7305051281.497815,5674438519.436851,2596719186.1184964,1056243116.4873288,7,11.0,field,Catinella2005,,9.863623269030528,0.06279498108392269
412-044,2160876511.1252465,3607906069.2647276,3215580939.473019,394457677.5221018,5,11.0,field,Catinella2005,,9.334629948711433,0.07927838162441474
416-011,23386421944.11052,20474134347.16335,6386416477.923516,2861367757.239704,8,11.0,field,Catinella2005,,10.368963781073962,0.0531366547065159
420428,19465205428.304184,16249298464.133251,5447405595.056032,2696553831.7879796,7,11.0,field,Catinella2005,,10.289258991455576,0.0601636830196359
420434,9793816490.797941,8576608426.061806,4192362589.1943803,1431357657.2107968,6,11.0,field,Catinella2005,,9.990951962273533,0.06347175615764152
420451,7950525186.073312,12222094441.479132,11750927583.245691,2054471711.561695,5,11.0,field,Catinella2005,,9.900395817698,0.11222475329308967
420612,2543289560.9592757,3741399103.0032334,3184924944.5418844,609596604.2777519,5,11.0,field,Catinella2005,,9.405395808688388,0.10409528096554284
421-020,30807535910.167625,25550324564.984955,10712710425.744358,4578005284.984654,9,11.0,field,Catinella2005,,10.48865696337982,0.06453623682173745
426-015,3910460498.6166973,5800472294.6464405,3389771941.5151772,656974829.4695294,5,11.0,field,Catinella2005,,9.592227903235276,0.07296341269496955
440578,12138326493.434006,11008073355.62092,4126015885.289963,1687234955.9944272,6,11.0,field,Catinella2005,,10.08415881484746,0.06036720395179898
440604,5945108017.78082,8607965415.540817,8203107894.42401,1761824548.0397282,5,11.0,field,Catinella2005,,9.774159749804161,0.12870256974421782
440628,8661408845.330292,7974969847.132476,2208326225.6271124,1152840812.9325707,6,11.0,field,Catinella2005,,9.937588539129209,0.057804961353303014
441-009,35123664211.05346,31624730498.245438,9653525227.047226,4094176754.6031857,11,11.0,field,Catinella2005,,10.545599816562966,0.05062337351184345
450231,22666608785.250427,17062195054.5576,8157380337.52329,3544954688.282238,7,11.0,field,Catinella2005,,10.35538654897429,0.06792168490241265
453-037,10007645590.66868,13031413202.179407,11069418795.403938,2817196536.4212346,5,11.0,field,Catinella2005,,10.000331916914948,0.12225581922540338
454-039,12085715206.341803,11142998886.678457,4717280568.107467,1670029037.2603285,9,11.0,field,Catinella2005,,10.082272356107085,0.060011706640230804
454-077,2360220859.2251725,6297718498.667936,8618955411.555656,506610815.1513471,5,11.0,field,Catinella2005,,9.37295264426453,0.09321936149863842
459-067,32008841793.88456,28995851998.265995,9312690423.89855,3701075808.8588996,11,11.0,field,Catinella2005,,10.505269959941538,0.0502160250359364
463-039,29282538748.82464,27832872456.705406,11123934646.319996,3896340572.3695765,11,11.0,field,Catinella2005,,10.46660872664895,0.0577873122515303
485 G 15,9824557872.585331,8715730343.28908,3953165361.5269346,1340580417.8113358,6,11.0,field,Catinella2005,,9.992313015249302,0.0592603438804734
490154,2076891098.8558905,2170732404.115535,1122599948.6282785,566784930.2902194,5,11.0,field,Catinella2005,,9.31741372503491,0.11851924628429508
490235,8549655701.207722,7613634722.138384,2144242912.7361574,855863359.3901433,10,11.0,field,Catinella2005,,9.931948625830355,0.04347505294205158
490302,11923191534.225962,9779609389.14561,3602399482.4060845,1680769967.135631,7,11.0,field,Catinella2005,,10.076392520519937,0.06122095078153937
490308,6377156748.782992,9196513950.922071,7858951032.662998,1545266631.2469888,5,11.0,field,Catinella2005,,9.804627091959006,0.10523510671865893
500-014,4435905825.552532,7464489653.5703535,7004060574.679359,907037077.5207227,5,11.0,field,Catinella2005,,9.646982317486811,0.08880287660296203
500362,10386275550.08144,7989306093.75305,3479663646.262921,1495419830.7209795,7,11.0,field,Catinella2005,,10.016459840336104,0.06252988161918387
508-003,5926018835.850071,21307014744.437794,37401216222.78549,1210903222.3742745,5,11.0,field,Catinella2005,,9.772763027551179,0.08874230780614392
510365,13178516436.780716,13403214640.885471,1705447016.1984637,1464039597.3854623,8,11.0,field,Catinella2005,,10.119866522580878,0.04824703307709237
510377,498931705.022917,511824366.5412129,65042416.72425651,70259463.49898817,5,11.0,field,Catinella2005,,8.698041102413828,0.06115726259106335
510381,6710381829.931986,5855828129.274993,2264018041.430415,859709528.989268,6,11.0,field,Catinella2005,,9.826747232823912,0.05564021749317759
510383,1612265129.2368941,1906414109.1135716,1122492002.402078,336627824.4898598,5,11.0,field,Catinella2005,,9.207436460978132,0.09067714979374311
510389,6451657456.161792,6523893584.690015,1676314843.5995593,817906290.5642873,6,11.0,field,Catinella2005,,9.809671300928962,0.05505750903851455
510394,3256105888.724738,4072474433.0700884,2977626044.1148148,776872433.2998159,5,11.0,field,Catinella2005,,9.51269851972487,0.1036180709273562
519-019,20182595546.931355,18285930633.410255,3462425373.26355,2066888066.048523,9,11.0,field,Catinella2005,,10.304977017164711,0.0444758494867147
530603,15491295592.80774,28838785996.59624,26816094594.450714,3420760173.439306,5,11.0,field,Catinella2005,,10.190087740888808,0.09590013038863192
530628,5917215705.580383,10827813304.723389,11692191178.166468,1295932273.599923,5,11.0,field,Catinella2005,,9.772117401292519,0.09511504453251607
530631,1054174030.6783231,1481965371.9302652,1213865551.4812837,243227075.99823192,5,11.0,field,Catinella2005,,9.022912313271444,0.10020373665202555
532 G 15,523814634.10748506,653580657.9617417,456963846.56218755,117938441.00772996,5,11.0,field,Catinella2005,,8.719177627390758,0.09778270937619342
540233,5388502807.320256,8533583788.934912,8108840264.167321,1208351952.1291068,5,11.0,field,Catinella2005,,9.731468113453383,0.09738894156161175
565 G 31,11994208529.676228,10767034084.3503,3419799364.464668,1579211349.5130692,6,11.0,field,Catinella2005,,10.078971595152122,0.05718116148769569
583 G 7,15214933800.965267,16000815116.36378,4704278183.231626,1835319872.8474102,10,11.0,field,Catinella2005,,10.18227006711561,0.05238729946064177
596 G 36,4763436119.724995,7446259696.452301,6384361330.601293,1009324055.7849993,5,11.0,field,Catinella2005,,9.677920345466918,0.09202261914765465
597 G 20,20770774702.34341,18907833307.217472,6854725251.273683,2758914856.5905805,9,11.0,field,Catinella2005,,10.317452695027077,0.05768593205736368
610499,5073330313.739029,5167682341.631137,2715893442.4538813,1294912409.6301064,5,11.0,field,Catinella2005,,9.705293139227335,0.11084894522389792
620266,5216083453.405155,4553416939.492898,1942656179.4993846,695320074.0062627,6,11.0,field,Catinella2005,,9.717344531163937,0.057892799069452494
A168-33,7949273488.063371,11052921789.115585,9635150662.70995,2095837042.9411266,5,11.0,field,Catinella2005,,9.900327438776857,0.11450234591683527
D564-8,255183826.1226492,217361372.4785979,107164085.05436009,29685466.934969727,6,10.0,field,SPARC,,8.406853144781563,0.0505213621038129
D631-7,812532134.7559266,1273331957.5773177,943496821.9242175,183156797.32017905,15,10.0,field,SPARC,10.0,8.909840545861622,0.097896419103621
DDO064,238141313.05211177,708073372.6939622,1398969496.060021,71275425.7529496,11,10.0,field,SPARC,10.0,8.376834743889424,0.12998384741851676
DDO154,528367131.8427361,568897800.8605512,350946105.9449859,36946353.94237186,12,12.0,field,SPARC,10.0,8.722935793606936,0.030368273642714747
DDO161,1079140009.068203,6190056666.011964,23220422859.36642,145211066.72384235,25,10.0,field,SPARC,10.0,9.033077794285408,0.05843946518478484
DDO168,546051891.0587362,1546293161.2236874,2552047195.390025,73667871.19185235,7,12.0,field,SPARC,10.0,8.73723391546965,0.05859067695956319
DDO170,1020588031.4416543,2152082751.3227243,2397456610.557473,67275957.12899926,7,10.5,field,SPARC,,9.008850471002559,0.02862817909456784
DDO189,1118566587.0008378,1665061859.429086,1412245750.8122199,190879387.80564815,9,11.0,field,deBlok2002,,9.04866184226034,0.07411080019414325
DDO47,5060516496.952134,6105425230.783888,7134368407.75702,1732729209.7992055,8,11.0,field,deBlok2002,,9.704194844968011,0.14870314816710983
DDO64,440493682.87075186,539786486.2301072,600302637.4435567,84662302.09084877,10,11.0,field,deBlok2002,,8.64393968456635,0.083470823880283
ESO079-G014,10478216572.504314,9622136090.016743,4227369087.9986815,1099009369.0014532,13,11.0,field,SPARC,4.0,10.020287370564642,0.04555104403642152
ESO116-G012,4122506772.445562,18937212972.942715,30418798088.370285,782096602.833653,11,11.0,field,SPARC,7.0,9.615161377775214,0.08239167518078827
ESO444-G084,1225870956.2745767,1158477438.5714984,580832449.9692647,232191136.64736965,7,12.5,dense,SPARC,,9.088444755722763,0.08225933478287746
ESO563-G021,11513246722.332314,16714697676.784412,21960799184.270905,1225177449.236249,17,11.0,field,SPARC,4.0,10.061197811445654,0.04621526997449906
F565-V2,2812110619.5886817,2165025580.188465,1191960811.6588683,407327452.8024013,7,11.0,field,SPARC,,9.449032400463022,0.06290651009513441
F568-3,2611540990.393586,4789838709.055216,4500314653.391498,868866607.8337133,14,11.0,field,SPARC,7.0,9.416896846853861,0.1444909249673729
F568-V1,3111746868.7375917,3666221294.9399242,2116271471.5142937,611961749.6404225,13,11.0,field,SPARC,7.0,9.493004261202703,0.08540913583774762
F571-8,5278913177.970002,4695731315.725331,2908479736.540164,349252353.6341431,9,0.0,field,SPARC,5.0,9.722544519239335,0.028732878314425912
F571-V1,2425662385.980833,2067874233.4275253,780619516.0202541,270531498.3183547,7,11.7436,field,SPARC,,9.384830353781611,0.04843639311872838
F574-1,2778800573.5922766,2566523065.78542,1055043064.7575523,225307772.27686673,14,11.0,field,SPARC,7.0,9.443857379848184,0.0352130063451307
F583-1,1824591465.660129,7695019809.405729,21982515703.061287,603910617.7702171,16,11.0,field,SPARC,9.0,9.26116563916453,0.14374453339093046
F583-4,380453946.46055865,729033973.4815253,941938917.1371828,123906943.32550947,5,11.0,field,SPARC,5.0,8.580302093410035,0.14144182825909093
FGC0471,12667254806.820484,11458510311.36542,3586439955.3467703,1327941034.94849,10,11.0,field,Catinella2005,,10.102682506641377,0.0455282121158957
FGC1062,5816433246.666882,6967416274.385111,4667302369.525872,1336564570.4859197,5,11.0,field,Catinella2005,,9.764656748199842,0.09979700497758828
FGC1263,6675505239.782689,7561382483.836561,6229846407.110483,1911398684.4512188,5,11.0,field,Catinella2005,,9.824484141129627,0.12435162157124185
FGC1282,13407324850.609905,10120809845.245596,4844169798.845438,1938073128.0666368,7,11.0,field,Catinella2005,,10.127342132175439,0.06277870301665925
FGC1395,3557210273.2659497,5399310758.141085,4817088667.100326,845239917.3235619,5,11.0,field,Catinella2005,,9.551109537893112,0.1031940773186166
FGC495,3441292031.714367,5190291143.255679,4659313982.517029,813913648.3789105,5,11.0,field,Catinella2005,,9.536721528877997,0.10271671307727123
I 1048,6331337696.944294,6614719018.36175,3737989777.732496,1338526808.1745725,5,11.0,field,Catinella2005,,9.801495478267666,0.09181547952344263
I 1058,29984317138.3865,29474506810.340866,18505803919.784557,6369685976.4254675,9,11.0,field,Catinella2005,,10.476894162681633,0.09225887847472808
I 1125,3156556297.970035,55703845326.479576,116423691997.60283,662688883.0316007,5,11.0,field,Catinella2005,,9.499213539483012,0.09117598355661762
I 1417,12182699663.667511,11833411256.62468,3498842793.1589217,1688360729.536292,8,11.0,field,Catinella2005,,10.085743537813928,0.06018745996722881
I 1524,13053718694.244478,28307567262.172813,36479507129.886116,2352595578.7190237,5,11.0,field,Catinella2005,,10.115734249477338,0.078270361260209
I 1546,8518729166.247809,12451625330.869333,10844025688.166975,1954140846.925199,5,11.0,field,Catinella2005,,9.930374811051713,0.09962431838353307
I 1681,2092715831.0700333,8689537331.465107,14234569602.009424,451506803.47995716,5,11.0,field,Catinella2005,,9.320710259692278,0.09369973236780049
I 1755,22596530189.44639,19626361156.46308,7934543684.133256,3411953678.7136264,6,11.0,field,Catinella2005,,10.354041756170927,0.0655761146844967
I 1856,16291099069.6386,17496240709.95682,8162129365.20738,2712240196.7653656,6,11.0,field,Catinella2005,,10.211950384724584,0.0723039585000522
I 217,3590607176.2056417,4756221706.006696,3747313161.1870904,876551556.6749389,5,11.0,field,Catinella2005,,9.555167894533461,0.10602148480355764
I 2974,28505155389.834953,25852443745.805153,8545178866.356146,2560851640.5676837,16,11.0,field,Catinella2005,,10.454923412811258,0.03901623131891561
I 34,30448580771.243607,27173429490.910107,9861091925.07904,4696638335.781036,6,11.0,field,Catinella2005,,10.483567054683778,0.06698913581717221
I 344,4710272553.140311,6510255412.71991,5225889185.218015,1090829222.9800553,5,11.0,field,Catinella2005,,9.673046037680953,0.10057615708951055
I 4218,10296274148.652695,24655184799.85793,31932439523.947838,2213652187.5648603,5,11.0,field,Catinella2005,,10.012680097577567,0.09337134151952244
I 4221,4002689210.5224805,7540598164.401942,8197127617.346559,926947261.1646442,5,11.0,field,Catinella2005,,9.602351870546016,0.10057440369860472
I 531,6716803262.981424,7081909216.733562,2673824635.8615046,892092112.9021856,8,11.0,field,Catinella2005,,9.827162627879927,0.057680814341860134
I 5334,11107797304.109125,23725871050.724968,32700031489.19282,2456844560.0565767,5,11.0,field,Catinella2005,,10.04562794611332,0.09605811180330763
I 562,5902185544.938464,5716005302.592814,1302910513.790472,806178151.3050134,6,11.0,field,Catinella2005,,9.771012858141965,0.059320182308227054
I 594,11280257965.066189,10221867060.777582,3796596080.0027804,1580659555.192644,6,11.0,field,Catinella2005,,10.052319031519994,0.06085603048385478
I 609,13971868244.13955,12823137275.669754,2176388595.6177506,1545541583.4604826,8,11.0,field,Catinella2005,,10.14525448155243,0.048040832444182446
I 624,24481925055.50155,22898932619.08716,4095241142.9286475,2298398124.678369,12,11.0,field,Catinella2005,,10.388845564131659,0.040772186848120735
I 653,21823268948.904182,18688730652.851284,5510714671.712971,2863737467.3783016,7,11.0,field,Catinella2005,,10.338919804920364,0.056989875467966515
I 728,14132489816.634377,12639908583.768904,3361965885.8954687,1449231456.3998415,10,11.0,field,Catinella2005,,10.15021868119523,0.04453519745503365
I 944,33459745674.488907,29224159872.612907,9867619376.933441,4458765079.670812,9,11.0,field,Catinella2005,,10.524522635592728,0.057873036126522344
IC2233,1583868562.3443444,7548052207.375829,15835583219.732742,515350639.62061787,19,11.0,field,deBlok2002,,9.199719138732636,0.14130840421585872
IC2574,470100303.453161,529341659.5920877,433054805.9736499,143453493.0109998,21,12.0,field,SPARC,9.0,8.672190531528587,0.13252716487691302
KK98-251,310024977.22527903,341871124.154382,144221384.343399,51733752.06751613,11,9.5,field,SPARC,10.0,8.491396684266968,0.07247055786330113
LSBCF563-1,1502004890.563603,2222346431.076893,1842220220.0143638,351320448.5700948,8,11.0,field,deBlok2002,,9.176671346743602,0.10158191438146083
M+004027,1948813579.0031626,3127901999.446822,2845197752.012173,412775815.7165836,5,11.0,field,Catinella2005,,9.289770297053765,0.09198738194369636
M+008065,2817023799.2668157,3973698408.120757,3257762027.0395036,597682305.201111,5,11.0,field,Catinella2005,,9.449790516082894,0.09214339159918201
M+012059,2134752620.9793384,4090742840.723395,4580512093.470885,482139436.4027024,5,11.0,field,Catinella2005,,9.329347555441476,0.09808653924574058
M+631092,14725980151.101791,14520651391.52975,3305004510.479809,1812233340.5984302,8,11.0,field,Catinella2005,,10.168084210762931,0.05344587807855413
M+632004,1129267434.0619898,1561827974.7158413,1219525596.5247757,226723989.6952531,5,11.0,field,Catinella2005,,9.052796804089287,0.08719367500536018
M+632024,7666401745.487285,13496318634.587597,13696841363.440132,1704879538.0521574,5,11.0,field,Catinella2005,,9.884591574020423,0.09657982979063866
M+648005,32759745705.07463,27682548199.904636,12037320692.056625,7583491080.565926,6,11.0,field,Catinella2005,,10.515340521925026,0.10053400168311248
M+720074,3332708643.990342,5847121360.835266,5939331737.944296,719105285.2993226,5,11.0,field,Catinella2005,,9.522797347912519,0.09370859882279718
M+731023,4256222948.9986753,6607273571.222623,6091418853.182535,984726117.7823346,5,11.0,field,Catinella2005,,9.62902436904824,0.10047902195525063
M+913011,23531540396.937527,21708317974.569073,4871008093.855322,1646817840.715116,19,11.0,field,Catinella2005,,10.371650357434977,0.030393416191975352
M-103075,8935520299.825686,10223245684.139034,7807661360.781824,2660769953.129484,5,11.0,field,Catinella2005,,9.95111984579123,0.12932181557246886
M-103083,25656767849.667477,23463544023.20561,9248358184.263683,3633153382.70073,9,11.0,field,Catinella2005,,10.409201944577205,0.06149872327100274
M-105017,1600032525.3700087,2001372899.1387038,1072697774.0267087,283679915.93162,5,11.0,field,Catinella2005,,9.204128811059139,0.07699882356290895
M-106077,11047068804.689913,9597788456.831617,2914291348.4069366,1207433868.3404417,8,11.0,field,Catinella2005,,10.043247058942322,0.047467964177133636
M-106078,23239101981.07432,20665814759.16017,6302824419.035919,2537859905.8775177,11,11.0,field,Catinella2005,,10.366219341782005,0.0474277600685136
M-123021,18118782600.72468,16697385532.886261,6758519266.685003,2146489384.7301052,10,11.0,field,Catinella2005,,10.258129014116228,0.05144984162539187
M-124007,12000381172.449364,10156973955.88621,3760660356.327886,1482723942.4575324,9,11.0,field,Catinella2005,,10.079195040919485,0.053659864394433106
M-127007,9331658959.832031,7119489282.6408,3973955341.4303317,1496743385.687279,7,11.0,field,Catinella2005,,9.969958858436168,0.06965828863090773
M-131002,10302121629.378204,8021967849.8763075,3333175704.5816345,1446995263.5276515,7,11.0,field,Catinella2005,,10.012926672962147,0.06099928547709544
M-132035,10350163604.518034,9490998256.980946,4135602285.7897406,1516365650.5023375,6,11.0,field,Catinella2005,,10.014947214718331,0.06362693960444561
M-133072,7697861544.025378,6857382479.348378,2227102795.0100183,1112063649.9782841,6,11.0,field,Catinella2005,,9.886370095482068,0.06273990561516468
M-134010,6697535986.185465,9007428300.168835,6462891970.375865,1422562042.0927572,5,11.0,field,Catinella2005,,9.825915055771816,0.09224449802438102
M-139005,2782138309.069225,2833293621.1453934,1106376696.9498932,683004969.0400548,5,11.0,field,Catinella2005,,9.444378716372231,0.10661773650851826
M-153012,23364017111.120934,21519528929.25647,7826490548.36004,2335919846.2810483,14,11.0,field,Catinella2005,,10.368547515632315,0.04342049120162967
M-156002,6078422990.823032,5539734615.560836,1754477982.4116595,795435297.816333,6,11.0,field,Catinella2005,,9.783790918874619,0.05683269510434778
M-160005,2870196347.8899765,4461164919.430048,4097961496.0835476,663624483.7381289,5,11.0,field,Catinella2005,,9.457911607496488,0.10041419345935686
M-202038,5393428088.044281,8833878355.350851,8650976247.742287,1377644921.8877506,5,11.0,field,Catinella2005,,9.731864892547929,0.11093196717022294
M-202082,7423111305.290692,6285641192.362851,2283417984.9388285,1053597991.1089724,7,11.0,field,Catinella2005,,9.870585972597834,0.061641510528995004
M-203006,3325553509.9927435,5107065422.902113,4589260473.856387,742805979.0804176,5,11.0,field,Catinella2005,,9.521863940264474,0.09700536673670049
M-203014,3926241116.968074,5075688520.000149,4084743799.1088634,1038524892.4414693,5,11.0,field,Catinella2005,,9.593976966826208,0.11487466425770348
M-203015,15696950675.07051,15091673565.188822,5701051316.956198,2174636102.437033,6,11.0,field,Catinella2005,,10.19581529358036,0.06016661955470888
M-207032,2037598698.8506613,1851635430.9815445,665973896.6707258,254454210.66570944,6,11.0,field,Catinella2005,,9.309118654628234,0.05423445728125902
M-213013,4773427898.498855,6441659034.095584,5135913357.19865,1209712747.1101198,5,11.0,field,Catinella2005,,9.678830367034875,0.11006169610798301
M-222023,7210486954.805915,8587277830.123851,5287345200.925067,1477258860.4374797,5,11.0,field,Catinella2005,,9.8579645954606,0.08897670510353936
M-226012,9106262341.585896,8825433648.446083,1615646754.373822,668707783.237434,16,11.0,field,Catinella2005,,9.959340157707507,0.031891910135239544
M-231017,11641900523.693356,10648246144.416811,2736763842.248217,1592317590.0694048,8,11.0,field,Catinella2005,,10.066023884057637,0.059400502641061864
M-233068,23572261724.71023,22529989086.265644,2575922488.4178543,1951263013.4501069,14,11.0,field,Catinella2005,,10.372401254456303,0.03594999789922403
M-234055,13033163143.704231,12261633306.036943,6429428164.393426,1659824766.6640475,10,11.0,field,Catinella2005,,10.115049831609756,0.055309116377996216
M-234061,3897924717.356663,3466270782.9317265,1163245560.4945006,482519337.0628203,6,11.0,field,Catinella2005,,9.590833447107844,0.053760783158507464
M-237006,3944059752.0750713,3472502219.8466725,1275772380.2951307,534219591.0858037,6,11.0,field,Catinella2005,,9.595943485833047,0.058824823942160216
M-238015,3072582276.780292,4838121349.732239,4146330521.0836773,596620060.9669068,5,11.0,field,Catinella2005,,9.487503521134814,0.08432932853541845
M-254005,28892607210.696712,24625202579.495342,11637966184.428434,4111018043.197093,8,11.0,field,Catinella2005,,10.460786733472064,0.0617940927983892
M-305008,8846780727.561577,8697975044.698128,3780138256.288555,1972468484.1225605,5,11.0,field,Catinella2005,,9.946785263171746,0.09682981920346656
M-307047,2624609782.69936,4729088113.258816,4536981669.5295105,514529670.2388699,5,11.0,field,Catinella2005,,9.41906474323995,0.08513928357396407
M-308018,7867237865.149863,8332209719.298955,4232160248.676868,1701716507.3439703,5,11.0,field,Catinella2005,,9.895822281217857,0.09393971576440731
M-313058,4885074298.155526,7875447338.045871,7148386439.26982,1046983539.075307,5,11.0,field,Catinella2005,,9.688871173384081,0.09307927493254826
M-334041,5217206906.782641,9225660690.256699,9674770309.812815,1179942834.5032406,5,13.5,dense,Catinella2005,,9.717438060546817,0.09822164831527709
M-335003,1000441264.2461687,1435326434.4700444,915074185.296525,178003012.15313774,5,11.0,field,Catinella2005,,9.000191596357968,0.07727162873326199
M-335004,51237970889.52678,47071398327.2316,13940174771.280512,5515691569.085894,12,11.0,field,Catinella2005,,10.709591922615768,0.04675115682272124
M-357001,6596552911.864777,24022406390.021095,37679814182.26808,1367072314.735964,5,11.0,field,Catinella2005,,9.81931705032422,0.09000336548270003
M-357018,3438214480.7045774,5428488543.87906,4862305848.162458,711818787.4656494,5,11.0,field,Catinella2005,,9.536332965102943,0.08991264891887857
M1012054,30386508525.138657,24448922293.714344,12483807564.253935,7055466064.987717,8,11.0,field,Catinella2005,,10.482680801581182,0.10083915948240167
M1024079,4177719362.473111,6064529881.725809,4976620635.337559,854936042.9470831,5,11.0,field,Catinella2005,,9.62093926297247,0.0888748079077103
M1120021,16467583339.578712,14873160595.209738,5480644994.41419,1834466916.8895776,10,11.0,field,Catinella2005,,10.216629870008045,0.048379828588716076
M1213030,23420963087.623665,21524890249.618572,6984677679.442885,2690868846.628054,12,11.0,field,Catinella2005,,10.369604749619382,0.04989673085789841
N 1024,18445965643.427128,17974951549.059616,2743671038.274601,2124634626.109932,9,11.0,field,Catinella2005,,10.265901395406392,0.05002270480260353
N 1030,28999864230.33869,25830244455.252926,7279559167.440651,3340465829.435282,10,11.0,field,Catinella2005,,10.462395964652309,0.050025954093688145
N 1037,20459132486.265465,19241030895.879265,3206669483.7834473,1723659825.1669586,15,11.0,field,Catinella2005,,10.31088721469308,0.03658884125467512
N 1080,3739633190.115983,3102945999.3207903,1090537949.157815,505114663.9473216,7,11.0,field,Catinella2005,,9.572829005590563,0.05866043543001434
N 1081,6093095471.813319,161511777519.33694,345235278563.3302,1370423121.0392773,5,11.0,field,Catinella2005,,9.784837983073897,0.0976789551539502
N 1242,4734556237.00113,6898247216.222794,5334607745.508855,918118882.715578,5,11.0,field,Catinella2005,,9.675279279463208,0.08421781145578124
N 1247,32341041724.158382,28571100393.39475,6760446459.473245,3468836979.0830765,11,11.0,field,Catinella2005,,10.509754004678832,0.046581578029763655
N 1324,34848235530.54576,32083005913.95806,10559009972.173822,5123816128.509635,9,11.0,field,Catinella2005,,10.542180793373852,0.06385531539891333
N 1337,3467967565.1495447,9415860555.014847,12855203732.229294,714075237.960815,5,11.0,field,Catinella2005,,9.540075026998393,0.08942382813109168
N 1418,3248384256.3106437,7020696623.437769,8294654369.560332,668743370.8165753,5,11.0,field,Catinella2005,,9.511667396962208,0.08940800497687326
N 1586,6252506312.008137,15711117435.40894,20124614507.47238,1181654072.5674608,5,11.0,field,Catinella2005,,9.796054138830197,0.08207682129787909
N 1618,14310524167.009571,12758872449.909328,2787767829.2139034,1345274240.5993598,10,11.0,field,Catinella2005,,10.1556555414237,0.04082625992734531
N 1622,25662243731.52906,25340827138.348633,3916703467.6511974,1924309340.5276415,17,11.0,field,Catinella2005,,10.409294625445828,0.03256601163986548
N 1628,12510485768.690924,20245462727.81054,21349540622.77095,3462283438.2265515,5,11.0,field,Catinella2005,,10.097274173207897,0.12019122357102117
N 217,32486536567.09271,32388696936.702606,10871497111.621655,5091234590.12122,7,11.0,field,Catinella2005,,10.51170341310008,0.06806189031564362
N 2410,24051058173.14582,25128001064.260086,10209636971.751228,2596904785.5654373,10,11.0,field,Catinella2005,,10.38113418876176,0.04689279824113869
N 2523,10862863580.592518,15746572075.255726,12368507167.434803,2111678645.8863494,5,11.0,field,Catinella2005,,10.035944325558223,0.08442436717145531
N 2550,4050816599.8108625,4882648517.684794,3433796055.3808155,1041943590.9998974,5,11.0,field,Catinella2005,,9.6075425810031,0.11170842739383519
N 2590,26116651179.726707,23273601011.255608,6817890727.650024,3671732180.8370595,7,11.0,field,Catinella2005,,10.41691748855229,0.06105733136268101
N 268,5999439930.921799,5244284051.945415,2108559497.3573644,833607191.6615307,6,11.0,field,Catinella2005,,9.778110709339774,0.060344133382771295
N 2708,15278151189.64116,16293316136.997723,7481662621.215911,3181766158.612152,5,11.0,field,Catinella2005,,10.184070803407462,0.09044441753716011
N 2713,35944969297.818016,36103834825.33914,4978571348.113774,3339098750.045256,13,11.0,field,Catinella2005,,10.555638116997661,0.040343675067841256
N 280,29396399419.079475,27237724975.087036,5048629591.517228,2644942569.850751,13,11.0,field,Catinella2005,,10.468294139657525,0.03907566864435935
N 2841,19396069631.395767,54544760190.06828,76277363190.9465,5407880611.311772,5,11.0,field,Catinella2005,,10.28771373455241,0.12108704252549526
N 2862,28438061077.132553,23573378168.772713,10490420113.774221,3907656748.095067,10,11.0,field,Catinella2005,,10.453899982627078,0.05967614171257033
N 2998,20617559512.485367,18826259857.67136,6958523100.703682,2443467433.499147,11,11.0,field,Catinella2005,,10.31423725682589,0.05146993379290887
N 3145,25262005074.8008,23509661375.078106,3977295215.3963776,2255480660.4755898,12,11.0,field,Catinella2005,,10.402467818046825,0.03877533877392646
N 325,9572872204.103802,14888045272.93952,12958912185.031273,2170228524.309979,5,11.0,field,Catinella2005,,9.981042261208902,0.09845720829458186
N 353,7374860275.694387,10779395917.278805,9644142615.246216,1868989027.3085668,5,11.0,field,Catinella2005,,9.867753796572947,0.11006196605147354
N 3769,4417215862.258509,4290591943.3784266,1218476653.9824853,631390281.7291057,5,12.8,dense,Catinella2005,,9.64514862305215,0.062077408900294895
N 3907b,22780026961.029186,19069553583.146954,9032304381.957865,4412347205.835029,6,11.0,field,Catinella2005,,10.35755423374744,0.08412009551233689
N 3917,5320314628.797807,12203714551.679455,15372875930.374199,1177449734.0205214,5,12.8,dense,Catinella2005,,9.725937316037596,0.09611460183870972
N 3949,4682400325.674763,5204771051.842284,1739459060.7313235,879251771.7946583,5,12.8,dense,Catinella2005,,9.670468541312589,0.0815509495418997
N 4050,9035860866.993362,11300826418.659824,8538558832.366484,2382422832.2450867,5,11.0,field,Catinella2005,,9.955969535090043,0.11450741714979946
N 4079,16312254551.94476,14135220939.339722,4210764652.649363,1994050606.166585,7,11.0,field,Catinella2005,,10.212513989967386,0.05308923865406063
N 4129,4169357716.335297,5753549240.869566,4818046058.095641,926860693.4992377,5,11.0,field,Catinella2005,,9.620069157675085,0.0965449625736476
N 4226,15713724307.230873,26160596657.089508,25098749241.338913,3694507560.0405455,5,11.0,field,Catinella2005,,10.196279129304061,0.10210846361464558
N 4357,14211724263.080624,13706862543.988857,3221412191.2800574,1962319282.3213196,7,11.0,field,Catinella2005,,10.152646772685554,0.05996629404486946
N 4428,6637353628.35138,19442022582.42495,27041271934.837894,1282424446.514952,5,11.0,field,Catinella2005,,9.821994956823955,0.08391143394865545
N 4433,9480924890.848684,22504253428.17449,29582545616.561504,2278363592.4046597,5,11.0,field,Catinella2005,,9.976850706051046,0.10436542292468683
N 4642,6550050980.961324,13264399395.374014,15416772764.966639,1502401227.0288754,5,11.0,field,Catinella2005,,9.816244680245832,0.09961518840080123
N 4668,1250957885.3236535,2353085978.2321157,2569698909.2386303,275222695.28297615,5,11.0,field,Catinella2005,,9.097242689006434,0.0955489383441649
N 497,32520971700.430946,29484583124.094357,7706289206.9528885,3284621109.2518244,12,11.0,field,Catinella2005,,10.512163513485087,0.04386378230119435
N 4995,7283856352.815675,10697000512.558706,8247627017.434652,1209860388.6080701,5,11.0,field,Catinella2005,,9.862361372351513,0.07213701989643086
N 5073,13282683960.37693,10819559211.95762,4275688293.145919,1786334775.1036804,7,11.0,field,Catinella2005,,10.123285839445192,0.05840651919248099
N 5079,3280162551.8545766,4855597296.823999,3666345036.633407,678461954.302416,5,11.0,field,Catinella2005,,9.51589536615809,0.08982856132182886
N 5088,4260554863.7722282,201328159833.85513,439310631140.8714,1175949042.8417604,5,11.0,field,Catinella2005,,9.629466162150239,0.11986893647308045
N 5134,1095146020.2661576,4404291484.160266,7311904730.716536,213949056.68898517,5,11.0,field,Catinella2005,,9.039472029283814,0.08484429748085127
N 5174,25997963350.377182,24663817002.623665,4755011375.510865,1886262119.6713858,18,11.0,field,Catinella2005,,10.414939327188609,0.03150990017779716
N 5184,14226910207.138435,11920539952.309055,4244586316.8810854,1792289585.9684625,7,11.0,field,Catinella2005,,10.153110590478251,0.054711913256344974
N 52,20642193854.81052,16607118065.344452,8822230131.384224,4481325555.453614,7,11.0,field,Catinella2005,,10.314755852277159,0.09428333897232427
N 5207,28197938790.864723,25699556698.05449,4742609303.799542,2445107891.4677744,15,11.0,field,Catinella2005,,10.45021736347999,0.0376586697630031
N 5356,6234650674.473322,9211037387.230625,7985585037.14811,1534805142.5678666,5,11.0,field,Catinella2005,,9.794812125112287,0.10691174839082163
N 5426,10877186201.579157,21964589044.85818,27628175698.92067,1969433935.1281233,5,11.0,field,Catinella2005,,10.036516563085106,0.07863378217934484
N 5496,4699115855.402691,4123086022.8817573,1544148704.6641724,623109373.9032545,6,11.0,field,Catinella2005,,9.672016152565371,0.05758805933615002
N 5584,2708234264.9845552,4018798841.6404066,3345410672.8982997,521006768.8791481,5,11.0,field,Catinella2005,,9.432686228546956,0.0835490369810188
N 5616,25946555847.331276,25137099721.386333,10648432957.168934,2963794833.246443,12,11.0,field,Catinella2005,,10.414079717646159,0.049608115587514046
N 5618,8138468747.706358,7146083967.746363,2223074492.5591288,935154441.1176789,9,11.0,field,Catinella2005,,9.910542700100649,0.049902804335175036
N 565,12022218701.952002,21887969671.970284,22277604947.03114,3208572771.370324,5,11.0,field,Catinella2005,,10.079984624163874,0.11590751124539965
N 5719,13450302693.570194,18778969210.872665,11181314069.854883,2794492022.9651875,5,11.0,field,Catinella2005,,10.128732058068392,0.0902308663935573
N 5750,9736389521.018196,15310324193.191753,11256780848.558601,2241593682.915676,5,11.0,field,Catinella2005,,9.9883979402677,0.09998693715549492
N 5775,20413659756.568077,19628195514.47813,16618985505.002768,4055190464.876308,6,11.0,field,Catinella2005,,10.309920871918392,0.0862729595263199
N 5806,14780266133.377182,24872313423.01994,24530511992.34351,3697177681.939285,5,11.0,field,Catinella2005,,10.169682254032866,0.10863565320086728
N 5908,32250848945.407833,27162411053.92973,9476569644.476086,5090904460.665772,7,11.0,field,Catinella2005,,10.508541151140385,0.06855483770074866
N 5985,29391856698.570896,26161138959.635223,9738476473.265158,3944247178.788471,8,11.0,field,Catinella2005,,10.468227021542992,0.05828025097487598
N 6070,9671922450.981804,16767692944.55453,15781837762.300762,1956152886.8087113,5,11.0,field,Catinella2005,,9.985512805713995,0.08783635402431308
N 615,9178602260.192722,19254259276.7943,23240857402.665096,2379068361.4239516,5,11.0,field,Catinella2005,,9.962776550819637,0.11256793051356588
N 64,13575570050.393057,16942498665.758709,12752388500.188316,3571731927.893802,5,11.0,field,Catinella2005,,10.132758075059574,0.11426286051811355
N 6689,2764100039.223975,6097078859.054136,6365071397.310975,519880281.6879265,5,11.0,field,Catinella2005,,9.441553757116315,0.08168341752593115
N 6792,22144999987.083183,19381053228.828285,5381273812.432046,2946982795.0962615,7,11.0,field,Catinella2005,,10.345275684367461,0.05779446226780981
N 7047,11497942557.488604,16837463325.60178,14284709155.317966,2690399792.106377,5,11.0,field,Catinella2005,,10.060620134625834,0.10162042278289696
N 7331,17328538220.34889,16363179508.901016,4009663983.5942125,2642883706.1970263,6,11.0,field,Catinella2005,,10.238761928575883,0.06623696674919381
N 7344,17309269854.66541,16553028217.660349,3775177498.838091,2224043717.19241,6,11.0,field,Catinella2005,,10.238278748708574,0.05580188661903156
N 7364,16985558114.39223,20590378436.573383,13715621511.53457,2733318902.3517947,5,11.0,field,Catinella2005,,10.230079821563338,0.06988674193563364
N 7378,3003549336.2910304,4614708525.583511,4078171228.0213423,672770333.3434721,5,11.0,field,Catinella2005,,9.477634770061625,0.09727838987991581
N 7448,5171908938.943381,11959288861.04712,13386671413.458979,961957932.9676149,5,11.0,field,Catinella2005,,9.71365086971521,0.08077733522435997
N 747,9334063725.453997,13600038423.759485,8954001916.019344,1805392552.2903156,5,11.0,field,Catinella2005,,9.970070761571481,0.08400114314526771
N 7587,37714136310.086,34014930672.753437,13063551573.985664,5214909345.401426,10,11.0,field,Catinella2005,,10.576504166405437,0.06005192147878658
N 7641,25278450672.270626,21699539481.59903,7799879508.137701,4934221978.162013,9,11.0,field,Catinella2005,,10.402750452319873,0.08477202204295634
N 7700,11479897124.20339,10991534826.587706,2938959168.7173896,1721321943.5900424,6,11.0,field,Catinella2005,,10.059937996198629,0.0651191046045206
N 7782,32719323036.555115,29104994635.172504,8633689088.558231,4118175198.6189456,8,11.0,field,Catinella2005,,10.514804309530765,0.054661912236780186
N 926,20840315780.998215,18577663305.879906,5120782483.449433,2349314910.5967913,10,11.0,field,Catinella2005,,10.318904295285163,0.048957727543433
NGC0024,1238324912.031009,2682094139.4121995,3808080432.942961,185154206.21768746,14,11.0,field,SPARC,5.0,9.092834609941482,0.0649356637182026
NGC0055,1973563870.72333,6362677476.744182,14737478783.893108,274328158.14365757,20,11.5,field,SPARC,9.0,9.295251186091978,0.06036754476499787
NGC0247,3311459438.431454,6540614158.168091,9792931914.951088,779248195.1224062,23,11.5,field,SPARC,7.0,9.520019439807704,0.10219759518933776
NGC0289,6969738898.767987,11576028960.52268,20662113189.20663,984402719.799193,19,11.0,field,SPARC,4.0,9.843216508808446,0.06133955308640236
NGC0300,1071235858.5012752,2643768391.196567,3739337909.3486557,226329087.0097836,15,11.5,field,SPARC,7.0,9.02988510180136,0.09175707926736934
NGC0801,10187045108.646402,11791258941.644909,7040796213.121642,1015709021.2195696,13,11.0,field,SPARC,5.0,10.008048229236081,0.04330174436555774
NGC1003,1804670970.542325,6275324232.235691,14041648699.018503,215709351.31845826,23,11.0,field,SPARC,6.0,9.256398032444721,0.0519105047411407
NGC1090,6271411928.354582,20732430911.72997,56554480044.52865,624528100.0152949,22,11.0,field,SPARC,4.0,9.797365327698628,0.043248491843419154
NGC1560,472656619.1110873,3957043553.4738283,14593086034.400326,106371637.77166879,37,11.0,field,deBlok2002,,8.67454574415773,0.09773821723289945
NGC2366,420123931.2886765,23763987625.87693,97522817633.52603,97220169.8945553,18,11.0,field,deBlok2002,,8.623377420720567,0.10049935309657523
NGC2403,2526166899.955266,7846789203.237292,14358782658.723034,434053744.18659306,48,12.0,field,SPARC,6.0,9.402462040334555,0.07462180980719095
NGC2683,5808898410.979561,7080750198.317871,3040223761.8079457,699726929.3086778,9,11.0,field,SPARC,3.0,9.764093781376076,0.05231414336037952
NGC2841,8463551103.847614,14838046546.87332,14093253878.505747,1560504584.9644897,29,11.0,field,SPARC,3.0,9.927552620866457,0.08007496167025027
NGC2903,9395356601.168873,15460890646.599539,23103428888.77537,658479612.5363622,26,11.0,field,SPARC,4.0,9.972913268415342,0.030437808197163633
NGC2915,1629001528.7327533,2069123651.7995553,1592876766.9956362,273142469.8524882,20,12.5,dense,SPARC,11.0,9.211921491871362,0.07282023088255918
NGC2955,4210498187.407736,5693858655.989681,4920970728.780199,702454208.5185854,16,11.0,field,SPARC,3.0,9.624333484729192,0.07245508084095877
NGC2976,373814205.9036269,1020035002.1544805,1402218858.0221784,78888705.03044766,16,12.0,field,SPARC,5.0,8.572655801666475,0.09165229340708773
NGC2998,8140003768.904818,9217737891.409378,3521838565.8973374,786486159.283918,13,12.6034,dense,SPARC,5.0,9.910624605972025,0.04196147922868137
NGC3109,1713794980.0538468,3965733713.542108,8416144921.426722,269640732.4177617,19,10.5,field,SPARC,9.0,9.23395886638711,0.06832992484416416
NGC3198,5360126215.11065,9381168502.814804,16502505192.360037,324722169.9617412,34,11.0,field,SPARC,5.0,9.729175016163055,0.02631002347826671
NGC3274,2913628586.8253255,3190155881.305263,1996982647.4508862,301824213.79631823,22,11.0,field,deBlok2002,,9.464434189516053,0.044988778305251685
NGC3521,4992061771.289556,6025633655.644106,5498380588.252502,1290860623.321005,29,11.0,field,SPARC,4.0,9.698279950625533,0.11230102336447775
NGC3726,4406895042.05291,6217507893.154146,6193185405.275534,520475431.1468241,10,13.2,dense,SPARC,5.0,9.644132707147072,0.051292260323037596
NGC3741,1105907203.7643054,1806413589.104592,2519798692.966192,155282020.4014747,19,11.0,field,SPARC,10.0,9.043718687019428,0.0609799125727743
NGC3769,2914155433.0634966,3239896796.930869,2569401170.073022,576154782.391294,10,13.2,dense,SPARC,3.0,9.46451271212907,0.08586393157885333
NGC3877,3836846686.871664,15169551061.204632,26006459294.408966,516409979.47549266,8,13.2,dense,SPARC,5.0,9.583974445959878,0.058452688571937084
NGC3893,5962270873.126211,5916878894.63137,3246421390.1365285,930292068.1184763,9,13.2,dense,SPARC,5.0,9.7754117026647,0.06776289107616092
NGC3917,5077893005.384657,7877743206.1027975,8389891949.526254,607618288.4884351,15,13.2,dense,SPARC,6.0,9.705683545757754,0.051967473421397126
NGC3949,9865211852.40314,15283138342.528225,11657316877.913008,3962405125.3027296,7,13.2,dense,SPARC,,9.994106416029341,0.1744362621634875
NGC3953,9844346625.463297,10801012983.261436,4654992523.450508,1487443129.299097,8,13.2,dense,SPARC,,9.993186897074214,0.06562023542817919
NGC3972,4428523440.884674,6273018675.810329,6347053042.942622,411429823.98539895,9,13.2,dense,SPARC,4.0,9.646258947810232,0.04034791835980214
NGC3992,28564124705.382824,31378163130.752373,17658443416.215286,4635839190.613725,9,13.2,dense,SPARC,,10.455820920451654,0.07048419653114642
NGC4051,4536937665.700714,4939847792.096253,1281949153.6407998,842615814.4755785,7,13.2,dense,SPARC,,9.656762812409463,0.08065867894939201
NGC4068,704109318.0697422,660243056.1988605,551654607.0319804,227420127.8030643,6,11.0,field,SPARC,,8.847640091739777,0.14027268783967461
NGC4085,4829593140.057585,6302301419.570061,5609508080.013782,852991694.494037,6,13.2,dense,SPARC,,9.683910545975023,0.07670409810621183
NGC4088,6831480395.969664,18385828653.191456,20904481196.244743,657761498.388963,10,13.2,dense,SPARC,4.0,9.83451482639511,0.04181556157685413
NGC4100,4296555991.052942,23634258387.105305,51621404761.688675,460138364.4829325,14,13.2,dense,SPARC,4.0,9.63312047572279,0.046510636198634006
NGC4138,5260506909.136414,12137169436.204021,15946338240.449608,997494496.5784098,5,13.2,dense,SPARC,,9.721027595338828,0.08235068655465036
NGC4157,11071710586.414244,16907122448.658957,21192880188.778156,1550965175.5609608,17,13.2,dense,SPARC,3.0,10.044214724839739,0.06083753834721414
NGC4183,3442390244.550347,4805555549.875299,3370604477.6634793,368837283.0534785,17,13.2,dense,SPARC,6.0,9.53686010232155,0.04653278256406315
NGC4293,2315410903.430194,3508939951.109106,3884452786.9761434,237918363.83585536,13,14.2,dense,VirgoRC,,9.364628074082628,0.04462561371041643
NGC4395,1152876840.7489696,2248021029.980032,3429266781.2185693,191686840.53733122,40,11.0,field,deBlok2002,,9.061782915065745,0.07220939319480897
NGC4455,500081667.82868433,1163951648.4088051,1700494793.5955958,82670619.77662152,14,11.0,field,deBlok2002,,8.699040934318171,0.07179506127548788
NGC4559,3492518951.8221846,6314722480.294492,9005950817.259958,303886222.3673274,30,11.0,field,SPARC,6.0,9.543138771450346,0.037788230019968165
NGC5005,7946494167.878312,8125261476.529588,4694179276.64826,3489693087.4898276,11,11.0,field,SPARC,4.0,9.900175568988844,0.19071988469569368
NGC5023,1848386261.4345586,3418822840.039741,3876896995.975181,213125568.51311418,30,11.0,field,deBlok2002,,9.266792731862825,0.05007571214357673
NGC5033,11202104129.4631,11952486235.418386,8847867250.98473,1324440887.3474545,15,11.0,field,SPARC,5.0,10.049299605347633,0.05134726140147156
NGC5055,8328526951.894115,12227410187.403332,17702695372.608063,306233968.9771642,26,12.0,field,SPARC,4.0,9.92056819549622,0.015968696945606625
NGC5371,12360108898.893408,13999963131.601292,7225883388.436927,737308940.2237376,16,11.0,field,SPARC,4.0,10.092022297126595,0.025906665290446742
NGC5585,1935232734.4347854,2628306820.7841005,2947986644.4587336,204335461.12777245,17,12.0,field,SPARC,7.0,9.286733201501074,0.045855860975226
NGC5985,8823803353.642908,39394105151.15802,108427195253.14218,1396894554.5390742,23,11.0,field,SPARC,3.0,9.945655820898658,0.06875307308231884
NGC6015,2862073389.1744227,15222667841.311445,45111692876.138084,681150625.1014483,27,11.0,field,SPARC,6.0,9.456680765728734,0.10335862069275592
NGC6195,9410875761.889965,17214572809.228638,31816643751.198368,1061798671.0081962,17,12.839,dense,SPARC,3.0,9.973630040096635,0.04900004158788911
NGC6503,4690346905.7192745,14158523721.009521,40205900070.69629,448456917.00247085,24,11.0,field,SPARC,6.0,9.67120496503235,0.04152408517758677
NGC6674,17693385935.6516,35274504754.50175,48706864674.79576,576406185.0895207,13,11.0,field,SPARC,3.0,10.24781095062925,0.014148226146747659
NGC6946,2467481267.6006985,4495561920.152258,7285549412.29266,382163891.6442962,31,11.5,field,SPARC,6.0,9.39225386431694,0.06726359851362752
NGC7331,9496623280.326174,12244872897.182364,10046721614.442183,826614378.0199716,21,11.0,field,SPARC,3.0,9.977569210403496,0.03780228534279946
NGC7793,1085110500.6769986,1428544354.3226848,1514166432.773876,224994583.46443984,28,11.5,field,SPARC,7.0,9.035473966194406,0.09004972857212541
UA 14,859056066.567286,1363934388.534476,1186390122.1753244,171415628.3795085,5,11.0,field,Catinella2005,,8.934021509123662,0.08665890902170592
UA 167,3608331108.549989,3621484264.508757,532789815.54977447,419261997.7791262,7,11.0,field,Catinella2005,,9.55730638253352,0.05046188019601621
UA 90,2302250563.941723,2904863496.611562,1875072769.9282894,452536949.41506827,5,11.0,field,Catinella2005,,9.362152588023331,0.08536616433782315
UGC 10075,383012217.78717685,820421661.4716176,1343298087.8075507,39119640.831909075,52,11.0,field,GHASP,,8.583212627840478,0.04435744699083082
UGC 10521,545983172.8393551,1104030292.5121696,1426829052.2481215,75091696.18811171,25,11.0,field,GHASP,,8.737179257987469,0.05973061243198383
UGC 11012,578341935.1139938,1787562247.4938402,2904180714.9432383,63516480.19327661,45,11.0,field,GHASP,,8.762184683792984,0.047696449423851865
UGC 11269,7823588541.184381,9405604709.495289,7510640774.439272,2619666667.8370824,5,11.0,field,GHASP,,9.893406001928826,0.14542006807726254
UGC 11300,653279959.1115513,1879582643.7265656,2527673880.513328,158529444.830792,16,11.0,field,GHASP,,8.81509933539666,0.1053889104494061
UGC 11407,518251373.3317752,2655745806.243879,8914654426.380316,51026714.14291114,20,11.0,field,GHASP,,8.714540461619004,0.04276036981716611
UGC 11466,834460444.4662036,3124396969.169288,5522552827.935304,299801971.9442509,21,11.0,field,GHASP,,8.921405754847251,0.15603177231772905
UGC 11470,13263575708.502943,38325058167.95273,43881427970.39083,2500738203.028362,9,11.0,field,GHASP,,10.12266062068485,0.08188265563739557
UGC 11498,11254065290.693653,17478177581.093452,13233227349.185757,1123396515.322783,8,11.0,field,GHASP,,10.051309430393744,0.04335188174156712
UGC 11597,142223083.67097494,4153265888.567561,30642883842.522938,16091826.025822187,79,11.0,field,GHASP,,8.152970090748981,0.049138234570482386
UGC 11872,1196470959.318069,3079555826.8790107,5385776751.06722,172496529.02819487,24,11.0,field,GHASP,,9.077902161903928,0.06261271125803729
UGC 1317,2918495841.074566,9680389737.086878,18607104462.01996,297633763.14430505,24,11.0,field,GHASP,,9.465159078766735,0.044290178228960024
UGC 1437,4853706975.881072,6190491957.035175,5268462247.843223,647011439.924117,21,11.0,field,GHASP,,9.686073553907901,0.0578925550066429
UGC 3334,2873946435.915614,13434712902.222527,23006564515.360985,352494472.57618964,26,11.0,field,GHASP,,9.458478669573065,0.05326696504434478
UGC 3463,767260969.3015878,1888793805.1295087,3674274972.364699,64083427.14980974,22,11.0,field,GHASP,,8.88494310612712,0.03627328888884457
UGC 3521,7551651562.744249,7857211468.936248,4571711952.912579,680521748.4749141,6,11.0,field,GHASP,,9.878041943171832,0.039136715686920134
UGC 3528,6130567334.995396,16383245604.872766,28089820613.88299,1550126570.1277614,6,11.0,field,GHASP,,9.787500666860472,0.10981225372326922
UGC 3876,884726830.6269094,2237017502.07416,2827642653.991424,82810871.32017967,14,11.0,field,GHASP,,8.946809198082496,0.040650179480224764
UGC 3915,3177530607.231714,7474452811.748275,10468427946.624332,360714666.0789811,17,11.0,field,GHASP,,9.502089742542433,0.04930129977761432
UGC 4026,5206345190.718388,22404763505.76519,35016145817.95342,568246097.6398652,8,11.0,field,GHASP,,9.71653295928883,0.04740103384001658
UGC 4165,55698666.711051285,412530142.9265423,1399190364.1356654,10792147.27771531,37,11.0,field,GHASP,,7.745844799357507,0.0841486930901527
UGC 4555,1400492528.5326705,2224393447.9804826,1967324192.180474,280968021.4161559,9,11.0,field,GHASP,,9.146280796254418,0.0871285342879747
UGC 4820,1108397931.4034457,36868764777.72309,158538600560.08063,113326295.00378424,24,11.0,field,GHASP,,9.044695706589708,0.04440371384703447
UGC 5175,2281501709.271658,3211423758.188704,3194312498.6028256,171249068.30151176,16,11.0,field,GHASP,,9.358220798476626,0.03259805815274281
UGC 5228,184616806.77099887,439713814.0796978,464640378.76440996,19467846.522043556,19,11.0,field,GHASP,,8.266271234911201,0.045796363109835106
UGC 5251,213393393.09169596,922898395.5078909,1334057253.7472882,31098339.29996906,15,11.0,field,GHASP,,8.32918096903298,0.06329079339643888
UGC 5319,778400624.2745596,1012694333.4905701,1105722925.2751663,120114187.30070114,9,11.0,field,GHASP,,8.89120317556308,0.06701552788656087
UGC 5510,428606154.25222826,825325035.277032,1335407956.3167286,29784966.854127202,36,11.0,field,GHASP,,8.632058402680132,0.03018026367583697
UGC 5532,7491878962.321526,26495738028.802967,68166842977.02977,776548328.4311998,24,11.0,field,GHASP,,9.874590752363039,0.045015496868673316
UGC 5786,535355703.0186759,3178215448.1072574,4784790133.419821,329002609.4995788,19,11.0,field,GHASP,,8.728642433473187,0.26689548095176063
UGC 5842,221004647.45710403,341504418.4351351,360323220.1758042,59306095.822169155,6,11.0,field,GHASP,,8.344401406462275,0.11654193907299049
UGC 6118,68200453.65947326,3466241197.2531114,12295685671.12201,39789016.30768935,15,11.0,field,GHASP,,7.833787263529655,0.2533729512866329
UGC 6521,9286754572.752369,12670374318.230148,11061997322.456596,956103985.782387,21,11.0,field,GHASP,,9.967863968310198,0.044712141566580835
UGC 6787,7681742066.321206,8824598057.518616,5481041155.594089,853885231.8757278,12,12.8,dense,GHASP,,9.88545972055188,0.04827520127344001
UGC 7021,6845717610.317231,9663326903.486263,12718076293.745125,1133099169.438552,15,11.0,field,GHASP,,9.835418980280908,0.07188416828568495
UGC 7045,611174153.1493841,2290879218.6151276,4218412016.175861,74121727.13650446,35,11.0,field,GHASP,,8.786164979432241,0.05267018724310207
UGC 7154,300602019.56171167,998893579.9781578,1825803343.6525624,19601060.555496063,44,11.0,field,GHASP,,8.477991894020553,0.028318613597856545
UGC 7766,252014347.33553064,1233126629.6354446,4829318066.651954,28080276.239864275,52,11.0,field,GHASP,,8.401425266143772,0.048390534706563904
UGC 7831,46273906.914739,94528834.23586442,122140565.98792279,5800921.474425291,48,11.0,field,GHASP,,7.665336168613402,0.05444338622495992
UGC 7853,47810229.077405885,118518144.25272334,146991968.8198243,6586674.588928175,42,11.0,field,GHASP,,7.679520824574579,0.059831472955977
UGC 7876,513239168.71031696,890601718.6242068,822850647.2097079,65120009.23652042,15,11.0,field,GHASP,,8.710319792881448,0.055103472994813746
UGC 7901,2198034695.3983893,3900951377.2639613,4156325780.19517,230697503.0882015,33,14.9,dense,GHASP,,9.342034543365518,0.04558192497589532
UGC 7985,277641533.8959626,547485509.2619551,994615686.154411,25269595.873896204,28,11.0,field,GHASP,,8.443484435098972,0.039527393088350495
UGC 8334,654230167.4773353,1923692865.3152702,3655909871.1202264,53615055.387466155,75,11.0,field,GHASP,,8.815730566182832,0.035591025695892294
UGC 8403,126023515.01132904,1652776858.4592083,5504560775.848574,15041006.909026036,38,11.0,field,GHASP,,8.100451588663768,0.05183339238134622
UGC 8709,373976270.8286263,2547341369.079696,5480847874.257674,30552182.497393575,24,11.0,field,GHASP,,8.572844046652014,0.035479909565704675
UGC 8852,1211272588.1268954,3824968682.090231,4335586333.53646,1300635097.2810922,13,11.0,field,GHASP,,9.083241888971019,0.4663348706605929
UGC 89,9174533167.69898,126696557647.28978,504833693905.3386,944750302.9176757,19,11.0,field,GHASP,,9.962583975065778,0.04472160444938229
UGC 8900,13897617028.571505,25024764578.078987,27953584703.179634,1766449303.7358947,5,11.0,field,GHASP,,10.142940339817907,0.05520077172922316
UGC 8937,2792223867.069722,11271647943.065512,19366864247.018963,249492750.13931966,30,11.0,field,GHASP,,9.445950234988183,0.03880538589267337
UGC 9179,287376736.09835446,1066898253.385985,1929688836.777806,25603450.672148854,39,11.0,field,GHASP,,8.458451607942086,0.03869289315329523
UGC 9248,4670827712.235407,12039244467.066355,23877374390.346176,380121605.1876612,10,11.0,field,GHASP,,9.669393848232888,0.035343781821102545
UGC 9358,2218506970.0888457,28079550241.146362,103911084527.82901,345238163.56937563,19,11.0,field,GHASP,,9.34606079751792,0.06758375403012035
UGC 94,3723805391.7802024,109962243850.52321,348431115649.9882,566680973.2013628,15,11.0,field,GHASP,,9.570986976421976,0.06609003257908243
UGC 9465,1129945343.4818745,1742046132.9918213,2645608934.744696,88214783.39111629,12,11.0,field,GHASP,,9.053057436759257,0.03390535114822302
UGC 9576,412984505.6761758,894033389.380576,1204103852.1233933,47915135.180696405,17,11.0,field,GHASP,,8.615933758132025,0.05038755334066099
UGC 9736,6324563503.659119,6960889863.042039,3805285428.6927366,509137021.1573198,12,11.0,field,GHASP,,9.80103055759589,0.03496136906418211
UGC 9943,825472062.3013638,2710855982.1158633,4087201781.095556,104689618.60456689,31,11.0,field,GHASP,,8.916702379362988,0.05507893694883232
UGC00128,4206977308.0838537,4323358975.081492,3023375991.785811,270128185.9685688,18,11.0,field,SPARC,8.0,9.623970169492504,0.02788586007993426
UGC00191,1099631207.5428703,1403880752.7212377,808070337.9748744,152206381.28835088,5,11.0,field,SPARC,,9.04124705662736,0.060113237102190985
UGC00731,1689101074.4074798,1668646805.39971,462463768.20364696,103427400.13856785,12,11.0,field,SPARC,10.0,9.22765563817021,0.026592813087598335
UGC00891,1337688344.0811336,1859114281.15924,1605077019.5323923,44706817.59414328,5,11.0,field,SPARC,,9.126354942870048,0.01451453492175605
UGC02259,3467450821.1132183,3573262092.574024,1456170197.4916499,271574614.39391387,8,11.0,field,SPARC,,9.540010310186386,0.034014428045561935
UGC02487,37067675176.55448,43972398328.225945,32939567765.029274,5887887104.929743,12,11.0,field,SPARC,0.0,10.568995348650143,0.06898401012636654
UGC02885,25286480075.519005,59860204273.180595,100087819985.20778,1913969432.4277854,18,11.0,field,SPARC,5.0,10.402888378961974,0.03287236343502131
UGC02916,4891078231.902402,6722037704.306763,5781623268.768357,891522020.8423816,24,11.0,field,SPARC,2.0,9.689404609337702,0.07916109205157529
UGC02953,5539621178.475964,22531759916.871033,67019517080.8161,1065902415.7282141,57,11.0,field,SPARC,2.0,9.743480066944556,0.08356447534657317
UGC03205,4233739553.7520223,8851518394.73829,12912590898.786564,776571048.6535639,31,11.0,field,SPARC,2.0,9.626724138084112,0.07966019566252668
UGC03546,12442986998.613888,634417990093.4502,3256707315848.0635,1736416208.6323361,28,11.0,field,SPARC,1.0,10.094924647340251,0.06060570325922509
UGC03580,2288595335.7885337,3498619515.7219696,4271535381.5463424,489901190.8080319,28,11.0,field,SPARC,1.0,9.35956900850223,0.09296592565695043
UGC04325,2378939062.751466,2410212941.5863028,1079303032.0071757,189984133.37829584,8,11.0,field,SPARC,,9.376383317594337,0.03468313336279233
UGC04483,202281142.69375294,159981719.82544935,87843459.26095375,28076430.19594581,8,12.0,field,SPARC,,8.305955398313234,0.060279660986993576
UGC04499,1484102351.5002291,1421608523.1362593,510877023.94537807,95791979.11928998,9,11.0,field,SPARC,,9.171463853206452,0.028031710818357754
UGC05005,1181216484.25226,1634802196.2223575,1206432738.5725644,382649623.7276962,9,11.0,field,SPARC,10.0,9.07232949905315,0.14068769129351583
UGC05253,4161430139.2975984,11541261229.160187,17491195175.486324,1870809057.8706868,35,11.0,field,SPARC,2.0,9.619242608239128,0.19524106456945067
UGC05414,1463945113.9617963,1313687416.5550413,725668785.6675447,119269483.56279829,6,11.0,field,SPARC,,9.165524794515843,0.03538252771690021
UGC05716,1868852300.7766366,2849318943.4432464,3298632388.306965,150595688.35185695,10,11.0,field,SPARC,9.0,9.271574979553057,0.034996278958189415
UGC05721,2208489155.6696076,4801063196.687297,6314655152.980566,280973350.9292616,21,11.0,field,SPARC,7.0,9.344095271086186,0.055252784718087755
UGC05750,1595841630.6950612,2388113051.488008,3093407791.8025928,442728853.77367204,10,0.0,field,SPARC,8.0,9.202989790318037,0.12048482410470336
UGC05764,493078646.50503504,662233698.7338728,434259392.4411237,88348949.86152132,9,12.0,field,SPARC,10.0,8.692916195177993,0.07781610840130745
UGC05829,1144466098.6435049,2639928041.239461,4868407283.078816,209218356.3397022,9,11.0,field,SPARC,10.0,9.058602932536889,0.0793928083836619
UGC05918,739573274.1854215,652903292.3189049,255835587.08535612,90846648.83807713,8,11.0,field,SPARC,,8.86898120875605,0.053347247212569816
UGC06399,2351600768.0456963,2308060266.887188,1103925685.9128819,239868406.9525617,9,13.2,dense,SPARC,,9.371363593360025,0.04429898430803576
UGC06446,1707999569.1256623,2978730243.5845838,4131321725.6047187,213091893.0484855,15,13.2,dense,SPARC,7.0,9.232487756794221,0.05418305423616086
UGC06614,3858717596.3976164,14398629459.891718,26207634878.29503,774217822.1021094,11,12.0656,field,SPARC,1.0,9.586442995515148,0.08713737648072557
UGC06786,9868026085.926556,22215673402.431355,32255139754.64665,1351674700.72877,32,13.2,dense,SPARC,0.0,9.99423028886786,0.059487567092260635
UGC06787,4998128432.053084,7517087917.79747,7374476229.767213,991493900.2930773,30,13.2,dense,SPARC,2.0,9.69880741157741,0.08615231392946388
UGC06818,1664410206.6760137,2046601011.3070595,1045383618.5950178,191521849.1497087,5,13.2,dense,SPARC,,9.221260370356598,0.049973787661238674
UGC06917,3341383479.993929,5163291099.71858,4849052257.997681,354789048.3357712,11,13.2,dense,SPARC,9.0,9.523926321099998,0.04611351162010637
UGC06923,1408295000.579422,1327885777.5343988,494299306.17492104,190532271.28422573,6,13.2,dense,SPARC,,9.148693637550616,0.05875694652696173
UGC06930,3776723216.358388,4343145012.255958,3051788848.0547705,337829120.10461456,8,13.2,dense,SPARC,7.0,9.577115157977415,0.038847782663070964
UGC06983,3353960219.6389303,4284216445.66688,3332071022.5584455,421734088.9786428,14,13.2,dense,SPARC,6.0,9.525557907258214,0.054609111521792965
UGC07089,1571806016.7426388,1609817390.2534003,618395086.4613636,298155033.7208972,9,13.2,dense,SPARC,8.0,9.196398946883663,0.08238108552670421
UGC07261,2055803518.9360774,2024440612.357312,336398034.00091034,230012931.70304662,7,11.0,field,SPARC,,9.312981605109513,0.04859090184684557
UGC07323,2338196118.965921,2634012640.6544023,1841230708.3591998,183995987.0007666,10,11.0,field,SPARC,8.0,9.36888093531709,0.03417525210935484
UGC07399,4586075126.737566,4817482313.80763,2581514228.993984,339972208.5717978,10,11.0,field,SPARC,8.0,9.661441164842312,0.0321948616415769
UGC07524,1296883477.3326716,1763517793.8741367,1205675488.4671757,134473754.76104257,24,11.0,field,SPARC,9.0,9.112900957252345,0.04503196368392861
UGC07559,229926018.95285168,225555239.60005742,79964624.6336084,38128862.96093087,7,11.0,field,SPARC,,8.361588119804571,0.07201949070658749
UGC07603,1435805897.2516785,1465061631.6140068,662906675.0376074,109421336.45942257,12,11.0,field,SPARC,7.0,9.157095732768221,0.03309714963406121
UGC07690,951083017.0225645,1040122559.70405,347702200.66374046,126784129.87550531,7,11.0,field,SPARC,,8.978218426780995,0.05789362969618752
UGC07866,434015099.77146,686124322.7864388,695807189.2773561,130413177.9080776,7,11.0,field,SPARC,,8.637504839266766,0.13049712685749637
UGC08490,1794211074.8797112,3338573241.579807,4862307760.8623085,117554644.46557489,27,11.0,field,SPARC,9.0,9.25387353305772,0.028454474575640758
UGC08699,5583829816.095959,13878782778.638126,25847322503.933895,1084130323.307264,30,11.0,field,SPARC,2.0,9.746932173394343,0.08432058866104987
UGC08837,559864419.9101896,783696584.2838211,649691844.5157286,87564792.17382656,7,10.0,field,SPARC,,8.748082868410032,0.0679252059921906
UGC09037,6280505077.516745,14759727338.69295,20035838033.38996,1185280129.3022795,17,11.9232,field,SPARC,6.0,9.79799457105536,0.08196165966146858
UGC09133,12482164983.3567,20907855827.27176,41759743953.58365,1865078060.6471782,40,12.4333,field,SPARC,2.0,10.09628991858198,0.06489203684920888
UGC09992,314042160.04258513,329649002.12526244,99017404.38538565,102120410.79894248,5,11.0,field,SPARC,,8.496987955859042,0.14122413020487412
UGC10310,1675035952.7018194,1649052844.723149,764503464.0413852,227074883.2227913,7,11.0,field,SPARC,,9.224024133099693,0.05887477734636951
UGC11557,1881324682.3306758,22878558805.99556,57378778036.970604,655184107.8525827,9,11.0,field,SPARC,8.0,9.274463753326136,0.15124600519171216
UGC11914,1942125143.3914773,5999778337.847284,10724115619.98955,822003520.3804134,31,11.0,field,SPARC,2.0,9.288277210810554,0.18381492779752417
UGC1230,3359722789.0912395,3369029883.178609,1969065752.1079104,531312469.9516203,11,11.0,field,deBlok2002,,9.526303445206926,0.06868009307660461
UGC12632,1628405991.819945,1528289320.9737558,682151989.2631129,142593249.413989,15,10.0,field,SPARC,9.0,9.211762691723544,0.03802949736627898
UGC12732,2821189517.5557337,4790977606.698119,5788431021.438226,215643615.8381886,14,11.0,field,SPARC,9.0,9.450432261505982,0.033196221605604995
UGC3371,1625713753.9814687,2064865456.985537,1923754252.6026168,561776538.3888685,14,11.0,field,deBlok2002,,9.211044079997286,0.15007343702880238
UGC4173,847504846.755926,1035326194.8007883,859043404.4405783,191279704.23813578,12,11.0,field,deBlok2002,,8.928142190548671,0.09801916811294926
UGC4325,7296433474.069485,6676293659.128786,3358850800.8031325,2563600345.2304034,16,11.0,field,deBlok2002,,9.863110627102744,0.15258927360820243
UGC5005,1333481202.9762988,28786080462.782673,86016710815.40057,382172438.45367384,10,11.0,field,deBlok2002,,9.124986898165224,0.12446773211762378
UGCA442,966050511.684206,924797696.4013839,421902566.6206065,94320208.93391563,8,12.5,dense,SPARC,,8.984999834875333,0.04240228205101529
UGCA444,128382119.39545694,249247461.79987925,338305869.60441047,22605694.49987342,22,12.5,dense,SPARC,10.0,8.10850454095532,0.07647115055520051
WALLABY J094524-480828,496908831.4492372,480500903.89352024,78386173.00289154,60999500.246983536,8,11.0,field,WALLABY,,8.696276715432568,0.05331309222027243
WALLABY J094944-471059,9641910648.318047,10462292375.49792,3381790979.698437,1268411555.6879485,6,11.0,field,WALLABY,,9.98416310255435,0.05713225931145597
WALLABY J100123-434533,3507759928.1618185,4125467372.8680453,1980257846.0161424,398431272.15744156,6,13.5,dense,WALLABY,,9.54502986250405,0.04932963100651714
WALLABY J100239-452950,5883150446.164567,6785299454.596187,2227444468.2968793,983245761.5328958,6,13.5,dense,WALLABY,,9.7696099544734,0.07258325492370936
WALLABY J100342-270137,3528410064.219262,8460986411.333491,10961611849.197636,404361139.0756429,12,11.0,field,WALLABY,,9.547579052162366,0.04977080560377639
WALLABY J100426-282638,2811871311.764812,3692794494.1029954,2944944136.5618715,306091795.0490517,10,11.0,field,WALLABY,,9.448995440860834,0.04727598200866135
WALLABY J100539-282633,632580282.8844228,11153402288.754824,27743391435.408287,90833851.5588747,7,11.0,field,WALLABY,,8.80111565111441,0.06236147658944016
WALLABY J100542-480241,6831174914.6082735,12243512952.069487,14313164636.922493,1687931795.5001235,6,13.5,dense,WALLABY,,9.834495405738352,0.10731089070009389
WALLABY J100656-450242,14009776714.099215,15137364523.694967,3020078646.680633,590205421.0662639,6,13.5,dense,WALLABY,,10.146431213615013,0.018296005909966027
WALLABY J100916-431959,5676117374.645096,6047067153.010056,879656468.4733909,477875252.8091707,8,11.0,field,WALLABY,,9.754051367517224,0.03656347669274912
WALLABY J101219-471739,9683566177.37073,9866170041.914324,1661634128.247611,589267908.6315266,10,13.5,dense,WALLABY,,9.986035324863638,0.02642784655919267
WALLABY J101247-275028,11584832740.246529,12264823596.616846,1621438146.813488,587912681.25743,10,11.0,field,WALLABY,,10.063889767904815,0.022039785902477668
WALLABY J101330-434301,23413997333.6211,23164878457.982197,3069924426.036793,1051350316.7463714,6,11.0,field,WALLABY,,10.369475564561013,0.019500969211034332
WALLABY J101359-253824,5272178094.9433775,5526081745.283952,1282621785.1258805,258663148.8433494,6,11.0,field,WALLABY,,9.721990072364553,0.02130731856765787
WALLABY J101441-285221,8765109434.73844,9174165272.988483,1888893090.4573865,471043511.6437507,6,11.0,field,WALLABY,,9.942757342746567,0.023339309037311035
WALLABY J101457-433710,19898621158.97309,19049316450.362564,7876023022.137871,3176304238.130092,13,11.0,field,WALLABY,,10.298822983756635,0.06932396935672906
WALLABY J101655-485238,9639237785.714228,10439258702.239067,6356832206.132135,1949701328.7982233,9,11.0,field,WALLABY,,9.984042693804723,0.08784351494175383
WALLABY J103523-281855,16781275763.10018,15916592351.591085,2625331956.209507,1098709956.385655,7,14.5,dense,WALLABY,,10.224824974121619,0.028434290575194084
WALLABY J103702-273359,38460510513.94985,42914292857.82991,9579738408.960545,4810235982.093469,5,14.5,dense,WALLABY,,10.585015044642967,0.05431698424590461
WALLABY J103915-301757,34817194249.51597,51464070829.16412,52263211354.436844,6983839999.530515,8,11.0,field,WALLABY,,10.541793770484675,0.0871133714151443
WALLABY J104016-274630,11071244424.89262,11931629542.432007,10898432594.647623,46241638155.46078,6,14.5,dense,WALLABY,,10.044196438989774,1.8139323380784504
WALLABY J104059-270456,16789667305.015339,17979929797.360054,3073657458.8639536,1074475491.158458,5,14.5,dense,WALLABY,,10.22504209047828,0.02779321163862563
WALLABY J104309-300301,2064452597.8858454,2617532839.155854,1883045227.8629403,581869249.1804035,5,11.0,field,WALLABY,,9.314804915443732,0.1224065906705845
WALLABY J104311-261500,18395868599.41752,19709077382.178986,4168681046.9202356,359169821.2834183,6,14.5,dense,WALLABY,,10.264720298773728,0.008479375170928583
WALLABY J104339-285157,6629863244.175341,10412400030.450459,10994548403.916801,1237559493.1790204,6,11.0,field,WALLABY,,9.82150457019775,0.08106732207286826
WALLABY J122710+071549,8363394627.905406,9619001937.196253,4357140117.458775,2279146120.7601976,8,11.0,field,WALLABY,,9.922382589512072,0.11835153400447093
WALLABY J122852+041739,8923965700.228031,9188276071.618402,4797689855.954655,1330376299.1611073,8,11.0,field,WALLABY,,9.950557892379356,0.0647442073388712
WALLABY J123026+041450,9747647904.819681,10982092015.377909,4894135447.160076,1103925963.6528478,6,11.0,field,WALLABY,,9.988899833627626,0.049184065645940085
WALLABY J123138+035620,3359640807.307191,6179917228.662007,7591416088.577463,234857021.82538524,12,11.0,field,WALLABY,,9.526292847704374,0.030359527837962176
WALLABY J123228+002315,2337468148.6619263,84884291102.07425,261472791711.28424,196108924.18407091,10,11.0,field,WALLABY,,9.36874570170301,0.03643644242762401
WALLABY J123236+023943,1304938384.790532,1278983573.401607,488515220.86526173,118881062.17535587,8,11.0,field,WALLABY,,9.115590006097896,0.03956461845809061
WALLABY J123244+000656,4581682166.379021,7692524514.332887,7149923333.931942,894271881.3277804,14,13.3,dense,WALLABY_DR2,,9.661024958669318,0.08476741277076312
WALLABY J123407+023905,12269225480.15236,21124101595.85153,22873177662.87057,1752094185.5063188,20,11.0,field,WALLABY,,10.08881714786859,0.06201897892993302
WALLABY J123427+021108,14770659644.620352,19734100922.589275,12737267850.4141,2760659535.5559964,12,11.0,field,WALLABY,,10.16939989095322,0.08117032221659992
WALLABY J123630+001315,2344262168.4684324,2497829856.4092035,506667306.213815,189924331.0976468,5,11.0,field,WALLABY,,9.370006178998063,0.03518509579871884
WALLABY J123641+030621,2319534937.304287,2301997591.771326,500533758.1264993,778843318.1684569,6,11.0,field,WALLABY,,9.365400918335354,0.1458255057545644
WALLABY J123805-000137,9570204311.200176,10008072470.71131,1465344169.604333,804173261.6923414,6,11.0,field,WALLABY,,9.980921209488407,0.03649326583742758
WALLABY J123835+012413,9225448631.186127,11762839206.929726,9178071027.710543,1534609700.7478216,6,11.0,field,WALLABY,,9.964987494973212,0.07224283084261131
WALLABY J123911+004305,6190535619.31644,7064767642.921629,1868885406.6493487,702677525.7746534,5,11.0,field,WALLABY,,9.79172822679879,0.04929605300212436
WALLABY J123917-003149,2877552060.9781213,5004620559.519696,8986903363.221087,255333412.75115532,28,11.0,field,WALLABY,,9.459023189674893,0.0385361897381829
WALLABY J124111+012435,2906564781.0462246,3116715804.999518,686308935.0817953,438134439.1306857,6,13.3,dense,WALLABY,,9.463380006885519,0.06546538046805254
WALLABY J124111-013526,4075623529.837592,4065907846.21474,173456840.85802886,232458064.03677672,5,11.0,field,WALLABY,,9.610194060892486,0.02477050535850346
WALLABY J124231+035729,2825570449.2564793,2633389663.105826,540924993.9504732,263347346.4196994,5,13.3,dense,WALLABY,,9.451106139926935,0.040476888270131406
WALLABY J124232-012111,2037731024.4805043,208934972387.608,547372372114.29785,273879220.9768268,7,11.0,field,WALLABY,,9.309146857642357,0.058370919885523474
WALLABY J124240+012047,6780545619.053917,7768549382.837511,3876356845.9499226,362656901.9287543,5,11.0,field,WALLABY,,9.831264642216654,0.02322820318311826
WALLABY J124257-011345,7900329856.308405,6768476038.646802,3379302528.9945836,877237239.9736496,10,11.0,field,WALLABY,,9.897645224427647,0.04822321340625837
WALLABY J124350-003344,8913992365.685066,7806917770.5242815,3437027464.718511,135558468.28384265,8,11.0,field,WALLABY,,9.950072257802404,0.006604481172494849
WALLABY J124508-002747,13922203327.693453,26817955863.07616,33283953642.965836,2681970021.5329623,19,11.0,field,WALLABY,,10.143707972152141,0.08366238831355166
WALLABY J124645+055723,8563311297.036733,7806075356.404881,3552343192.453393,1663070418.274072,6,11.0,field,WALLABY,,9.932641731961516,0.08434381054474752
WALLABY J124950+025100,9995097603.535564,8924650907.581717,4189380196.5569606,2496699673.556691,6,11.0,field,WALLABY,,9.999787039421614,0.10848347201849944
WALLABY J125451+023900,2469071048.8081627,2475782860.4138236,187422689.2363735,190412003.5626022,5,11.0,field,WALLABY,,9.392533587162138,0.03349230572984031
WALLABY J125548+041805,5603183480.019568,32989348544.253387,78108570679.70218,939636832.4712698,14,12.7,dense,WALLABY,,9.748434843965939,0.0728298640925279
WALLABY J125549+040049,1944344502.8353505,2055731831.9475641,636611679.2222229,362411050.50103396,8,12.7,dense,WALLABY,,9.288773216570197,0.08094919351166444
WALLABY J125604+034843,1245260060.0038602,1131252720.491547,322827501.5452208,203329263.77741176,6,12.7,dense,WALLABY,,9.095260058926016,0.0709127194424809
WALLABY J125939-145813,10875044236.291344,14502672571.963318,12199505196.951004,1698163555.838187,6,11.0,field,WALLABY,,10.036431032204897,0.06781609763099555
WALLABY J125956-192430,494885151.2680034,582837669.5908448,391083740.2101202,170736653.42012265,7,11.0,field,WALLABY,,8.694504423261321,0.14983271623526961
WALLABY J130017-122041,3405413133.6606374,3336931037.660541,1003623417.8314247,332568690.67639303,6,11.0,field,WALLABY,,9.532169806640944,0.04241269459699576
WALLABY J130053-132655,12584894528.213097,12944169284.72931,4165548968.1376905,498127533.7473317,10,11.0,field,WALLABY,,10.09984958015399,0.017189976340728125
WALLABY J130203-145302,3180941620.6219606,3236750123.746058,1299089834.762046,450684370.46526074,6,11.0,field,WALLABY,,9.502555698634431,0.06153201112028995
WALLABY J130213-145817,6952089464.4699745,79779911614.06229,154160406143.8376,2647131760.2349825,5,11.0,field,WALLABY,,9.842115352289234,0.1653653512683244
WALLABY J130221-154600,36140205458.99544,40147662057.038574,29525292909.85226,23829014877.011486,6,11.0,field,WALLABY,,10.557990617219222,0.286351711033251
WALLABY J130225-174046,25210009497.66985,26789646019.06514,6349776287.417324,2033168062.5549386,8,11.0,field,WALLABY,,10.401573009293456,0.035025519146716304
WALLABY J130235-113803,5032123872.405,5097142105.8453455,944631286.4519013,438830001.5606532,6,11.0,field,WALLABY,,9.701751323303627,0.037872964379214016
WALLABY J130305+035925,4299791581.4864645,4336951039.474302,649808401.0099682,336348822.6384195,5,11.0,field,WALLABY,,9.633447405067022,0.03397244608214761
WALLABY J130314-172514,862991588.9978201,2461124284.359422,5557928714.74254,126436452.87658252,18,11.0,field,WALLABY,,8.936006562957811,0.0636282606873229
WALLABY J130315+074816,16959328476.351791,21631144349.90622,11806756835.361334,3830240416.8944187,5,11.0,field,WALLABY,,10.229408651883626,0.09808479620756132
WALLABY J130415-102023,24577388533.553246,33287619638.301373,19314298687.582584,1738721024.4113603,14,11.0,field,WALLABY,,10.390535735111884,0.0307240513140821
WALLABY J130515-165316,5806908505.235685,6176685955.439178,1634894045.7227943,910085973.9835851,5,11.0,field,WALLABY,,9.763944983260068,0.06806467093501684
WALLABY J130558+035723,17879743820.060307,27908974947.686176,29150027786.45681,4045455346.727361,6,11.0,field,WALLABY,,10.252361291958152,0.09826309322723693
WALLABY J130618-173039,536070570.9406294,465989842.21863496,207748570.25051463,57064431.205280736,7,11.0,field,WALLABY,,8.72922196609696,0.046230419890268284
WALLABY J130739+062006,14317260143.346348,14583743549.164906,5093344108.829633,1906550412.6570807,5,11.0,field,WALLABY,,10.155859916123157,0.05783259613901307
WALLABY J130806-144640,4201635623.8438272,5271058067.053705,2561476468.637035,442961406.5344769,5,11.0,field,WALLABY,,9.623418386619308,0.04578590619860397
WALLABY J130815-210002,2685155228.6167564,2741273014.5087466,709343509.6426103,197217035.30647644,6,11.0,field,WALLABY,,9.428969397291823,0.031897697853037636
WALLABY J130854-163609,6043884101.517712,6003158375.525318,2650907441.2927995,1048465096.6945919,6,11.0,field,WALLABY,,9.781316127646814,0.07533940067584635
WALLABY J130906+051433,2923335634.686776,3217291636.579255,1012408482.2223535,509655200.9492731,5,11.0,field,WALLABY,,9.465878680538525,0.07571502868820536
WALLABY J130943-163617,14421641533.864204,19314571073.4546,10912590474.204174,1223205446.5513153,10,13.5,dense,WALLABY,,10.1590146964808,0.03683570794793556
WALLABY J130947-101916,3329469111.395625,3337076619.0032077,983576435.0360163,866729283.5921737,6,11.0,field,WALLABY,,9.522374990151327,0.11305578534418545
WALLABY J131035-214450,7538402953.999188,8964072140.130869,4086325510.0204735,792620384.086284,5,11.0,field,WALLABY,,9.877279348292815,0.04566360556118743
WALLABY J131122+032431,4431676738.06695,4313723529.652547,709949547.2635581,543827176.2096372,6,11.0,field,WALLABY,,9.646568073923914,0.05329385595933436
WALLABY J131232+071059,2368886932.2212095,2200078126.362983,661637329.862885,436797804.6160315,6,11.0,field,WALLABY,,9.374544332194153,0.08007932910260274
WALLABY J131237-142630,7771924535.701324,9645330240.072596,3632102603.6772656,545212531.3107032,7,11.0,field,WALLABY,,9.890528575009627,0.03046642986882469
WALLABY J131658-163757,12248440414.96778,10937283362.626854,3662906315.5604124,312007389.50288844,12,12.5,dense,WALLABY,,10.08808079381949,0.011062884986447433
WALLABY J131702-104612,8896214177.673449,9157163773.283026,1451249371.3945093,811783971.9205004,5,11.0,field,WALLABY,,9.949205230067797,0.039629587649471124
WALLABY J131706-161516,8953061710.234486,9594058374.74077,2881421931.499487,1056898603.2170712,6,13.5,dense,WALLABY,,9.9519715779389,0.051267962420467536
WALLABY J131712-171511,7109956738.257267,7719321376.662478,1608816305.0730824,522680379.81730735,5,13.5,dense,WALLABY,,9.851866958199063,0.03192666469154804
WALLABY J131920-145037,11743936803.686672,11425457534.59448,1681994407.7432358,900500944.3888962,10,11.0,field,WALLABY,,10.069813705558712,0.03330080854777722
WALLABY J132043-220256,55293838.32970358,88414837.62371747,74735318.73608571,10659622.048699422,6,13.5,dense,WALLABY_DR2,,7.742676738384221,0.0837238863274481
WALLABY J132050-232904,694554716.3074514,501933695.96735775,465542406.6199126,75738707.33885945,5,13.5,dense,WALLABY_DR2,,8.841706464694743,0.04735825974751803
WALLABY J132148-131222,8463859953.976626,8640386443.187283,1602175075.8947759,1053629730.3449409,5,11.0,field,WALLABY,,9.927568468760304,0.054063462810845404
WALLABY J132402-243938,4210779510.478428,3803959050.0692267,1450482870.221338,792254952.321007,6,11.0,field,WALLABY,,9.62436250100479,0.08171217542911521
WALLABY J132433-210813,17874910409.068874,23334647767.261177,17470519666.35573,2590033122.3546,8,11.0,field,WALLABY,,10.252243873748949,0.06292826465941692
WALLABY J132635-221419,7506936525.767623,12857137101.855997,15601038225.067768,12139888960.4542,6,11.0,field,WALLABY,,9.875462743743645,0.7023220148919994
WALLABY J132947-175747,22835940676.466076,97401013340.9716,232363795010.4305,2469010849.2635746,21,11.0,field,WALLABY,,10.358618906119682,0.04695570910724444
WALLABY J133019-220858,8165733.967234607,8665300.138153212,1221573.521774051,556507.2229053034,8,13.5,dense,WALLABY_DR2,,6.911995226867405,0.02959783125642603
WALLABY J133058-215044,15262018045.876423,16063991245.63464,2723432292.76566,842848357.6938852,5,11.0,field,WALLABY,,10.183611962730417,0.023984009829327416
WALLABY J133103-150604,13916951891.526072,17494603489.28037,8580900601.3042145,3537863346.1457562,5,11.0,field,WALLABY,,10.143544125960785,0.1104030926408838
WALLABY J133103-160750,20746552448.026505,26122180691.76422,19376173369.369522,3172965175.8060446,6,11.0,field,WALLABY,,10.316945938291772,0.06642073523183498
WALLABY J133208-225710,6507063.882490283,5290307.060232521,2827922.80838268,1021988.1955991325,6,13.5,dense,WALLABY_DR2,,6.813385070400189,0.06820953996061022
WALLABY J133214-210542,2669134.6218143045,5790316.0667838985,7112894.221724789,543548.039750779,6,13.5,dense,WALLABY_DR2,,6.426370478634519,0.08844061756339382
WALLABY J133314-160715,41570193145.20715,43029747294.76371,7234387025.396175,4131249373.0160317,7,11.0,field,WALLABY,,10.618782042348476,0.04316022299439308
WALLABY J133329-211151,190166.99198508047,889403.7675964383,1330387.3387023304,32153.61765863766,9,13.5,dense,WALLABY_DR2,,5.279135136982184,0.07343092813640785
WALLABY J133541-240428,11127289816.042206,11477016498.814234,3889984287.8621492,391867195.838424,6,11.0,field,WALLABY,,10.046389399620912,0.015294448478026678
WALLABY J133756-240727,1085852.8488976038,3636732.794600496,5539175.922918854,185711.16774282773,8,13.5,dense,WALLABY_DR2,,6.035770975122253,0.07427648733472622
WALLABY J163512-580438,24882404278.170296,34479614502.620415,21730287301.44056,313223734.4400966,6,11.0,field,WALLABY,,10.395892342027388,0.0054669692666237165
WALLABY J163518-581311,8280134353.007548,9113525258.145666,2152831948.4420223,460886862.21898437,9,11.0,field,WALLABY,,9.918037383680582,0.024173595802911816
WALLABY J163650-601632,7141400664.294416,6541851935.661381,3549143296.3043733,455786306.7369924,9,15.0,dense,WALLABY,,9.85378339960758,0.02771801881003915
WALLABY J163924-565221,1042178723.6033118,1289917026.7355473,518392700.7179044,144023835.15790817,10,11.0,field,WALLABY,,9.01794220266686,0.06001730361119061
WALLABY J164052-602341,21956223558.484077,23316803036.829414,6784446427.714423,705965718.0925761,7,15.0,dense,WALLABY,,10.341557644122773,0.013964014119450004
WALLABY J164740-600851,6786406281.760602,10771481166.936773,7340130990.504139,488401693.67784214,7,11.0,field,WALLABY,,9.831639855993593,0.03125515209523548
WALLABY J165724-595238,5028039069.681466,5030349637.92434,581285133.2717615,277282905.7073119,5,11.0,field,WALLABY,,9.701398643652176,0.023950179027231424
WALLABY J165804-605308,2640377079.6623783,4436410772.038595,5536255768.296469,1238467881.1400616,6,11.0,field,WALLABY,,9.42166595411312,0.20370566421608105
WALLABY J165901-601241,5830544696.612028,25774944528.70229,73818685245.86255,930044327.6576809,20,11.0,field,WALLABY,,9.765709128975612,0.06927536627270067
WALLABY J170303-614604,9278915069.383615,10932313416.347599,6341155568.039342,992271830.7991465,8,11.0,field,WALLABY,,9.96749719961056,0.04644273359996742
WALLABY J170659-620502,4071685278.6661873,5687710968.684077,4554554508.034975,351904109.8312127,16,11.0,field,WALLABY,,9.609774201789191,0.03753482958506949
WALLABY J170915-613637,6085872714.790531,9635584678.85239,8368171628.325125,1440654570.5549052,5,11.0,field,WALLABY,,9.784322864906445,0.10280667369202923
WALLABY J171804-575135,2379796581.7431016,2237679665.797349,1201443400.885384,142713587.25175756,17,11.0,field,WALLABY,,9.37653983638338,0.02604412659113033
WALLABY J172007-600928,13433772638.207767,18208988929.49477,14905733018.193863,2468671809.608529,8,11.0,field,WALLABY,,10.128197993746257,0.07980859684150013
