galaxy,log_gbar,log_gobs,log_res,sigma_log_gobs,gas_dominated,R_kpc,env_dense
WALLABY J101655-485238,-11.938410,-11.400340,-0.491831,4.634791,1,5.092,field
WALLABY J101655-485238,-11.888017,-10.508503,0.373559,0.727841,1,8.484,field
WALLABY J101655-485238,-11.865351,-10.141256,0.728888,0.095561,1,11.876,field
WALLABY J101655-485238,-11.832207,-10.142033,0.710655,0.044773,1,15.266,field
WALLABY J101655-485238,-11.781334,-10.149955,0.675873,0.015487,1,18.658,field
WALLABY J101655-485238,-11.741141,-10.189577,0.614971,0.023610,1,22.051,field
WALLABY J101655-485238,-11.721499,-10.237345,0.556784,0.028926,1,25.443,field
WALLABY J101655-485238,-11.715206,-10.290886,0.499903,0.017909,1,28.835,field
WALLABY J101655-485238,-11.721016,-10.346136,0.447737,0.015181,1,32.227,field
WALLABY J101655-485238,-11.736214,-10.438114,0.363822,0.040349,1,35.620,field
WALLABY J101655-485238,-11.753248,-10.534547,0.276418,0.058369,1,39.012,field
WALLABY J101655-485238,-11.767589,-10.593736,0.224821,0.081341,1,42.402,field
WALLABY J101655-485238,-11.783531,-10.624785,0.202205,0.095825,1,45.794,field
WALLABY J101655-485238,-11.806579,-10.642638,0.196529,0.088307,1,49.186,field
WALLABY J101457-433710,-11.737588,-9.782995,1.019669,0.176829,1,5.517,field
WALLABY J101457-433710,-11.720325,-9.777041,1.016465,0.074610,1,9.192,field
WALLABY J101457-433710,-11.734089,-10.111272,0.689537,0.074819,1,12.867,field
WALLABY J101457-433710,-11.765802,-10.184411,0.633200,0.006656,1,16.540,field
WALLABY J101457-433710,-11.801792,-10.244871,0.591769,0.041493,1,20.215,field
WALLABY J101457-433710,-11.838347,-10.337944,0.517980,0.036349,1,23.891,field
WALLABY J101457-433710,-11.882357,-10.631902,0.247185,0.208363,1,27.566,field
WALLABY J101457-433710,-11.925650,-10.664945,0.236874,0.181056,1,31.241,field
WALLABY J101457-433710,-11.966761,-10.680200,0.243157,0.144186,1,34.916,field
WALLABY J101457-433710,-12.005366,-10.691270,0.252271,0.108783,1,38.592,field
WALLABY J101457-433710,-12.042158,-10.707657,0.255085,0.084197,1,42.267,field
WALLABY J101457-433710,-12.080178,-10.729301,0.253248,0.068910,1,45.940,field
WALLABY J101457-433710,-12.115090,-10.751579,0.249128,0.057484,1,49.615,field
WALLABY J101457-433710,-12.149567,-10.769529,0.249084,0.043118,1,53.290,field
WALLABY J101457-433710,-12.185174,-10.783047,0.254031,0.026027,1,56.966,field
WALLABY J101457-433710,-12.219551,-10.795525,0.259356,0.010036,1,60.641,field
WALLABY J101219-471739,-11.686756,-10.041724,0.733943,0.317979,1,4.718,dense
WALLABY J101219-471739,-11.657073,-10.057933,0.701926,0.097768,1,7.861,dense
WALLABY J101219-471739,-11.660197,-10.121063,0.640461,0.022216,1,11.005,dense
WALLABY J101219-471739,-11.678777,-10.213479,0.557942,0.020200,1,14.146,dense
WALLABY J101219-471739,-11.706296,-10.279098,0.506958,0.010890,1,17.289,dense
WALLABY J101219-471739,-11.741153,-10.340822,0.463733,0.006658,1,20.432,dense
WALLABY J101219-471739,-11.783311,-10.405532,0.421342,0.009759,1,23.576,dense
WALLABY J101219-471739,-11.831160,-10.462974,0.389161,0.007217,1,26.719,dense
WALLABY J101219-471739,-11.883860,-10.514893,0.364984,0.001035,1,29.862,dense
WALLABY J101219-471739,-11.938893,-10.578254,0.330508,0.001059,1,33.006,dense
WALLABY J100656-450242,-11.516816,-9.902817,0.781885,0.004423,1,6.395,dense
WALLABY J100656-450242,-11.515020,-9.999149,0.684585,0.013878,1,10.655,dense
WALLABY J100656-450242,-11.556048,-10.137129,0.568675,0.016594,1,14.915,dense
WALLABY J100656-450242,-11.617843,-10.257156,0.481761,0.002401,1,19.173,dense
WALLABY J100656-450242,-11.693600,-10.360291,0.419016,0.003913,1,23.433,dense
WALLABY J100656-450242,-11.780739,-10.421661,0.403852,0.020761,1,27.693,dense
WALLABY J100916-431959,-11.826698,-10.419746,0.430037,0.000916,1,7.656,field
WALLABY J100916-431959,-11.804506,-10.579600,0.258473,0.008532,1,12.757,field
WALLABY J100916-431959,-11.815811,-10.656811,0.187229,0.038621,1,17.857,field
WALLABY J100916-431959,-11.841778,-10.706462,0.151270,0.047110,1,22.955,field
WALLABY J100916-431959,-11.875919,-10.778285,0.097418,0.003616,1,28.055,field
WALLABY J100916-431959,-11.914024,-10.850831,0.044889,0.057134,1,33.156,field
WALLABY J100916-431959,-11.955459,-10.916600,0.000840,0.069720,1,38.257,field
WALLABY J100916-431959,-12.006841,-10.965165,-0.020854,0.052664,1,43.357,field
WALLABY J094524-480828,-11.785081,-11.018410,-0.190601,0.183280,1,1.607,field
WALLABY J094524-480828,-11.789595,-11.128153,-0.297957,0.073550,1,2.677,field
WALLABY J094524-480828,-11.825502,-11.144349,-0.295197,0.033175,1,3.748,field
WALLABY J094524-480828,-11.874334,-11.159177,-0.284307,0.008118,1,4.818,field
WALLABY J094524-480828,-11.934861,-11.193822,-0.287174,0.025472,1,5.888,field
WALLABY J094524-480828,-12.003618,-11.238792,-0.296165,0.059222,1,6.959,field
WALLABY J094524-480828,-12.077350,-11.281418,-0.300341,0.079621,1,8.029,field
WALLABY J094524-480828,-12.154954,-11.323792,-0.302384,0.090428,1,9.100,field
WALLABY J101330-434301,-11.914907,-9.777249,1.118934,0.128664,1,7.592,field
WALLABY J101330-434301,-11.893040,-9.967080,0.917622,0.002963,1,12.650,field
WALLABY J101330-434301,-11.912696,-10.058212,0.836811,0.014304,1,17.708,field
WALLABY J101330-434301,-11.955692,-10.162115,0.755447,0.010270,1,22.762,field
WALLABY J101330-434301,-12.017173,-10.265607,0.684100,0.004025,1,27.820,field
WALLABY J101330-434301,-12.088360,-10.310816,0.675991,0.003510,1,32.878,field
WALLABY J100239-452950,-11.590357,-9.983321,0.740886,0.022675,1,5.931,dense
WALLABY J100239-452950,-11.600578,-10.130842,0.598838,0.023710,1,9.882,dense
WALLABY J100239-452950,-11.655267,-10.303341,0.455555,0.000596,1,13.833,dense
WALLABY J100239-452950,-11.731181,-10.465872,0.333395,0.012680,1,17.781,dense
WALLABY J100239-452950,-11.824235,-10.575495,0.272990,0.007157,1,21.732,dense
WALLABY J100239-452950,-11.931104,-10.693451,0.211229,0.050731,1,25.683,dense
WALLABY J101331-434904,-11.704337,-9.813810,0.971205,0.085316,1,6.854,field
WALLABY J101331-434904,-11.693353,-10.072468,0.706708,0.000000,1,11.421,field
WALLABY J101331-434904,-11.719417,-10.194245,0.598779,0.008803,1,15.987,field
WALLABY J101331-434904,-11.774689,-10.325589,0.496724,0.002509,1,20.551,field
WALLABY J101331-434904,-11.861350,-10.427409,0.440629,0.014800,1,25.117,field
WALLABY J101331-434904,-11.963131,-10.996428,-0.074971,0.744763,1,29.684,field
WALLABY J094944-471059,-12.023080,-10.120295,0.832494,0.082839,1,8.693,field
WALLABY J094944-471059,-11.918944,-10.366740,0.531561,0.000627,1,14.485,field
WALLABY J094944-471059,-11.859640,-10.496676,0.370462,0.011073,1,20.276,field
WALLABY J094944-471059,-11.848207,-10.649246,0.211873,0.010995,1,26.064,field
WALLABY J094944-471059,-11.886378,-10.758663,0.122538,0.005972,1,31.856,field
WALLABY J094944-471059,-11.965030,-10.805709,0.116742,0.043172,1,37.647,field
WALLABY J100123-434533,-11.707898,-10.202445,0.584461,0.070099,1,6.002,dense
WALLABY J100123-434533,-11.703054,-10.483357,0.300977,0.032777,1,10.001,dense
WALLABY J100123-434533,-11.737057,-10.636363,0.166020,0.020867,1,14.000,dense
WALLABY J100123-434533,-11.801813,-10.764757,0.071893,0.009779,1,17.997,dense
WALLABY J100123-434533,-11.889098,-10.874417,0.008214,0.033758,1,21.996,dense
WALLABY J100123-434533,-11.984577,-10.973834,-0.041158,0.049876,1,25.995,dense
WALLABY J100437-490338,-12.372169,-10.592325,0.541318,0.083395,1,5.810,field
WALLABY J100437-490338,-12.347752,-10.655054,0.466016,0.030983,1,9.680,field
WALLABY J100437-490338,-12.353383,-10.741278,0.382693,0.004986,1,13.551,field
WALLABY J100437-490338,-12.393944,-10.861369,0.283478,0.007070,1,17.419,field
WALLABY J100542-480241,-12.322166,-10.014094,1.093791,0.185814,1,6.496,dense
WALLABY J100542-480241,-12.314268,-10.419111,0.684701,0.033881,1,10.824,dense
WALLABY J100542-480241,-12.345018,-10.583083,0.536579,0.018865,1,15.151,dense
WALLABY J100542-480241,-12.410333,-10.635096,0.518179,0.033860,1,19.476,dense
WALLABY J100542-480241,-12.461129,-10.720034,0.459335,0.015419,1,23.804,dense
WALLABY J100542-480241,-12.496353,-10.853399,0.344041,0.066936,1,28.132,dense
WALLABY J100801-473847,-12.129485,-10.679573,0.328613,0.052685,1,5.766,dense
WALLABY J100801-473847,-12.144674,-10.702375,0.313698,0.082669,1,9.608,dense
WALLABY J100801-473847,-12.202069,-10.747030,0.298800,0.071543,1,13.449,dense
WALLABY J100801-473847,-12.268803,-10.823451,0.256895,0.007764,1,17.288,dense
WALLABY J100036-465940,-11.740708,-10.647772,0.156547,0.015986,1,6.122,dense
WALLABY J100036-465940,-11.811323,-10.717158,0.124513,0.006707,1,10.201,dense
WALLABY J100036-465940,-11.944056,-11.019589,-0.108122,0.215474,1,14.280,dense
WALLABY J100036-465940,-12.087346,-11.121976,-0.135696,0.166015,1,18.356,dense
WALLABY J125548+041805,-11.257627,-9.478037,1.065422,0.016806,1,0.940,dense
WALLABY J125548+041805,-11.223121,-9.530944,0.993443,0.010921,1,1.566,dense
WALLABY J125548+041805,-11.225789,-9.616065,0.909800,0.008143,1,2.193,dense
WALLABY J125548+041805,-11.249089,-9.696519,0.842228,0.004596,1,2.820,dense
WALLABY J125548+041805,-11.290522,-9.794296,0.767282,0.009304,1,3.447,dense
WALLABY J125548+041805,-11.345948,-9.911195,0.680778,0.065039,1,4.075,dense
WALLABY J125548+041805,-11.405024,-9.955338,0.668853,0.061651,1,4.701,dense
WALLABY J125548+041805,-11.460988,-9.961104,0.693451,0.031738,1,5.329,dense
WALLABY J125548+041805,-11.513655,-9.999098,0.683901,0.032644,1,5.955,dense
WALLABY J125548+041805,-11.564292,-10.052238,0.657993,0.034951,1,6.582,dense
WALLABY J125548+041805,-11.612359,-10.102837,0.633147,0.021633,1,7.210,dense
WALLABY J125548+041805,-11.657276,-10.160275,0.599692,0.000672,1,7.836,dense
WALLABY J125548+041805,-11.699485,-10.227268,0.555168,0.027231,1,8.464,dense
WALLABY J125548+041805,-11.739528,-10.303435,0.500258,0.066928,1,9.090,dense
WALLABY J125548+041805,-11.777725,-10.372292,0.451627,0.107804,1,9.718,dense
WALLABY J125548+041805,-11.814550,-10.416563,0.426812,0.143718,1,10.345,dense
WALLABY J125548+041805,-11.850053,-10.471664,0.390427,0.152755,1,10.971,dense
WALLABY J125548+041805,-11.884599,-10.548566,0.331700,0.132102,1,11.599,dense
WALLABY J125548+041805,-11.918947,-10.611186,0.287117,0.110268,1,12.226,dense
WALLABY J125548+041805,-11.952896,-10.624802,0.291296,0.117304,1,12.853,dense
WALLABY J125549+040049,-11.603926,-10.115505,0.615968,0.007553,1,0.895,dense
WALLABY J125549+040049,-11.559437,-10.166609,0.541016,0.038776,1,1.492,dense
WALLABY J125549+040049,-11.555311,-10.220269,0.485140,0.041826,1,2.089,dense
WALLABY J125549+040049,-11.579084,-10.289903,0.428263,0.026644,1,2.686,dense
WALLABY J125549+040049,-11.627417,-10.359964,0.384069,0.019592,1,3.283,dense
WALLABY J125549+040049,-11.695474,-10.397986,0.382318,0.012552,1,3.880,dense
WALLABY J125549+040049,-11.776497,-10.393696,0.429575,0.010465,1,4.477,dense
WALLABY J125549+040049,-11.861429,-10.484896,0.383184,0.087344,1,5.074,dense
WALLABY J125451+023900,-11.287687,-9.895612,0.664407,0.064389,1,1.113,field
WALLABY J125451+023900,-11.295054,-10.007857,0.556213,0.037060,1,1.856,field
WALLABY J125451+023900,-11.351745,-10.118937,0.476204,0.061168,1,2.599,field
WALLABY J125451+023900,-11.432609,-10.213752,0.425425,0.063449,1,3.342,field
WALLABY J125451+023900,-11.526522,-10.314188,0.375740,0.054426,1,4.086,field
WALLABY J130315+074816,-11.931912,-9.790364,1.114739,0.093203,1,4.786,field
WALLABY J130315+074816,-11.773879,-10.007290,0.814596,0.097130,1,7.979,field
WALLABY J130315+074816,-11.685485,-10.079229,0.695761,0.039970,1,11.174,field
WALLABY J130315+074816,-11.652982,-10.116615,0.641063,0.016041,1,14.367,field
WALLABY J130315+074816,-11.669471,-10.122369,0.644097,0.085484,1,17.562,field
WALLABY J130315+074816,-11.727321,-10.180898,0.616321,0.098482,1,20.757,field
WALLABY J130315+074816,-11.807537,-10.535209,0.304464,0.198213,1,23.950,field
WALLABY J125604+034843,-11.616921,-10.131076,0.607348,0.046677,1,0.803,dense
WALLABY J125604+034843,-11.609059,-10.167376,0.566843,0.006555,1,1.338,dense
WALLABY J125604+034843,-11.630239,-10.198677,0.546863,0.011485,1,1.874,dense
WALLABY J125604+034843,-11.667440,-10.253569,0.511814,0.002697,1,2.410,dense
WALLABY J125604+034843,-11.725376,-10.343480,0.452707,0.029765,1,2.946,dense
WALLABY J125604+034843,-11.800635,-10.469067,0.366962,0.093474,1,3.482,dense
WALLABY J130305+035925,-11.530310,-10.281757,0.410210,0.056038,1,4.671,field
WALLABY J130305+035925,-11.505449,-10.449417,0.229158,0.045122,1,7.788,field
WALLABY J130305+035925,-11.536295,-10.585398,0.109790,0.035301,1,10.906,field
WALLABY J130305+035925,-11.606784,-10.678901,0.054101,0.021897,1,14.022,field
WALLABY J130305+035925,-11.707985,-10.757936,0.029017,0.012654,1,17.141,field
WALLABY J131122+032431,-11.784153,-10.529137,0.298182,0.045374,1,4.920,field
WALLABY J131122+032431,-11.781559,-10.643913,0.182035,0.003438,1,8.202,field
WALLABY J131122+032431,-11.822338,-10.697856,0.149628,0.022668,1,11.486,field
WALLABY J131122+032431,-11.885582,-10.737723,0.143060,0.037103,1,14.768,field
WALLABY J131122+032431,-11.961784,-10.776818,0.143933,0.056706,1,18.052,field
WALLABY J131122+032431,-12.044458,-10.824566,0.139375,0.087471,1,21.336,field
WALLABY J131232+071059,-12.004763,-10.328501,0.614725,0.013227,1,1.072,field
WALLABY J131232+071059,-12.003221,-10.343518,0.598903,0.001737,1,1.787,field
WALLABY J131232+071059,-12.033089,-10.369894,0.588118,0.015132,1,2.502,field
WALLABY J131232+071059,-12.076266,-10.395437,0.585075,0.038482,1,3.217,field
WALLABY J131232+071059,-12.123068,-10.421620,0.583233,0.073023,1,3.933,field
WALLABY J131232+071059,-12.174895,-10.455378,0.576372,0.126184,1,4.649,field
WALLABY J124950+025100,-11.891718,-10.366708,0.517299,0.038803,1,2.554,field
WALLABY J124950+025100,-11.865261,-10.337676,0.532420,0.005589,1,4.258,field
WALLABY J124950+025100,-11.885267,-10.332495,0.548122,0.010329,1,5.962,field
WALLABY J124950+025100,-11.937805,-10.320865,0.587326,0.038404,1,7.666,field
WALLABY J124950+025100,-12.008237,-10.310777,0.634264,0.079627,1,9.371,field
WALLABY J124950+025100,-12.085561,-10.305845,0.679506,0.134965,1,11.076,field
WALLABY J130739+062006,-11.788560,-10.035716,0.793933,0.182116,1,12.742,field
WALLABY J130739+062006,-11.793160,-10.093102,0.738978,0.062689,1,21.242,field
WALLABY J130739+062006,-11.819757,-10.234091,0.612032,0.038662,1,29.748,field
WALLABY J130739+062006,-11.873262,-10.374972,0.499333,0.022192,1,38.249,field
WALLABY J130739+062006,-11.965435,-10.514327,0.408336,0.042582,1,46.755,field
WALLABY J130558+035723,-12.147148,-9.753219,1.264138,0.318282,1,12.392,field
WALLABY J130558+035723,-12.110014,-10.093175,0.904894,0.031787,1,20.659,field
WALLABY J130558+035723,-12.124045,-10.247129,0.758232,0.042502,1,28.931,field
WALLABY J130558+035723,-12.159558,-10.304898,0.718898,0.014932,1,37.198,field
WALLABY J130558+035723,-12.211967,-10.410510,0.640446,0.013764,1,45.471,field
WALLABY J130558+035723,-12.278414,-10.571110,0.514200,0.055573,1,53.743,field
WALLABY J130906+051433,-11.975856,-10.394117,0.533998,0.269813,1,5.626,field
WALLABY J130906+051433,-12.005074,-10.681809,0.261579,0.095142,1,9.379,field
WALLABY J130906+051433,-12.057096,-10.868156,0.102372,0.026960,1,13.135,field
WALLABY J130906+051433,-12.111192,-10.954177,0.044504,0.042231,1,16.889,field
WALLABY J130906+051433,-12.179028,-11.069220,-0.035327,0.017678,1,20.644,field
WALLABY J131208+025916,-12.252459,-10.597180,0.474720,0.112439,1,4.896,field
WALLABY J131208+025916,-12.239482,-10.646379,0.418812,0.081790,1,8.161,field
WALLABY J131208+025916,-12.280598,-10.698823,0.387614,0.038259,1,11.430,field
WALLABY J131208+025916,-12.354580,-10.785521,0.339067,0.001008,1,14.695,field
WALLABY J134019-235122,-11.723427,-9.780306,1.014846,0.030665,1,10.034,field
WALLABY J134019-235122,-11.670072,-9.975588,0.791198,0.014495,1,16.732,field
WALLABY J134019-235122,-11.710345,-10.146398,0.641809,0.014145,1,23.435,field
WALLABY J134019-235122,-11.812220,-10.287905,0.554240,0.026189,1,30.133,field
WALLABY J133801-225524,-12.006856,-9.927813,1.016506,0.015208,1,10.967,field
WALLABY J133801-225524,-12.018121,-10.113723,0.836479,0.011670,1,18.288,field
WALLABY J133801-225524,-12.084137,-10.273473,0.711137,0.005926,1,25.614,field
WALLABY J133801-225524,-12.161546,-10.455925,0.568903,0.009211,1,32.935,field
WALLABY J133801-225524,-12.240161,-10.905240,0.160303,0.453511,1,40.256,field
WALLABY J133541-240428,-11.741858,-9.718293,1.086635,0.095354,1,3.827,field
WALLABY J133541-240428,-11.733677,-9.918686,0.881905,0.024237,1,6.382,field
WALLABY J133541-240428,-11.763714,-10.011442,0.805064,0.002120,1,8.938,field
WALLABY J133541-240428,-11.813853,-10.085314,0.757693,0.014248,1,11.493,field
WALLABY J133541-240428,-11.880223,-10.169947,0.708019,0.014713,1,14.048,field
WALLABY J133541-240428,-11.957434,-10.275080,0.643394,0.000527,1,16.602,field
WALLABY J133440-234722,-11.866368,-10.145954,0.724725,0.092528,1,11.961,field
WALLABY J133440-234722,-11.870973,-10.412474,0.460628,0.012947,1,19.946,field
WALLABY J133440-234722,-11.939350,-10.618187,0.290815,0.007233,1,27.936,field
WALLABY J133440-234722,-12.040728,-11.303888,-0.341892,0.845177,1,35.920,field
WALLABY J133209-245132,-12.039992,-9.904540,1.057072,0.046655,1,11.924,field
WALLABY J133209-245132,-12.038624,-10.181029,0.779870,0.031098,1,19.884,field
WALLABY J133209-245132,-12.075925,-10.305164,0.675171,0.004631,1,27.849,field
WALLABY J133209-245132,-12.135436,-10.410145,0.601132,0.023883,1,35.809,field
WALLABY J133058-215044,-11.731170,-10.051579,0.747682,0.000488,1,11.550,field
WALLABY J133058-215044,-11.739741,-10.237323,0.566483,0.000936,1,19.260,field
WALLABY J133058-215044,-11.792650,-10.373392,0.458418,0.014345,1,26.975,field
WALLABY J133058-215044,-11.872390,-10.481648,0.392199,0.004160,1,34.685,field
WALLABY J133058-215044,-11.973639,-10.579519,0.347437,0.028079,1,42.396,field
WALLABY J133041-233009,-11.908602,-10.029096,0.863778,0.087442,1,19.695,field
WALLABY J133041-233009,-11.937757,-10.288016,0.620151,0.031170,1,32.842,field
WALLABY J133041-233009,-12.014091,-10.415524,0.532573,0.007440,1,45.999,field
WALLABY J133041-233009,-12.113681,-10.554216,0.445760,0.008467,1,59.146,field
WALLABY J132635-221419,-11.541738,-10.870570,-0.172454,0.030921,1,2.297,field
WALLABY J132635-221419,-11.556603,-10.922191,-0.216088,0.023101,1,3.830,field
WALLABY J132635-221419,-11.609005,-10.978604,-0.244414,0.012498,1,5.364,field
WALLABY J132635-221419,-11.677249,-10.998773,-0.228166,0.009400,1,6.898,field
WALLABY J132635-221419,-11.759086,-10.969962,-0.155907,0.055932,1,8.431,field
WALLABY J132635-221419,-11.851633,-10.907227,-0.044304,0.157669,1,9.964,field
WALLABY J132519-210812,-11.862907,-10.481894,0.386964,0.008210,1,2.751,field
WALLABY J132519-210812,-11.821556,-10.537169,0.309902,0.029811,1,4.587,field
WALLABY J132519-210812,-11.842404,-10.557558,0.300504,0.042199,1,6.425,field
WALLABY J132519-210812,-11.918359,-10.548560,0.349434,0.003069,1,8.261,field
WALLABY J132441-194214,-11.579734,-10.282124,0.436390,0.072280,1,3.119,field
WALLABY J132441-194214,-11.527858,-10.201164,0.489483,0.054449,1,5.202,field
WALLABY J132441-194214,-11.518980,-10.276953,0.408915,0.000797,1,7.285,field
WALLABY J132441-194214,-11.540505,-10.365659,0.331793,0.007783,1,9.368,field
WALLABY J132441-194214,-11.587571,-10.486961,0.235754,0.005666,1,11.450,field
WALLABY J132441-194214,-11.645350,-11.005657,-0.252050,0.520883,1,13.532,field
WALLABY J132441-194214,-11.706146,-10.638030,0.147946,0.052792,1,15.615,field
WALLABY J132441-194214,-11.772259,-10.741641,0.079387,0.038410,1,17.698,field
WALLABY J132433-210813,-11.998125,-9.446839,1.492919,0.214461,1,4.006,field
WALLABY J132433-210813,-11.907057,-9.846162,1.045901,0.007095,1,6.681,field
WALLABY J132433-210813,-11.882932,-10.002666,0.876724,0.032303,1,9.357,field
WALLABY J132433-210813,-11.902029,-10.068347,0.821077,0.001951,1,12.032,field
WALLABY J132433-210813,-11.948590,-10.154058,0.759784,0.000487,1,14.706,field
WALLABY J132433-210813,-12.012354,-10.244332,0.702859,0.000994,1,17.380,field
WALLABY J132433-210813,-12.080308,-10.317493,0.665124,0.007549,1,20.055,field
WALLABY J132433-210813,-12.142807,-10.368879,0.646225,0.011033,1,22.731,field
WALLABY J132402-243938,-11.824622,-10.748385,0.100303,0.073254,1,3.127,field
WALLABY J132402-243938,-11.812951,-10.764590,0.077941,0.026421,1,5.214,field
WALLABY J132402-243938,-11.843811,-10.762501,0.096302,0.019488,1,7.303,field
WALLABY J132402-243938,-11.890895,-10.741376,0.142199,0.011981,1,9.391,field
WALLABY J132402-243938,-11.954679,-10.730113,0.186918,0.022464,1,11.478,field
WALLABY J132402-243938,-12.037194,-10.738769,0.221384,0.066585,1,13.566,field
WALLABY J130943-163617,-11.495089,-9.778739,0.894246,0.249566,1,3.926,dense
WALLABY J130943-163617,-11.480791,-9.918684,0.746581,0.135856,1,6.540,dense
WALLABY J130943-163617,-11.500575,-10.031478,0.644468,0.080911,1,9.156,dense
WALLABY J130943-163617,-11.541278,-10.129433,0.568434,0.062949,1,11.771,dense
WALLABY J130943-163617,-11.600921,-10.191037,0.538827,0.034415,1,14.387,dense
WALLABY J130943-163617,-11.673228,-10.246248,0.522219,0.015106,1,17.001,dense
WALLABY J130943-163617,-11.749665,-10.306387,0.502679,0.012057,1,19.617,dense
WALLABY J130943-163617,-11.824773,-10.363766,0.485002,0.014619,1,22.232,dense
WALLABY J130943-163617,-11.896715,-10.399033,0.487599,0.000993,1,24.846,dense
WALLABY J130943-163617,-11.964300,-10.429197,0.492872,0.012227,1,27.462,dense
WALLABY J131658-163757,-11.647189,-9.732195,1.022394,0.025068,1,2.875,dense
WALLABY J131658-163757,-11.626309,-9.825550,0.917891,0.019289,1,4.789,dense
WALLABY J131658-163757,-11.640545,-9.900430,0.850612,0.007539,1,6.704,dense
WALLABY J131658-163757,-11.666518,-9.965982,0.798910,0.004609,1,8.619,dense
WALLABY J131658-163757,-11.699170,-10.024910,0.757359,0.007932,1,10.535,dense
WALLABY J131658-163757,-11.738920,-10.073935,0.729435,0.004825,1,12.449,dense
WALLABY J131658-163757,-11.784109,-10.127444,0.699852,0.010989,1,14.364,dense
WALLABY J131658-163757,-11.832986,-10.186594,0.666504,0.004324,1,16.279,dense
WALLABY J131658-163757,-11.884543,-10.237758,0.642479,0.000964,1,18.193,dense
WALLABY J131658-163757,-11.939895,-10.281710,0.627577,0.000482,1,20.109,dense
WALLABY J131658-163757,-11.999970,-10.329460,0.611262,0.006816,1,22.024,dense
WALLABY J131658-163757,-12.061688,-10.393880,0.579041,0.033697,1,23.939,dense
WALLABY J131234-173225,-11.265100,-9.666672,0.880909,0.007282,1,4.195,dense
WALLABY J131234-173225,-11.273226,-9.717874,0.834185,0.074377,1,6.988,dense
WALLABY J131234-173225,-11.339146,-9.850414,0.737837,0.034929,1,9.783,dense
WALLABY J131234-173225,-11.441838,-9.986908,0.657273,0.048641,1,12.578,dense
WALLABY J131234-173225,-11.565614,-10.133824,0.577117,0.080950,1,15.373,dense
WALLABY J131234-173225,-11.694202,-10.752968,0.026659,0.785658,1,18.166,dense
WALLABY J130618-173039,-11.657931,-10.855164,-0.094848,0.066610,1,2.467,field
WALLABY J130618-173039,-11.600063,-10.896927,-0.167522,0.067148,1,4.110,field
WALLABY J130618-173039,-11.584786,-10.972349,-0.251127,0.013977,1,5.754,field
WALLABY J130618-173039,-11.606742,-11.036732,-0.303752,0.034137,1,7.398,field
WALLABY J130618-173039,-11.663918,-11.105116,-0.341609,0.051967,1,9.042,field
WALLABY J130618-173039,-11.747260,-11.192594,-0.384802,0.035877,1,10.685,field
WALLABY J130618-173039,-11.843128,-11.307284,-0.448841,0.024072,1,12.328,field
WALLABY J131830-143635,-11.583880,-10.055744,0.664993,0.039232,1,4.515,field
WALLABY J131830-143635,-11.602310,-10.156953,0.573655,0.025266,1,7.526,field
WALLABY J131830-143635,-11.681940,-10.300287,0.472817,0.043566,1,10.535,field
WALLABY J131830-143635,-11.790682,-10.462010,0.368760,0.099081,1,13.544,field
WALLABY J131706-161516,-11.778093,-9.860889,0.963226,0.149528,1,4.019,dense
WALLABY J131706-161516,-11.751164,-10.123324,0.686537,0.009055,1,6.694,dense
WALLABY J131706-161516,-11.769532,-10.245392,0.574193,0.001355,1,9.372,dense
WALLABY J131706-161516,-11.815254,-10.316742,0.527004,0.007136,1,12.049,dense
WALLABY J131706-161516,-11.883333,-10.384641,0.494960,0.024744,1,14.726,dense
WALLABY J131706-161516,-11.968466,-10.463511,0.460738,0.047935,1,17.402,dense
WALLABY J130515-165316,-11.608005,-10.290795,0.442859,0.061447,1,4.403,field
WALLABY J130515-165316,-11.610682,-10.415912,0.319174,0.027027,1,7.335,field
WALLABY J130515-165316,-11.672714,-10.542670,0.225523,0.010937,1,10.268,field
WALLABY J130515-165316,-11.771685,-10.640936,0.179788,0.001800,1,13.202,field
WALLABY J130515-165316,-11.893002,-10.660567,0.224115,0.119920,1,16.135,field
WALLABY J130806-144640,-11.673602,-10.529080,0.239586,0.040266,1,3.998,field
WALLABY J130806-144640,-11.658974,-10.585206,0.175666,0.017823,1,6.663,field
WALLABY J130806-144640,-11.707163,-10.613652,0.172864,0.025944,1,9.327,field
WALLABY J130806-144640,-11.796259,-10.643472,0.190245,0.053991,1,11.991,field
WALLABY J130806-144640,-11.911858,-10.664998,0.229586,0.054451,1,14.657,field
WALLABY J130854-163609,-12.053234,-10.535467,0.433049,0.083070,1,3.950,field
WALLABY J130854-163609,-12.039412,-10.445678,0.515632,0.019347,1,6.580,field
WALLABY J130854-163609,-12.059008,-10.463295,0.508229,0.020200,1,9.212,field
WALLABY J130854-163609,-12.094756,-10.523759,0.466375,0.025742,1,11.843,field
WALLABY J130854-163609,-12.145369,-10.561672,0.454762,0.062771,1,14.475,field
WALLABY J130854-163609,-12.207197,-10.585355,0.463131,0.091977,1,17.105,field
WALLABY J133010-240841,-11.659400,-12.241524,-1.480424,0.067391,1,7.605,field
WALLABY J133010-240841,-11.691425,-12.263813,-1.485663,0.023797,1,12.681,field
WALLABY J133010-240841,-11.785928,-12.247721,-1.419464,0.059222,1,17.758,field
WALLABY J133010-240841,-11.900064,-12.187118,-1.298727,0.064941,1,22.835,field
WALLABY J133010-240841,-12.010402,-12.122050,-1.175880,0.061312,1,27.911,field
WALLABY J131712-171511,-11.704688,-9.859394,0.925808,0.023072,1,3.841,dense
WALLABY J131712-171511,-11.734957,-10.059563,0.741707,0.002648,1,6.398,dense
WALLABY J131712-171511,-11.806822,-10.196455,0.642841,0.019651,1,8.958,dense
WALLABY J131712-171511,-11.900025,-10.311505,0.576866,0.035614,1,11.517,dense
WALLABY J131712-171511,-12.007746,-10.418664,0.526119,0.043193,1,14.076,dense
WALLABY J130818-143213,-11.714289,-10.204612,0.585690,0.035989,1,4.140,field
WALLABY J130818-143213,-11.736464,-10.374315,0.427754,0.025655,1,6.896,field
WALLABY J130818-143213,-11.818240,-10.508596,0.336726,0.009038,1,9.654,field
WALLABY J130818-143213,-11.928369,-10.593664,0.309580,0.011429,1,12.412,field
WALLABY J131400-164707,-11.827989,-10.549098,0.301366,0.033510,1,4.818,dense
WALLABY J131400-164707,-11.813977,-10.608563,0.234509,0.024467,1,8.026,dense
WALLABY J131400-164707,-11.862451,-10.693488,0.175129,0.032132,1,11.236,dense
WALLABY J131400-164707,-11.952283,-10.826796,0.088980,0.030907,1,14.446,dense
WALLABY J131237-142630,-12.025138,-10.229824,0.724039,0.084565,1,9.658,field
WALLABY J131237-142630,-12.028171,-10.447135,0.508311,0.011738,1,16.099,field
WALLABY J131237-142630,-12.070114,-10.561818,0.415491,0.031448,1,22.535,field
WALLABY J131237-142630,-12.128153,-10.676605,0.330890,0.013295,1,28.971,field
WALLABY J131237-142630,-12.196725,-10.800641,0.242422,0.025100,1,35.411,field
WALLABY J131237-142630,-12.272557,-10.892537,0.189748,0.035122,1,41.847,field
WALLABY J131237-142630,-12.352508,-10.943927,0.179593,0.002668,1,48.283,field
WALLABY J130516-172641,-12.075645,-9.963239,1.016950,0.384032,1,15.848,field
WALLABY J130516-172641,-12.073022,-10.046617,0.932207,0.005459,1,26.400,field
WALLABY J130516-172641,-12.113203,-10.152876,0.846850,0.000307,1,36.958,field
WALLABY J130516-172641,-12.178568,-10.278734,0.754921,0.006253,1,47.516,field
WALLABY J131430-173154,-11.803287,-10.059954,0.777475,0.012913,1,3.788,dense
WALLABY J131430-173154,-11.859987,-10.164189,0.703132,0.035345,1,6.310,dense
WALLABY J131430-173154,-11.970312,-10.345601,0.579614,0.007832,1,8.833,dense
WALLABY J131430-173154,-12.100853,-10.480168,0.513138,0.027421,1,11.357,dense
WALLABY J131840-150339,-12.173486,-10.418658,0.612361,0.088446,1,4.986,field
WALLABY J131840-150339,-12.182192,-10.526974,0.508558,0.025869,1,8.311,field
WALLABY J131840-150339,-12.240641,-10.650449,0.415342,0.003878,1,11.634,field
WALLABY J131840-150339,-12.319654,-10.787133,0.319456,0.033022,1,14.956,field
WALLABY J130314-172514,-11.284521,-10.784584,-0.226307,0.341367,1,1.035,field
WALLABY J130314-172514,-11.272047,-10.816182,-0.264772,0.283434,1,1.724,field
WALLABY J130314-172514,-11.285559,-10.858973,-0.300124,0.189412,1,2.413,field
WALLABY J130314-172514,-11.305243,-10.910530,-0.340863,0.146875,1,3.103,field
WALLABY J130314-172514,-11.328266,-10.960497,-0.378203,0.121311,1,3.792,field
WALLABY J130314-172514,-11.354321,-10.999679,-0.403129,0.095732,1,4.481,field
WALLABY J130314-172514,-11.381754,-11.029741,-0.418220,0.074258,1,5.171,field
WALLABY J130314-172514,-11.409796,-11.048823,-0.422037,0.056177,1,5.860,field
WALLABY J130314-172514,-11.438194,-11.056987,-0.414781,0.043326,1,6.549,field
WALLABY J130314-172514,-11.466073,-11.058177,-0.400870,0.033407,1,7.239,field
WALLABY J130314-172514,-11.492960,-11.051762,-0.379925,0.026095,1,7.928,field
WALLABY J130314-172514,-11.517600,-11.040819,-0.355694,0.022951,1,8.618,field
WALLABY J130314-172514,-11.540327,-11.027819,-0.330463,0.020083,1,9.307,field
WALLABY J130314-172514,-11.562138,-11.017994,-0.308919,0.012773,1,9.996,field
WALLABY J130314-172514,-11.584731,-11.014062,-0.292868,0.009224,1,10.686,field
WALLABY J130314-172514,-11.609833,-11.019956,-0.285324,0.012001,1,11.375,field
WALLABY J130314-172514,-11.637398,-11.030623,-0.281260,0.016222,1,12.064,field
WALLABY J130314-172514,-11.667114,-11.037241,-0.272031,0.013007,1,12.754,field
WALLABY J130314-172514,-11.698209,-11.042935,-0.261178,0.005668,1,13.443,field
WALLABY J130314-172514,-11.729978,-11.057587,-0.258958,0.004216,1,14.132,field
WALLABY J130314-172514,-11.761981,-11.078274,-0.262686,0.005622,1,14.822,field
WALLABY J130314-172514,-11.793759,-11.099428,-0.267031,0.004223,1,15.511,field
WALLABY J130314-172514,-11.825155,-11.111305,-0.262336,0.009775,1,16.201,field
WALLABY J130314-172514,-11.855895,-11.215958,-0.350791,0.066340,1,16.890,field
WALLABY J132947-175747,-11.836752,-10.661396,0.193688,0.029659,1,2.498,field
WALLABY J132947-175747,-11.801927,-10.441474,0.395237,0.137548,1,4.166,field
WALLABY J132947-175747,-11.791454,-10.296173,0.535004,0.201214,1,5.833,field
WALLABY J132947-175747,-11.781457,-10.189617,0.636277,0.197439,1,7.501,field
WALLABY J132947-175747,-11.771971,-10.111131,0.709745,0.174305,1,9.169,field
WALLABY J132947-175747,-11.763665,-10.055195,0.761285,0.149320,1,10.836,field
WALLABY J132947-175747,-11.755575,-9.990874,0.821323,0.094079,1,12.504,field
WALLABY J132947-175747,-11.750499,-9.943378,0.866130,0.043974,1,14.171,field
WALLABY J132947-175747,-11.747094,-9.942522,0.865182,0.030890,1,15.839,field
WALLABY J132947-175747,-11.745975,-9.964567,0.842544,0.029778,1,17.507,field
WALLABY J132947-175747,-11.750046,-9.992323,0.816945,0.027962,1,19.174,field
WALLABY J132947-175747,-11.757077,-10.024656,0.788336,0.027485,1,20.842,field
WALLABY J132947-175747,-11.767221,-10.061616,0.756746,0.027951,1,22.509,field
WALLABY J132947-175747,-11.779027,-10.103692,0.720916,0.030100,1,24.177,field
WALLABY J132947-175747,-11.791939,-10.126590,0.704845,0.014589,1,25.845,field
WALLABY J132947-175747,-11.808215,-10.141379,0.698652,0.000702,1,27.512,field
WALLABY J132947-175747,-11.826757,-10.164135,0.685680,0.004196,1,29.180,field
WALLABY J132947-175747,-11.848314,-10.190037,0.671138,0.002803,1,30.849,field
WALLABY J132947-175747,-11.871535,-10.211151,0.662246,0.004895,1,32.516,field
WALLABY J132947-175747,-11.896077,-10.218996,0.667301,0.018239,1,34.184,field
WALLABY J132947-175747,-11.922943,-10.244860,0.655540,0.013155,1,35.851,field
WALLABY J132947-175747,-11.950767,-10.274003,0.640980,0.003500,1,37.519,field
WALLABY J130415-102023,-12.249133,-9.794720,1.275462,0.019294,1,11.500,field
WALLABY J130415-102023,-12.032219,-9.897308,1.060250,0.004697,1,14.785,field
WALLABY J130415-102023,-11.937547,-9.975402,0.932654,0.011801,1,18.068,field
WALLABY J130415-102023,-11.895344,-10.050770,0.835143,0.015427,1,21.350,field
WALLABY J130415-102023,-11.883404,-10.131047,0.748591,0.003297,1,24.635,field
WALLABY J130415-102023,-11.884008,-10.200524,0.679431,0.005965,1,27.918,field
WALLABY J130415-102023,-11.887734,-10.250670,0.631244,0.002615,1,31.201,field
WALLABY J130415-102023,-11.893966,-10.291504,0.593684,0.003725,1,34.483,field
WALLABY J130415-102023,-11.907412,-10.324712,0.567538,0.012572,1,37.768,field
WALLABY J130415-102023,-11.928475,-10.353911,0.549390,0.021275,1,41.051,field
WALLABY J130415-102023,-11.952675,-10.382930,0.533052,0.026277,1,44.333,field
WALLABY J130415-102023,-11.978508,-10.411421,0.518081,0.028383,1,47.618,field
WALLABY J130415-102023,-12.006547,-10.438556,0.505602,0.029050,1,50.901,field
WALLABY J130415-102023,-12.038241,-10.464972,0.495727,0.027211,1,54.183,field
WALLABY J130053-132655,-11.750493,-9.677554,1.131950,0.012940,1,4.003,field
WALLABY J130053-132655,-11.650888,-9.873417,0.883144,0.000523,1,6.672,field
WALLABY J130053-132655,-11.598760,-10.004950,0.723758,0.005146,1,9.340,field
WALLABY J130053-132655,-11.579013,-10.094721,0.623407,0.015097,1,12.007,field
WALLABY J130053-132655,-11.582572,-10.172889,0.547147,0.013945,1,14.677,field
WALLABY J130053-132655,-11.608750,-10.260993,0.473060,0.012676,1,17.344,field
WALLABY J130053-132655,-11.649915,-10.326171,0.429871,0.016792,1,20.012,field
WALLABY J130053-132655,-11.694323,-10.367385,0.412306,0.014034,1,22.679,field
WALLABY J130053-132655,-11.740935,-10.423766,0.380673,0.041988,1,25.349,field
WALLABY J130053-132655,-11.792486,-10.496544,0.335179,0.069592,1,28.016,field
WALLABY J130053-132655,-11.845491,-10.563147,0.296541,0.070718,1,30.684,field
WALLABY J130053-132655,-11.897159,-10.576467,0.310399,0.052578,1,33.353,field
WALLABY J130059-143042,-11.752012,-9.449229,1.361080,0.173554,1,4.106,field
WALLABY J130059-143042,-11.674943,-9.792615,0.976765,0.070617,1,6.843,field
WALLABY J130059-143042,-11.632275,-10.110418,0.636210,0.067123,1,9.579,field
WALLABY J130059-143042,-11.618724,-10.162894,0.576493,0.101049,1,12.315,field
WALLABY J130059-143042,-11.636189,-10.077583,0.671135,0.059052,1,15.052,field
WALLABY J130059-143042,-11.683488,-10.137423,0.636506,0.079042,1,17.788,field
WALLABY J130059-143042,-11.748506,-10.219319,0.589133,0.063089,1,20.524,field
WALLABY J130059-143042,-11.816285,-10.749032,0.095258,0.529140,1,23.260,field
WALLABY J130017-122041,-11.545036,-10.299672,0.400216,0.073365,1,2.840,field
WALLABY J130017-122041,-11.516928,-10.468208,0.216554,0.019713,1,4.734,field
WALLABY J130017-122041,-11.532423,-10.435612,0.257492,0.026078,1,6.627,field
WALLABY J130017-122041,-11.580352,-10.425857,0.292989,0.001749,1,8.519,field
WALLABY J130017-122041,-11.649981,-10.479576,0.276501,0.013466,1,10.413,field
WALLABY J130017-122041,-11.723737,-10.594354,0.200963,0.060086,1,12.306,field
WALLABY J131920-145037,-11.946289,-9.892913,1.019724,0.382018,1,4.254,field
WALLABY J131920-145037,-11.895664,-10.014284,0.871796,0.256696,1,7.090,field
WALLABY J131920-145037,-11.879738,-9.940997,0.936714,0.000464,1,9.925,field
WALLABY J131920-145037,-11.882462,-10.047326,0.831817,0.006472,1,12.759,field
WALLABY J131920-145037,-11.902487,-10.152252,0.737412,0.010380,1,15.596,field
WALLABY J131920-145037,-11.936625,-10.231409,0.676165,0.015213,1,18.430,field
WALLABY J131920-145037,-11.981631,-10.301659,0.629477,0.023034,1,21.265,field
WALLABY J131920-145037,-12.035967,-10.367111,0.592402,0.033538,1,24.099,field
WALLABY J131920-145037,-12.095796,-10.428165,0.562510,0.046857,1,26.936,field
WALLABY J131920-145037,-12.157014,-10.487548,0.534928,0.063298,1,29.770,field
WALLABY J125907-121329,-11.335829,-10.536802,0.049634,0.059571,1,2.279,field
WALLABY J125907-121329,-11.367765,-10.735930,-0.132039,0.013104,1,3.799,field
WALLABY J125907-121329,-11.461553,-10.928122,-0.273261,0.011844,1,5.317,field
WALLABY J125907-121329,-11.575864,-11.133143,-0.416703,0.112432,1,6.836,field
WALLABY J132148-131222,-11.496437,-9.962637,0.711076,0.081716,1,4.521,field
WALLABY J132148-131222,-11.473844,-10.178907,0.482603,0.016098,1,7.535,field
WALLABY J132148-131222,-11.492553,-10.314533,0.357084,0.004149,1,10.548,field
WALLABY J132148-131222,-11.543606,-10.408558,0.290561,0.023108,1,13.560,field
WALLABY J132148-131222,-11.626992,-10.489642,0.254163,0.028346,1,16.575,field
WALLABY J130221-154600,-11.918765,-9.837269,1.060939,0.223706,1,7.388,field
WALLABY J130221-154600,-11.899724,-10.162086,0.726127,0.009669,1,12.307,field
WALLABY J130221-154600,-11.925690,-10.337699,0.564141,0.012782,1,17.229,field
WALLABY J130221-154600,-11.966438,-10.386204,0.536983,0.000518,1,22.151,field
WALLABY J130221-154600,-12.012100,-10.399371,0.547686,0.001904,1,27.073,field
WALLABY J130221-154600,-12.061084,-10.411217,0.561389,0.015534,1,31.992,field
WALLABY J130221-154600,-12.111656,-10.451888,0.547035,0.023815,1,36.914,field
WALLABY J130221-154600,-12.163708,-10.830522,0.195427,0.330831,1,41.837,field
WALLABY J131035-214450,-11.422355,-10.293166,0.340444,0.006212,1,4.481,field
WALLABY J131035-214450,-11.414005,-10.366661,0.262414,0.029680,1,7.464,field
WALLABY J131035-214450,-11.462896,-10.361715,0.293873,0.023475,1,10.449,field
WALLABY J131035-214450,-11.550590,-10.392343,0.310530,0.040212,1,13.434,field
WALLABY J131035-214450,-11.657500,-10.436981,0.323105,0.055523,1,16.419,field
WALLABY J130213-145817,-11.714595,-9.587001,1.203463,0.209389,1,7.424,field
WALLABY J130213-145817,-11.687309,-10.023922,0.752039,0.011423,1,12.375,field
WALLABY J130213-145817,-11.710442,-10.217403,0.570855,0.045842,1,17.322,field
WALLABY J130213-145817,-11.770734,-10.322179,0.498043,0.007682,1,22.269,field
WALLABY J130213-145817,-11.846654,-10.496669,0.363632,0.009026,1,27.220,field
WALLABY J130213-145817,-11.916330,-10.665680,0.231251,0.014832,1,32.167,field
WALLABY J130213-145817,-11.976395,-10.738555,0.189842,0.002403,1,37.114,field
WALLABY J130213-145817,-12.037053,-10.825334,0.134746,0.074201,1,42.061,field
WALLABY J133314-160715,-12.053075,-9.531438,1.436994,0.021339,1,9.202,field
WALLABY J133314-160715,-11.946052,-9.604748,1.307766,0.055727,1,15.337,field
WALLABY J133314-160715,-11.897430,-9.671214,1.215794,0.021033,1,21.467,field
WALLABY J133314-160715,-11.894047,-9.822217,1.063013,0.015524,1,27.598,field
WALLABY J133314-160715,-11.923694,-9.910795,0.989998,0.013606,1,33.728,field
WALLABY J133314-160715,-11.978763,-9.998813,0.930823,0.007420,1,39.863,field
WALLABY J133314-160715,-12.044575,-10.105337,0.858665,0.045551,1,45.993,field
WALLABY J130947-101916,-11.877220,-10.265718,0.610668,0.436499,1,2.087,field
WALLABY J130947-101916,-11.875229,-10.024722,0.850618,0.021564,1,3.479,field
WALLABY J130947-101916,-11.888630,-10.059231,0.823153,0.011379,1,4.870,field
WALLABY J130947-101916,-11.889745,-10.129762,0.753209,0.002903,1,6.260,field
WALLABY J130947-101916,-11.893062,-10.227895,0.656819,0.030129,1,7.652,field
WALLABY J130947-101916,-11.916485,-10.351106,0.545905,0.088027,1,9.043,field
WALLABY J130225-174046,-11.982086,-9.661160,1.270214,0.423865,1,7.235,field
WALLABY J130225-174046,-11.960917,-9.924703,0.995595,0.024368,1,12.051,field
WALLABY J130225-174046,-11.968049,-10.069576,0.854454,0.032582,1,16.871,field
WALLABY J130225-174046,-11.993227,-10.138417,0.798781,0.000787,1,21.691,field
WALLABY J130225-174046,-12.029605,-10.217332,0.738862,0.002340,1,26.511,field
WALLABY J130225-174046,-12.079658,-10.291005,0.691273,0.005077,1,31.327,field
WALLABY J130225-174046,-12.135414,-10.346542,0.664724,0.013953,1,36.147,field
WALLABY J130225-174046,-12.196119,-10.398966,0.643783,0.012375,1,40.967,field
WALLABY J131702-104612,-11.568965,-9.942231,0.770508,0.182605,1,4.440,field
WALLABY J131702-104612,-11.563402,-10.133423,0.576330,0.044234,1,7.401,field
WALLABY J131702-104612,-11.607740,-10.267504,0.466009,0.002644,1,10.360,field
WALLABY J131702-104612,-11.685396,-10.376612,0.398332,0.014543,1,13.318,field
WALLABY J131702-104612,-11.785935,-10.448070,0.380191,0.020773,1,16.279,field
WALLABY J130203-145302,-11.690953,-10.006789,0.771110,0.056038,1,2.306,field
WALLABY J130203-145302,-11.704652,-10.132504,0.652678,0.031585,1,3.844,field
WALLABY J130203-145302,-11.765213,-10.224543,0.592757,0.011348,1,5.381,field
WALLABY J130203-145302,-11.843348,-10.312097,0.546462,0.012773,1,6.917,field
WALLABY J130203-145302,-11.929380,-10.413009,0.490766,0.014707,1,8.455,field
WALLABY J130203-145302,-12.014401,-10.539059,0.409200,0.071769,1,9.992,field
WALLABY J133103-150604,-11.607022,-10.255220,0.477909,0.017976,1,6.591,field
WALLABY J133103-150604,-11.616099,-10.280475,0.457509,0.008471,1,10.985,field
WALLABY J133103-150604,-11.682991,-10.325157,0.448506,0.035950,1,15.375,field
WALLABY J133103-150604,-11.779223,-10.353475,0.471237,0.094573,1,19.766,field
WALLABY J133103-150604,-11.888824,-10.368151,0.514336,0.168663,1,24.157,field
WALLABY J125939-145813,-11.967082,-9.875462,1.048062,0.258509,1,7.570,field
WALLABY J125939-145813,-11.955065,-10.176695,0.740539,0.029672,1,12.618,field
WALLABY J125939-145813,-11.976259,-10.300914,0.627412,0.021044,1,17.663,field
WALLABY J125939-145813,-12.016257,-10.339810,0.609418,0.027174,1,22.707,field
WALLABY J125939-145813,-12.071178,-10.425535,0.552328,0.021315,1,27.755,field
WALLABY J125939-145813,-12.134461,-10.577655,0.433115,0.026546,1,32.800,field
WALLABY J132529-201001,-12.142776,-10.931139,0.083949,0.055912,1,12.341,field
WALLABY J132529-201001,-12.059315,-10.798439,0.173245,0.146925,1,20.579,field
WALLABY J132529-201001,-12.041712,-10.692846,0.269663,0.070496,1,28.817,field
WALLABY J132529-201001,-12.079661,-10.728898,0.253382,0.058857,1,37.055,field
WALLABY J130235-113803,-11.798710,-10.424476,0.410536,0.006547,1,5.457,field
WALLABY J130235-113803,-11.827009,-10.487274,0.362673,0.014537,1,9.096,field
WALLABY J130235-113803,-11.894364,-10.568577,0.316821,0.008433,1,12.732,field
WALLABY J130235-113803,-11.971591,-10.646216,0.279668,0.008133,1,16.368,field
WALLABY J130235-113803,-12.054689,-10.728530,0.240744,0.008896,1,20.007,field
WALLABY J130235-113803,-12.142727,-10.777914,0.237149,0.038586,1,23.643,field
WALLABY J125956-192430,-11.992994,-11.029875,-0.092798,0.316723,1,1.137,field
WALLABY J125956-192430,-11.996957,-11.106021,-0.166873,0.288177,1,1.895,field
WALLABY J125956-192430,-12.023624,-11.228115,-0.275041,0.193458,1,2.652,field
WALLABY J125956-192430,-12.062918,-11.313878,-0.340317,0.115299,1,3.410,field
WALLABY J125956-192430,-12.124998,-11.356086,-0.350230,0.076640,1,4.168,field
WALLABY J125956-192430,-12.198989,-11.368661,-0.324426,0.071531,1,4.925,field
WALLABY J125956-192430,-12.274800,-11.377954,-0.294511,0.125000,1,5.682,field
WALLABY J130223-122031,-11.716710,-9.838529,0.953058,0.011208,1,7.730,field
WALLABY J130223-122031,-11.682775,-10.014930,0.758619,0.013295,1,12.885,field
WALLABY J130223-122031,-11.730500,-10.177545,0.621361,0.004065,1,18.036,field
WALLABY J130223-122031,-11.838796,-10.313254,0.542907,0.027944,1,23.188,field
WALLABY J130148-114530,-11.704738,-10.281558,0.503669,0.018804,1,8.939,field
WALLABY J130148-114530,-11.729145,-10.392266,0.405920,0.017181,1,14.900,field
WALLABY J130148-114530,-11.801576,-10.549858,0.286667,0.005803,1,20.856,field
WALLABY J130148-114530,-11.900685,-10.663491,0.225226,0.014260,1,26.813,field
WALLABY J130815-210002,-12.074852,-10.448416,0.531361,0.155736,1,2.664,field
WALLABY J130815-210002,-12.064471,-10.432688,0.541683,0.138046,1,4.437,field
WALLABY J130815-210002,-12.093302,-10.498349,0.491029,0.074610,1,6.211,field
WALLABY J130815-210002,-12.141403,-10.603041,0.411334,0.005539,1,7.986,field
WALLABY J130815-210002,-12.205177,-10.678084,0.369356,0.034962,1,9.760,field
WALLABY J130815-210002,-12.287654,-10.729005,0.361075,0.009592,1,11.534,field
WALLABY J133138-232047,-11.620793,-10.616506,0.123987,0.030722,1,11.666,field
WALLABY J133138-232047,-11.663891,-10.706689,0.056804,0.027193,1,19.453,field
WALLABY J133138-232047,-11.780744,-10.781548,0.043969,0.057464,1,27.241,field
WALLABY J133138-232047,-11.930757,-10.849036,0.055461,0.037917,1,35.028,field
WALLABY J131739-213708,-11.849814,-10.512714,0.349252,0.010740,1,4.417,field
WALLABY J131739-213708,-11.866064,-10.596800,0.273718,0.019480,1,7.358,field
WALLABY J131739-213708,-11.940282,-10.705897,0.203593,0.025256,1,10.301,field
WALLABY J131739-213708,-12.035437,-10.829426,0.129810,0.034610,1,13.244,field
WALLABY J133103-160750,-12.134693,-9.819603,1.191288,0.148716,1,8.686,field
WALLABY J133103-160750,-12.105249,-10.166411,0.829181,0.001493,1,14.476,field
WALLABY J133103-160750,-12.125527,-10.284055,0.722075,0.001445,1,20.263,field
WALLABY J133103-160750,-12.176127,-10.314011,0.718378,0.028147,1,26.049,field
WALLABY J133103-160750,-12.249595,-10.368759,0.701661,0.023727,1,31.836,field
WALLABY J133103-160750,-12.335914,-10.479886,0.635085,0.021261,1,37.626,field
WALLABY J132017-144841,-12.014658,-10.101577,0.846816,0.193203,1,4.532,field
WALLABY J132017-144841,-12.031858,-10.424017,0.533352,0.038934,1,7.553,field
WALLABY J132017-144841,-12.085211,-10.531993,0.453176,0.077188,1,10.573,field
WALLABY J132017-144841,-12.157665,-10.520361,0.502454,0.016214,1,13.593,field
WALLABY J132017-144841,-12.244007,-10.447892,0.619639,0.138769,1,16.615,field
WALLABY J132017-144841,-12.341117,-10.342679,0.774973,0.260210,1,19.634,field
WALLABY J132202-201335,-11.848088,-10.606528,0.254528,0.016354,1,2.992,field
WALLABY J132202-201335,-11.872332,-10.616803,0.257013,0.019935,1,4.990,field
WALLABY J132202-201335,-11.958513,-10.617819,0.301220,0.055416,1,6.988,field
WALLABY J132202-201335,-12.077838,-10.711497,0.269834,0.168038,1,8.985,field
WALLABY J104311-261500,-11.860015,-9.784840,1.082495,0.040148,1,7.994,dense
WALLABY J104311-261500,-11.813157,-10.019299,0.823340,0.005256,1,13.323,dense
WALLABY J104311-261500,-11.817763,-10.181787,0.663283,0.002678,1,18.652,dense
WALLABY J104311-261500,-11.860508,-10.296304,0.571291,0.008533,1,23.981,dense
WALLABY J104311-261500,-11.931339,-10.386154,0.518649,0.009911,1,29.310,dense
WALLABY J104311-261500,-12.018296,-10.463674,0.486618,0.002265,1,34.639,dense
WALLABY J104339-285157,-12.131410,-9.961114,1.048072,0.171354,1,6.403,field
WALLABY J104339-285157,-12.125495,-10.337787,0.668326,0.032484,1,10.672,field
WALLABY J104339-285157,-12.158450,-10.473387,0.549835,0.017442,1,14.941,field
WALLABY J104339-285157,-12.222605,-10.515425,0.541036,0.031644,1,19.210,field
WALLABY J104339-285157,-12.282775,-10.612970,0.474591,0.035293,1,23.478,field
WALLABY J104339-285157,-12.339547,-10.759140,0.357704,0.024898,1,27.747,field
WALLABY J104309-300301,-11.678808,-10.311263,0.460175,0.010465,1,5.532,field
WALLABY J104309-300301,-11.661225,-10.410848,0.351225,0.006612,1,9.219,field
WALLABY J104309-300301,-11.686696,-10.547932,0.227703,0.007361,1,12.907,field
WALLABY J104309-300301,-11.745832,-10.668603,0.138432,0.039783,1,16.595,field
WALLABY J104309-300301,-11.836727,-10.857644,-0.002573,0.031687,1,20.283,field
WALLABY J104059-270456,-11.779363,-10.031930,0.792856,0.009613,1,8.229,dense
WALLABY J104059-270456,-11.750200,-10.135536,0.673813,0.016286,1,13.715,dense
WALLABY J104059-270456,-11.769038,-10.218388,0.600936,0.002753,1,19.202,dense
WALLABY J104059-270456,-11.822373,-10.295109,0.552393,0.027406,1,24.688,dense
WALLABY J104059-270456,-11.906343,-10.368228,0.523460,0.050019,1,30.174,dense
WALLABY J104016-274630,-11.695299,-9.738985,1.041226,0.058249,1,7.307,dense
WALLABY J104016-274630,-11.598973,-9.950192,0.778630,0.009731,1,12.179,dense
WALLABY J104016-274630,-11.572838,-10.110825,0.603992,0.000860,1,17.051,dense
WALLABY J104016-274630,-11.596523,-10.238668,0.488842,0.005714,1,21.922,dense
WALLABY J104016-274630,-11.655070,-10.364009,0.394782,0.001837,1,26.794,dense
WALLABY J104016-274630,-11.734285,-10.463144,0.337769,0.008525,1,31.666,dense
WALLABY J104016-274630,-11.821852,-10.625055,0.222172,0.049406,1,36.537,dense
WALLABY J104000-292445,-11.867409,-10.567573,0.303654,0.028572,1,6.916,field
WALLABY J104000-292445,-11.881512,-10.670016,0.208628,0.037851,1,11.526,field
WALLABY J104000-292445,-11.951574,-10.760211,0.155195,0.026151,1,16.137,field
WALLABY J104000-292445,-12.053248,-10.860065,0.108457,0.003696,1,20.748,field
WALLABY J103918-265030,-12.057691,-9.756967,1.213871,0.048920,1,5.159,dense
WALLABY J103918-265030,-12.019414,-10.003092,0.947785,0.019266,1,8.598,dense
WALLABY J103918-265030,-12.036249,-10.126507,0.833153,0.019290,1,12.037,dense
WALLABY J103918-265030,-12.098431,-10.233048,0.758998,0.002599,1,15.476,dense
WALLABY J104004-301606,-11.588496,-10.115825,0.607386,0.007232,1,6.103,field
WALLABY J104004-301606,-11.635926,-10.234164,0.514413,0.039802,1,10.172,field
WALLABY J104004-301606,-11.739041,-10.341989,0.461447,0.050985,1,14.241,field
WALLABY J104004-301606,-11.867096,-10.932920,-0.061858,0.704926,1,18.310,field
WALLABY J103915-301757,-11.940412,-9.494422,1.415136,0.197391,1,6.866,field
WALLABY J103915-301757,-11.897470,-9.933750,0.953279,0.012849,1,11.443,field
WALLABY J103915-301757,-11.891149,-10.107731,0.775977,0.018132,1,16.020,field
WALLABY J103915-301757,-11.904594,-10.177958,0.712812,0.015646,1,20.597,field
WALLABY J103915-301757,-11.934280,-10.268498,0.637847,0.013160,1,25.174,field
WALLABY J103915-301757,-11.967549,-10.352587,0.571182,0.001291,1,29.751,field
WALLABY J103915-301757,-12.005921,-10.410015,0.533815,0.013692,1,34.328,field
WALLABY J103915-301757,-12.054866,-10.454164,0.515202,0.013109,1,38.906,field
WALLABY J103818-285307,-11.689320,-10.095757,0.681274,0.070308,1,7.874,dense
WALLABY J103818-285307,-11.695284,-10.307707,0.472496,0.007382,1,13.123,dense
WALLABY J103818-285307,-11.752894,-10.404803,0.405974,0.012790,1,18.372,dense
WALLABY J103818-285307,-11.840291,-10.522125,0.334823,0.000587,1,23.621,dense
WALLABY J103651-260227,-11.840658,-10.454511,0.402631,0.033051,1,3.984,dense
WALLABY J103651-260227,-11.873649,-10.512944,0.361565,0.050385,1,6.640,dense
WALLABY J103651-260227,-11.947026,-10.587612,0.325412,0.049432,1,9.295,dense
WALLABY J103651-260227,-12.039103,-10.685730,0.275419,0.015937,1,11.951,dense
WALLABY J103702-273359,-11.924957,-9.525879,1.375576,0.153449,1,4.875,dense
WALLABY J103702-273359,-11.897406,-9.508273,1.378723,0.023358,1,8.125,dense
WALLABY J103702-273359,-11.914943,-9.632566,1.263636,0.005163,1,11.375,dense
WALLABY J103702-273359,-11.966746,-9.713915,1.209433,0.021766,1,14.625,dense
WALLABY J103702-273359,-12.044276,-9.759149,1.204697,0.063904,1,17.875,dense
WALLABY J103523-281855,-12.029417,-9.756968,1.199129,0.059458,1,5.691,dense
WALLABY J103523-281855,-11.976083,-9.951023,0.977211,0.027833,1,9.485,dense
WALLABY J103523-281855,-11.976289,-10.145501,0.782841,0.009132,1,13.279,dense
WALLABY J103523-281855,-12.001836,-10.288266,0.653431,0.007383,1,17.073,dense
WALLABY J103523-281855,-12.036912,-10.380706,0.579300,0.004245,1,20.866,dense
WALLABY J103523-281855,-12.080339,-10.448494,0.534139,0.000000,1,24.660,dense
WALLABY J103523-281855,-12.138709,-10.513814,0.499162,0.012181,1,28.454,dense
WALLABY J103244-283639,-12.262273,-9.599997,1.476975,0.271195,1,6.672,dense
WALLABY J103244-283639,-12.235830,-9.719626,1.343677,0.023090,1,11.119,dense
WALLABY J103244-283639,-12.254929,-9.855962,1.217215,0.008058,1,15.567,dense
WALLABY J103244-283639,-12.293698,-9.981374,1.111826,0.011289,1,20.015,dense
WALLABY J100342-270137,-11.648276,-10.079162,0.676005,0.240169,1,1.895,field
WALLABY J100342-270137,-11.602162,-10.116893,0.613636,0.145939,1,3.159,field
WALLABY J100342-270137,-11.582464,-10.207549,0.512429,0.073641,1,4.424,field
WALLABY J100342-270137,-11.582095,-10.330059,0.389721,0.041224,1,5.688,field
WALLABY J100342-270137,-11.596212,-10.440558,0.286786,0.015757,1,6.953,field
WALLABY J100342-270137,-11.612203,-10.529030,0.206871,0.003009,1,8.217,field
WALLABY J100342-270137,-11.623731,-10.591231,0.150833,0.003009,1,9.482,field
WALLABY J100342-270137,-11.634549,-10.631666,0.116176,0.001974,1,10.747,field
WALLABY J100342-270137,-11.648477,-10.658528,0.096747,0.001926,1,12.011,field
WALLABY J100342-270137,-11.666086,-10.679189,0.085473,0.007504,1,13.276,field
WALLABY J100342-270137,-11.688259,-10.699223,0.077243,0.012841,1,14.540,field
WALLABY J100342-270137,-11.715501,-10.725408,0.065538,0.013600,1,15.805,field
WALLABY J100342-270137,-11.748381,-10.757022,0.051363,0.010857,1,17.069,field
WALLABY J100342-270137,-11.786340,-10.779058,0.049417,0.018805,1,18.334,field
WALLABY J100342-270137,-11.827895,-10.777235,0.073179,0.050992,1,19.598,field
WALLABY J100342-270137,-11.871207,-10.757290,0.115934,0.099057,1,20.863,field
WALLABY J100351-273417,-11.820617,-9.743145,1.103431,0.018847,1,8.416,field
WALLABY J100351-273417,-11.677239,-9.876387,0.894215,0.022120,1,11.789,field
WALLABY J100351-273417,-11.654351,-9.931317,0.827091,0.028941,1,15.162,field
WALLABY J100351-273417,-11.683000,-10.044541,0.729127,0.043582,1,18.535,field
WALLABY J100351-273417,-11.732276,-10.317496,0.482352,0.116037,1,21.909,field
WALLABY J100426-282638,-11.647730,-10.265744,0.489133,0.023716,1,2.052,field
WALLABY J100426-282638,-11.606774,-10.342114,0.390883,0.068936,1,3.422,field
WALLABY J100426-282638,-11.587354,-10.377841,0.344757,0.066220,1,4.791,field
WALLABY J100426-282638,-11.577337,-10.373396,0.343833,0.021303,1,6.161,field
WALLABY J100426-282638,-11.576371,-10.455747,0.260964,0.056815,1,7.530,field
WALLABY J100426-282638,-11.583773,-10.493400,0.227280,0.032376,1,8.900,field
WALLABY J100426-282638,-11.600511,-10.474415,0.255229,0.048863,1,10.270,field
WALLABY J100426-282638,-11.626401,-10.503866,0.239624,0.073679,1,11.640,field
WALLABY J100426-282638,-11.660672,-10.558750,0.203027,0.071764,1,13.009,field
WALLABY J100426-282638,-11.703518,-10.622246,0.162333,0.059088,1,14.379,field
WALLABY J100426-282638,-11.751645,-10.718435,0.091680,0.012614,1,15.748,field
WALLABY J100426-282638,-11.802264,-10.782111,0.054778,0.003720,1,17.118,field
WALLABY J100539-282633,-11.684078,-10.774814,-0.000572,0.094412,1,2.001,field
WALLABY J100539-282633,-11.662706,-10.972911,-0.210050,0.272910,1,3.336,field
WALLABY J100539-282633,-11.679795,-10.879805,-0.107842,0.063750,1,4.671,field
WALLABY J100539-282633,-11.715249,-10.938684,-0.147873,0.015041,1,6.006,field
WALLABY J100539-282633,-11.761787,-11.039124,-0.223639,0.009545,1,7.342,field
WALLABY J100539-282633,-11.813503,-11.102202,-0.259380,0.060424,1,8.677,field
WALLABY J100539-282633,-11.868755,-11.206971,-0.335037,0.033712,1,10.013,field
WALLABY J100539-282633,-11.929413,-11.213122,-0.309329,0.063784,1,11.348,field
WALLABY J101247-275028,-11.777944,-9.853378,0.970657,0.166196,1,4.741,field
WALLABY J101247-275028,-11.756222,-9.994400,0.818139,0.063542,1,7.906,field
WALLABY J101247-275028,-11.767041,-10.134554,0.683713,0.042250,1,11.070,field
WALLABY J101247-275028,-11.790935,-10.241552,0.589351,0.037217,1,14.235,field
WALLABY J101247-275028,-11.821619,-10.309249,0.537856,0.017661,1,17.399,field
WALLABY J101247-275028,-11.860061,-10.365911,0.501449,0.002102,1,20.564,field
WALLABY J101247-275028,-11.906655,-10.421308,0.470544,0.004171,1,23.730,field
WALLABY J101247-275028,-11.955786,-10.467887,0.449725,0.012401,1,26.895,field
WALLABY J101247-275028,-12.007637,-10.518266,0.426461,0.010877,1,30.059,field
WALLABY J101247-275028,-12.061138,-10.564330,0.408305,0.009351,1,33.224,field
WALLABY J101359-253824,-11.711950,-10.412808,0.376251,0.047417,1,5.447,field
WALLABY J101359-253824,-11.719137,-10.494820,0.298056,0.032102,1,9.082,field
WALLABY J101359-253824,-11.768431,-10.586809,0.232193,0.013787,1,12.717,field
WALLABY J101359-253824,-11.837664,-10.669689,0.185875,0.000836,1,16.352,field
WALLABY J101359-253824,-11.925103,-10.731332,0.170200,0.000812,1,19.987,field
WALLABY J101359-253824,-12.023991,-10.779885,0.173379,0.016582,1,23.622,field
WALLABY J101441-285221,-11.490741,-9.775955,0.894684,0.089043,1,2.068,field
WALLABY J101441-285221,-11.474117,-9.723072,0.938585,0.075902,1,3.449,field
WALLABY J101441-285221,-11.505467,-9.842166,0.836419,0.021359,1,4.829,field
WALLABY J101441-285221,-11.569437,-9.946032,0.766960,0.028894,1,6.210,field
WALLABY J101441-285221,-11.651876,-10.026749,0.730339,0.046824,1,7.590,field
WALLABY J101441-285221,-11.742828,-10.097566,0.707877,0.025117,1,8.971,field
WALLABY J102017-253913,-11.593336,-10.416148,0.309655,0.026138,1,6.307,field
WALLABY J102017-253913,-11.616268,-10.678309,0.059765,0.046325,1,10.516,field
WALLABY J102017-253913,-11.695671,-10.754752,0.025656,0.039835,1,14.726,field
WALLABY J102017-253913,-11.807924,-10.885584,-0.045707,0.044824,1,18.935,field
WALLABY J103023-302336,-11.452570,-11.098577,-0.448579,0.140357,1,7.414,field
WALLABY J103023-302336,-11.466791,-11.025171,-0.367476,0.076725,1,12.363,field
WALLABY J103023-302336,-11.545042,-11.047472,-0.347581,0.212126,1,17.311,field
WALLABY J103023-302336,-11.662756,-11.199104,-0.436216,0.329510,1,22.260,field
WALLABY J103023-302336,-11.793853,-11.438604,-0.606158,0.381677,1,27.208,field
WALLABY J103359-301003,-12.192507,-9.789255,1.251623,0.094764,1,6.242,field
WALLABY J103359-301003,-12.165331,-9.972409,1.054382,0.031927,1,10.409,field
WALLABY J103359-301003,-12.214679,-10.084553,0.967806,0.002257,1,14.575,field
WALLABY J103359-301003,-12.276915,-10.179859,0.904676,0.016439,1,18.741,field
WALLABY J163512-580438,-11.923397,-9.580785,1.319852,0.000000,1,5.454,field
WALLABY J163512-580438,-11.805338,-9.732516,1.105995,0.019126,1,7.639,field
WALLABY J163512-580438,-11.787615,-9.872309,0.956840,0.003445,1,9.826,field
WALLABY J163512-580438,-11.803084,-9.979615,0.857707,0.009254,1,12.013,field
WALLABY J163512-580438,-11.836331,-10.054850,0.800012,0.012377,1,14.198,field
WALLABY J163512-580438,-11.883416,-10.096532,0.783112,0.000432,1,16.385,field
WALLABY J163518-581311,-12.189562,-9.829209,1.210143,0.013406,1,3.314,field
WALLABY J163518-581311,-12.082842,-9.878200,1.105735,0.009462,1,4.642,field
WALLABY J163518-581311,-12.057388,-9.972519,0.998161,0.011160,1,5.971,field
WALLABY J163518-581311,-12.037835,-10.069136,0.891351,0.011907,1,7.300,field
WALLABY J163518-581311,-12.016755,-10.151808,0.797680,0.010778,1,8.628,field
WALLABY J163518-581311,-12.009132,-10.222943,0.722564,0.010249,1,9.957,field
WALLABY J163518-581311,-12.019754,-10.283135,0.667919,0.012252,1,11.285,field
WALLABY J163518-581311,-12.049080,-10.333385,0.632965,0.016157,1,12.613,field
WALLABY J163518-581311,-12.096652,-10.375594,0.615527,0.022586,1,13.942,field
WALLABY J163650-601632,-11.560995,-9.853604,0.854857,0.021777,1,4.508,dense
WALLABY J163650-601632,-11.550191,-10.027755,0.674903,0.004122,1,7.516,dense
WALLABY J163650-601632,-11.575811,-10.182894,0.533518,0.019038,1,10.526,dense
WALLABY J163650-601632,-11.617761,-10.298680,0.440192,0.008992,1,13.535,dense
WALLABY J163650-601632,-11.670452,-10.390634,0.376355,0.009042,1,16.543,dense
WALLABY J163650-601632,-11.731411,-10.482114,0.317274,0.009240,1,19.552,dense
WALLABY J163650-601632,-11.799861,-10.568655,0.266964,0.000000,1,22.562,dense
WALLABY J163650-601632,-11.873736,-10.637697,0.236858,0.003866,1,25.570,dense
WALLABY J163650-601632,-11.949107,-10.737111,0.177002,0.051254,1,28.579,dense
WALLABY J163916-601108,-12.031606,-10.591830,0.365408,0.005899,1,4.392,dense
WALLABY J163916-601108,-12.074612,-10.644199,0.335452,0.023049,1,7.323,dense
WALLABY J163916-601108,-12.152528,-10.758308,0.261842,0.022212,1,10.255,dense
WALLABY J163916-601108,-12.248844,-10.884048,0.185984,0.008340,1,13.187,dense
WALLABY J163924-565221,-11.655828,-10.630752,0.128444,0.105925,1,1.886,field
WALLABY J163924-565221,-11.620573,-10.602839,0.137537,0.030012,1,3.144,field
WALLABY J163924-565221,-11.621595,-10.591325,0.149597,0.013250,1,4.402,field
WALLABY J163924-565221,-11.631208,-10.620438,0.125620,0.009397,1,5.661,field
WALLABY J163924-565221,-11.641657,-10.691620,0.060016,0.015816,1,6.919,field
WALLABY J163924-565221,-11.659171,-10.724284,0.036694,0.001259,1,8.178,field
WALLABY J163924-565221,-11.691591,-10.743483,0.034755,0.039536,1,9.436,field
WALLABY J163924-565221,-11.740769,-10.835787,-0.031436,0.017522,1,10.694,field
WALLABY J163924-565221,-11.800715,-10.921189,-0.085118,0.015674,1,11.953,field
WALLABY J163924-565221,-11.866568,-10.959463,-0.088678,0.072707,1,13.212,field
WALLABY J164052-602341,-11.705092,-9.685706,1.099710,0.033178,1,8.532,dense
WALLABY J164052-602341,-11.666294,-9.908789,0.855984,0.014184,1,14.224,dense
WALLABY J164052-602341,-11.665707,-10.054303,0.710157,0.005594,1,19.920,dense
WALLABY J164052-602341,-11.686392,-10.163148,0.612326,0.003355,1,25.616,dense
WALLABY J164052-602341,-11.724714,-10.260039,0.535797,0.006409,1,31.308,dense
WALLABY J164052-602341,-11.779134,-10.346692,0.477973,0.008812,1,37.003,dense
WALLABY J164052-602341,-11.849700,-10.422773,0.439132,0.015962,1,42.699,dense
WALLABY J164157-622910,-11.635841,-10.201199,0.547333,0.086375,1,5.963,field
WALLABY J164157-622910,-11.673645,-10.292967,0.475721,0.032659,1,9.941,field
WALLABY J164157-622910,-11.772477,-10.490020,0.331124,0.110508,1,13.922,field
WALLABY J164157-622910,-11.902757,-11.101862,-0.212057,0.865961,1,17.902,field
WALLABY J164249-610527,-11.881577,-10.031403,0.847275,0.053099,1,6.116,dense
WALLABY J164249-610527,-11.876009,-10.161983,0.713767,0.012392,1,10.196,dense
WALLABY J164249-610527,-11.927659,-10.251706,0.651166,0.028197,1,14.279,dense
WALLABY J164249-610527,-11.999402,-10.386737,0.553688,0.022783,1,18.362,dense
WALLABY J164740-600851,-11.384503,-10.013040,0.599979,0.057752,1,4.249,field
WALLABY J164740-600851,-11.377515,-10.069994,0.539217,0.017193,1,7.084,field
WALLABY J164740-600851,-11.418988,-10.189294,0.442487,0.018520,1,9.920,field
WALLABY J164740-600851,-11.484355,-10.327384,0.339806,0.021699,1,12.757,field
WALLABY J164740-600851,-11.563038,-10.442414,0.267144,0.013839,1,15.592,field
WALLABY J164740-600851,-11.651492,-10.516984,0.239899,0.019155,1,18.428,field
WALLABY J164740-600851,-11.745215,-10.581145,0.225563,0.011255,1,21.265,field
WALLABY J165103-600109,-11.780793,-10.072495,0.753047,0.004486,1,9.188,field
WALLABY J165103-600109,-11.793594,-10.231734,0.600575,0.009912,1,15.318,field
WALLABY J165103-600109,-11.861513,-10.355847,0.512277,0.002034,1,21.452,field
WALLABY J165103-600109,-11.966572,-10.464048,0.459210,0.003556,1,27.586,field
WALLABY J165644-622413,-11.695099,-10.122047,0.658058,0.075232,1,8.377,field
WALLABY J165644-622413,-11.691240,-10.153804,0.624248,0.040957,1,13.965,field
WALLABY J165644-622413,-11.727304,-10.261954,0.535257,0.037765,1,19.557,field
WALLABY J165644-622413,-11.787866,-10.325090,0.504191,0.014960,1,25.149,field
WALLABY J165644-622413,-11.868500,-10.410876,0.460925,0.019916,1,30.738,field
WALLABY J165644-622413,-11.963398,-10.766090,0.155507,0.409854,1,36.330,field
WALLABY J165724-595238,-11.675183,-10.152489,0.617019,0.040272,1,4.146,field
WALLABY J165724-595238,-11.630852,-10.299105,0.446763,0.014267,1,6.912,field
WALLABY J165724-595238,-11.638954,-10.425453,0.324740,0.018044,1,9.680,field
WALLABY J165724-595238,-11.685942,-10.518420,0.256814,0.030590,1,12.448,field
WALLABY J165724-595238,-11.766412,-10.611218,0.206717,0.025928,1,15.214,field
WALLABY J165804-605308,-11.477711,-11.169803,-0.506203,0.056203,1,1.385,field
WALLABY J165804-605308,-11.475640,-11.136796,-0.474315,0.026667,1,2.308,field
WALLABY J165804-605308,-11.515894,-11.110836,-0.426631,0.046866,1,3.233,field
WALLABY J165804-605308,-11.574451,-11.073751,-0.358069,0.021121,1,4.157,field
WALLABY J165804-605308,-11.640388,-11.051870,-0.300911,0.018629,1,5.081,field
WALLABY J165804-605308,-11.703274,-11.027606,-0.243156,0.045825,1,6.005,field
WALLABY J165804-605308,-11.762813,-10.960365,-0.144336,0.043071,1,6.930,field
WALLABY J165804-605308,-11.825990,-10.889579,-0.040169,0.051276,1,7.853,field
WALLABY J165804-605308,-11.895669,-10.794957,0.091126,0.036905,1,8.778,field
WALLABY J165804-605308,-11.967949,-10.748377,0.175602,0.077234,1,9.702,field
WALLABY J165901-601241,-11.685095,-9.813091,0.961692,0.166326,1,1.508,field
WALLABY J165901-601241,-11.631232,-9.870044,0.876026,0.100189,1,2.514,field
WALLABY J165901-601241,-11.594743,-9.927596,0.798961,0.091229,1,3.521,field
WALLABY J165901-601241,-11.556473,-9.984742,0.721291,0.101083,1,4.528,field
WALLABY J165901-601241,-11.523110,-10.076230,0.611862,0.074015,1,5.534,field
WALLABY J165901-601241,-11.499107,-10.159774,0.515380,0.028659,1,6.541,field
WALLABY J165901-601241,-11.481979,-10.205212,0.460694,0.000000,1,7.548,field
WALLABY J165901-601241,-11.468297,-10.220792,0.437719,0.014476,1,8.554,field
WALLABY J165901-601241,-11.456835,-10.220199,0.432108,0.013032,1,9.561,field
WALLABY J165901-601241,-11.448738,-10.219227,0.428695,0.004334,1,10.568,field
WALLABY J165901-601241,-11.443086,-10.228308,0.416550,0.000598,1,11.574,field
WALLABY J165901-601241,-11.441844,-10.242693,0.401492,0.008161,1,12.581,field
WALLABY J165901-601241,-11.450277,-10.265123,0.383632,0.013815,1,13.588,field
WALLABY J165901-601241,-11.468969,-10.300765,0.358109,0.012152,1,14.594,field
WALLABY J165901-601241,-11.493740,-10.343151,0.329107,0.011754,1,15.601,field
WALLABY J165901-601241,-11.520038,-10.385728,0.300709,0.019142,1,16.608,field
WALLABY J165901-601241,-11.545337,-10.422109,0.277941,0.028468,1,17.614,field
WALLABY J165901-601241,-11.569327,-10.449284,0.263649,0.034646,1,18.621,field
WALLABY J165901-601241,-11.592115,-10.469121,0.256028,0.035737,1,19.628,field
WALLABY J165901-601241,-11.614211,-10.483594,0.253381,0.030034,1,20.634,field
WALLABY J165901-601241,-11.637019,-10.492946,0.256214,0.017787,1,21.641,field
WALLABY J165901-601241,-11.661694,-10.496834,0.265488,0.001164,1,22.647,field
WALLABY J165901-601241,-11.688108,-10.502999,0.273388,0.019506,1,23.654,field
WALLABY J165901-601241,-11.715105,-10.534399,0.256336,0.053595,1,24.660,field
WALLABY J165901-601241,-11.742166,-10.535046,0.270046,0.046858,1,25.667,field
WALLABY J165901-601241,-11.769325,-10.545482,0.273994,0.040281,1,26.673,field
WALLABY J165901-601241,-11.796532,-10.557047,0.276814,0.032170,1,27.680,field
WALLABY J165901-601241,-11.823504,-10.566377,0.281721,0.023536,1,28.687,field
WALLABY J165901-601241,-11.849887,-10.569660,0.292343,0.009399,1,29.693,field
WALLABY J165901-601241,-11.875525,-10.580831,0.294665,0.004957,1,30.700,field
WALLABY J165901-601241,-11.900370,-10.577397,0.311155,0.012416,1,31.707,field
WALLABY J165901-601241,-11.924641,-10.583975,0.317315,0.018743,1,32.713,field
WALLABY J165901-601241,-11.948595,-10.596605,0.317241,0.018196,1,33.720,field
WALLABY J165901-601241,-11.972142,-10.562505,0.363667,0.060340,1,34.727,field
WALLABY J165949-584125,-11.293359,-10.067210,0.495928,0.076839,1,7.553,field
WALLABY J165949-584125,-11.310922,-10.269722,0.303062,0.001202,1,12.592,field
WALLABY J165949-584125,-11.395454,-10.415381,0.203602,0.013215,1,17.635,field
WALLABY J165949-584125,-11.520075,-10.553300,0.133157,0.025455,1,22.677,field
WALLABY J123911+004305,-11.632676,-10.154558,0.592284,0.030584,1,7.556,field
WALLABY J123911+004305,-11.616928,-10.341459,0.396969,0.011094,1,12.603,field
WALLABY J123911+004305,-11.647768,-10.500141,0.254756,0.007944,1,17.646,field
WALLABY J123911+004305,-11.710052,-10.652761,0.135290,0.053591,1,22.690,field
WALLABY J123911+004305,-11.797927,-10.733745,0.100853,0.047679,1,27.737,field
WALLABY J170303-614604,-11.618694,-9.707529,1.031842,0.218071,1,3.286,field
WALLABY J170303-614604,-11.570864,-10.054500,0.659258,0.009248,1,5.477,field
WALLABY J170303-614604,-11.566152,-10.174830,0.536399,0.044879,1,7.671,field
WALLABY J170303-614604,-11.580188,-10.220814,0.497944,0.005778,1,9.864,field
WALLABY J170303-614604,-11.606503,-10.280161,0.452691,0.003731,1,12.056,field
WALLABY J170303-614604,-11.645353,-10.341632,0.411977,0.001228,1,14.249,field
WALLABY J170303-614604,-11.699686,-10.401970,0.380573,0.001838,1,16.443,field
WALLABY J170303-614604,-11.766337,-10.466172,0.351723,0.007434,1,18.634,field
WALLABY J170659-620502,-11.600491,-10.429337,0.300297,0.184023,1,1.940,field
WALLABY J170659-620502,-11.567441,-10.457481,0.254440,0.161940,1,3.235,field
WALLABY J170659-620502,-11.560749,-10.417610,0.290719,0.131892,1,4.530,field
WALLABY J170659-620502,-11.560280,-10.364711,0.343366,0.088732,1,5.825,field
WALLABY J170659-620502,-11.567166,-10.365582,0.346192,0.087484,1,7.120,field
WALLABY J170659-620502,-11.580323,-10.392103,0.326727,0.099050,1,8.415,field
WALLABY J170659-620502,-11.596153,-10.416997,0.310315,0.093266,1,9.710,field
WALLABY J170659-620502,-11.613578,-10.456069,0.280567,0.074109,1,11.004,field
WALLABY J170659-620502,-11.633185,-10.515624,0.231490,0.035519,1,12.300,field
WALLABY J170659-620502,-11.655724,-10.570482,0.188658,0.000818,1,13.595,field
WALLABY J170659-620502,-11.682117,-10.604274,0.168925,0.012188,1,14.889,field
WALLABY J170659-620502,-11.712104,-10.632412,0.156729,0.013685,1,16.185,field
WALLABY J170659-620502,-11.746009,-10.665848,0.141280,0.012075,1,17.480,field
WALLABY J170659-620502,-11.782255,-10.703337,0.122979,0.005677,1,18.774,field
WALLABY J170659-620502,-11.820043,-10.738823,0.107450,0.000000,1,20.069,field
WALLABY J170659-620502,-11.858450,-10.766802,0.099710,0.000818,1,21.365,field
WALLABY J170747-595059,-11.891151,-10.310586,0.573123,0.015777,1,7.249,field
WALLABY J170747-595059,-11.891769,-10.353132,0.530902,0.009456,1,12.085,field
WALLABY J170747-595059,-11.915528,-10.438116,0.458393,0.032100,1,16.925,field
WALLABY J170747-595059,-11.963494,-10.546076,0.375571,0.003771,1,21.764,field
WALLABY J170915-613637,-11.670287,-10.053455,0.713445,0.034131,1,5.699,field
WALLABY J170915-613637,-11.697757,-10.256132,0.525385,0.000681,1,9.502,field
WALLABY J170915-613637,-11.768641,-10.409231,0.409882,0.042571,1,13.306,field
WALLABY J170915-613637,-11.849722,-10.514339,0.347577,0.060138,1,17.111,field
WALLABY J170915-613637,-11.934632,-10.547179,0.359350,0.013481,1,20.913,field
WALLABY J170915-613637,-12.022767,-10.632054,0.320572,0.022789,1,24.718,field
WALLABY J170915-613637,-12.110327,-11.317381,-0.319150,0.928630,1,28.523,field
WALLABY J171804-575135,-11.903800,-10.707472,0.182881,0.100792,1,1.419,field
WALLABY J171804-575135,-11.854696,-10.650409,0.214127,0.040849,1,2.365,field
WALLABY J171804-575135,-11.838050,-10.629039,0.226728,0.005318,1,3.312,field
WALLABY J171804-575135,-11.824550,-10.602340,0.246310,0.015159,1,4.259,field
WALLABY J171804-575135,-11.803514,-10.611258,0.226290,0.005541,1,5.205,field
WALLABY J171804-575135,-11.786617,-10.631436,0.197185,0.007825,1,6.152,field
WALLABY J171804-575135,-11.782581,-10.649126,0.177362,0.014869,1,7.099,field
WALLABY J171804-575135,-11.783361,-10.668263,0.158638,0.015468,1,8.046,field
WALLABY J171804-575135,-11.781385,-10.685043,0.140813,0.012622,1,8.993,field
WALLABY J171804-575135,-11.778114,-10.700304,0.123821,0.008886,1,9.939,field
WALLABY J171804-575135,-11.777233,-10.714624,0.109036,0.004316,1,10.886,field
WALLABY J171804-575135,-11.779715,-10.729534,0.095439,0.001053,1,11.833,field
WALLABY J171804-575135,-11.788154,-10.745253,0.084181,0.005158,1,12.780,field
WALLABY J171804-575135,-11.805572,-10.761954,0.076681,0.009132,1,13.726,field
WALLABY J171804-575135,-11.830681,-10.781844,0.070040,0.016066,1,14.673,field
WALLABY J171804-575135,-11.861339,-10.810010,0.058023,0.024127,1,15.620,field
WALLABY J171804-575135,-11.895555,-10.849745,0.036278,0.031678,1,16.566,field
WALLABY J171804-575135,-11.930031,-10.900870,0.003246,0.037948,1,17.513,field
WALLABY J171829-602453,-11.568694,-10.350066,0.362527,0.020254,1,9.021,field
WALLABY J171829-602453,-11.613406,-10.572810,0.163734,0.063156,1,15.039,field
WALLABY J171829-602453,-11.704714,-10.655202,0.130014,0.028253,1,21.061,field
WALLABY J171829-602453,-11.820843,-10.642300,0.204395,0.062941,1,27.083,field
WALLABY J172007-600928,-11.775587,-9.717948,1.104841,0.216352,1,6.182,field
WALLABY J172007-600928,-11.777214,-10.088243,0.735407,0.030732,1,10.306,field
WALLABY J172007-600928,-11.806688,-10.247540,0.591685,0.005473,1,14.432,field
WALLABY J172007-600928,-11.843674,-10.309882,0.548849,0.007260,1,18.559,field
WALLABY J172007-600928,-11.885253,-10.378048,0.502562,0.000000,1,22.683,field
WALLABY J172007-600928,-11.932886,-10.451147,0.454467,0.005076,1,26.810,field
WALLABY J172007-600928,-11.987833,-10.523024,0.411355,0.002053,1,30.936,field
WALLABY J172007-600928,-12.049562,-10.596575,0.370027,0.022568,1,35.060,field
WALLABY J122708+055255,-11.589900,-10.555840,0.168123,0.044830,1,2.520,field
WALLABY J122708+055255,-11.573794,-10.505757,0.209572,0.017754,1,4.201,field
WALLABY J122708+055255,-11.597249,-10.500723,0.227175,0.037865,1,5.882,field
WALLABY J122708+055255,-11.640589,-10.551089,0.199977,0.060051,1,7.563,field
WALLABY J122708+055255,-11.699003,-10.653436,0.128744,0.085113,1,9.245,field
WALLABY J122708+055255,-11.769098,-11.194813,-0.375458,0.658930,1,10.927,field
WALLABY J122710+071549,-11.621377,-9.436344,1.304461,0.241317,1,1.152,field
WALLABY J122710+071549,-11.607411,-9.793941,0.939396,0.043607,1,1.921,field
WALLABY J122710+071549,-11.589230,-9.958169,0.765435,0.010903,1,2.690,field
WALLABY J122710+071549,-11.565881,-10.018727,0.692357,0.006014,1,3.458,field
WALLABY J122710+071549,-11.558435,-10.064820,0.642267,0.000000,1,4.227,field
WALLABY J122710+071549,-11.571089,-10.106023,0.607855,0.000790,1,4.996,field
WALLABY J122710+071549,-11.602064,-10.143998,0.586478,0.016142,1,5.765,field
WALLABY J122710+071549,-11.652460,-10.176371,0.581029,0.049462,1,6.534,field
WALLABY J122726+061551,-11.860535,-10.243749,0.623860,0.016280,1,4.673,field
WALLABY J122726+061551,-11.761078,-10.329925,0.485186,0.020553,1,6.545,field
WALLABY J122726+061551,-11.782453,-10.450015,0.376405,0.007238,1,8.418,field
WALLABY J122726+061551,-11.863912,-10.708702,0.160684,0.180772,1,10.290,field
WALLABY J122733+061359,-11.685708,-10.316316,0.458793,0.031021,1,10.190,field
WALLABY J122733+061359,-11.717708,-10.429692,0.362425,0.032977,1,16.987,field
WALLABY J122733+061359,-11.790858,-10.545971,0.284892,0.026448,1,23.788,field
WALLABY J122733+061359,-11.900514,-10.686949,0.201679,0.004988,1,30.584,field
WALLABY J122852+041739,-11.908834,-9.969279,0.923717,0.414608,1,6.401,field
WALLABY J122852+041739,-11.897689,-10.235883,0.651261,0.020726,1,10.670,field
WALLABY J122852+041739,-11.918431,-10.400534,0.497499,0.016037,1,14.942,field
WALLABY J122852+041739,-11.948055,-10.470176,0.443387,0.015937,1,19.212,field
WALLABY J122852+041739,-11.987644,-10.543393,0.390887,0.003619,1,23.484,field
WALLABY J122852+041739,-12.038179,-10.615377,0.345289,0.014466,1,27.756,field
WALLABY J122852+041739,-12.094601,-10.687211,0.302843,0.010362,1,32.025,field
WALLABY J122852+041739,-12.152028,-10.768208,0.251682,0.023883,1,36.297,field
WALLABY J122932+005020,-12.212848,-10.737434,0.313977,0.067391,1,3.812,field
WALLABY J122932+005020,-12.214231,-10.770314,0.281814,0.019570,1,6.358,field
WALLABY J122932+005020,-12.264550,-10.849883,0.228265,0.008365,1,8.902,field
WALLABY J122932+005020,-12.348374,-10.956280,0.165111,0.051420,1,11.447,field
WALLABY J123026+041450,-11.590032,-9.695585,1.028449,0.043890,1,4.131,field
WALLABY J123026+041450,-11.559715,-9.897690,0.810084,0.002119,1,6.887,field
WALLABY J123026+041450,-11.562532,-10.046585,0.662701,0.001062,1,9.644,field
WALLABY J123026+041450,-11.600897,-10.151490,0.578361,0.002115,1,12.400,field
WALLABY J123026+041450,-11.673951,-10.233948,0.534904,0.006835,1,15.157,field
WALLABY J123026+041450,-11.768064,-10.360212,0.458597,0.046422,1,17.914,field
WALLABY J123138+035620,-11.733635,-10.490267,0.310301,0.037765,1,3.053,field
WALLABY J123138+035620,-11.641619,-10.440178,0.311438,0.011504,1,5.090,field
WALLABY J123138+035620,-11.568460,-10.452363,0.260105,0.009859,1,7.128,field
WALLABY J123138+035620,-11.523730,-10.486917,0.201509,0.025334,1,9.164,field
WALLABY J123138+035620,-11.505694,-10.536927,0.141780,0.029473,1,11.202,field
WALLABY J123138+035620,-11.509091,-10.597462,0.083077,0.017953,1,13.240,field
WALLABY J123138+035620,-11.528588,-10.660453,0.030588,0.002567,1,15.277,field
WALLABY J123138+035620,-11.555780,-10.717407,-0.011746,0.006866,1,17.315,field
WALLABY J123138+035620,-11.584808,-10.762305,-0.041070,0.018808,1,19.353,field
WALLABY J123138+035620,-11.613925,-10.789666,-0.052844,0.040282,1,21.389,field
WALLABY J123138+035620,-11.644350,-10.801115,-0.048041,0.069065,1,23.427,field
WALLABY J123138+035620,-11.678856,-10.798389,-0.026926,0.103329,1,25.464,field
WALLABY J123138+035620,-11.718416,-10.804297,-0.011804,0.124192,1,27.501,field
WALLABY J123138+035620,-11.762317,-10.838359,-0.022592,0.116315,1,29.539,field
WALLABY J123228+002315,-11.735549,-10.674605,0.126978,0.056297,1,2.859,field
WALLABY J123228+002315,-11.679846,-10.663671,0.108319,0.004612,1,4.769,field
WALLABY J123228+002315,-11.642796,-10.667013,0.085230,0.007825,1,6.677,field
WALLABY J123228+002315,-11.611465,-10.678830,0.056675,0.010493,1,8.586,field
WALLABY J123228+002315,-11.592879,-10.700938,0.024620,0.007572,1,10.496,field
WALLABY J123228+002315,-11.587028,-10.736440,-0.014016,0.002073,1,12.404,field
WALLABY J123228+002315,-11.588889,-10.778107,-0.054686,0.011136,1,14.313,field
WALLABY J123228+002315,-11.597559,-10.824442,-0.096378,0.016048,1,16.223,field
WALLABY J123228+002315,-11.615118,-10.874755,-0.137296,0.020106,1,18.131,field
WALLABY J123228+002315,-11.642544,-10.925286,-0.173177,0.025338,1,20.040,field
WALLABY J123228+002315,-11.678014,-10.966849,-0.195835,0.020318,1,21.950,field
WALLABY J123228+002315,-11.719241,-10.990954,-0.198023,0.003005,1,23.858,field
WALLABY J123228+002315,-11.765533,-11.001634,-0.184165,0.045869,1,25.767,field
WALLABY J123228+002315,-11.814996,-11.000123,-0.156513,0.106224,1,27.677,field
WALLABY J123236+023943,-11.898415,-10.811726,0.075799,0.106868,1,3.065,field
WALLABY J123236+023943,-11.853498,-10.819161,0.044744,0.047959,1,5.110,field
WALLABY J123236+023943,-11.850015,-10.815670,0.046401,0.035880,1,7.156,field
WALLABY J123236+023943,-11.869525,-10.827340,0.045000,0.037416,1,9.201,field
WALLABY J123236+023943,-11.902580,-10.863931,0.025782,0.040341,1,11.246,field
WALLABY J123236+023943,-11.944247,-10.919046,-0.007478,0.039537,1,13.292,field
WALLABY J123236+023943,-11.993627,-10.988627,-0.051219,0.026170,1,15.337,field
WALLABY J123236+023943,-12.048379,-11.077325,-0.111340,0.000000,1,17.383,field
WALLABY J123407+023905,-11.653937,-9.793377,0.964810,0.345605,1,3.067,field
WALLABY J123407+023905,-11.595567,-9.984872,0.742126,0.286811,1,5.112,field
WALLABY J123407+023905,-11.574202,-9.956815,0.758733,0.063949,1,7.159,field
WALLABY J123407+023905,-11.570241,-10.032149,0.681274,0.048136,1,9.204,field
WALLABY J123407+023905,-11.572598,-10.073517,0.641171,0.019279,1,11.250,field
WALLABY J123407+023905,-11.582113,-10.151192,0.568598,0.019903,1,13.297,field
WALLABY J123407+023905,-11.597433,-10.218960,0.509037,0.013869,1,15.342,field
WALLABY J123407+023905,-11.613276,-10.343380,0.393094,0.078507,1,17.389,field
WALLABY J123407+023905,-11.628537,-10.356247,0.388384,0.034209,1,19.436,field
WALLABY J123407+023905,-11.644532,-10.409376,0.343794,0.039997,1,21.481,field
WALLABY J123407+023905,-11.661264,-10.416020,0.346074,0.005725,1,23.528,field
WALLABY J123407+023905,-11.679263,-10.450662,0.321018,0.005714,1,25.573,field
WALLABY J123407+023905,-11.699324,-10.477887,0.304464,0.004642,1,27.620,field
WALLABY J123407+023905,-11.721358,-10.502765,0.291290,0.005634,1,29.666,field
WALLABY J123407+023905,-11.744749,-10.495606,0.310855,0.017195,1,31.712,field
WALLABY J123407+023905,-11.769084,-10.536135,0.283213,0.018459,1,33.758,field
WALLABY J123407+023905,-11.793708,-10.509422,0.322947,0.004228,1,35.805,field
WALLABY J123407+023905,-11.818535,-10.553024,0.292453,0.053806,1,37.850,field
WALLABY J123407+023905,-11.843665,-10.549866,0.308860,0.061543,1,39.897,field
WALLABY J123407+023905,-11.868949,-10.566928,0.305109,0.081619,1,41.942,field
WALLABY J123407+023905,-11.894203,-10.565188,0.320125,0.073663,1,43.989,field
WALLABY J123407+023905,-11.918806,-10.567490,0.330739,0.062010,1,46.035,field
WALLABY J123407+023905,-11.942855,-10.616106,0.294732,0.096714,1,48.081,field
WALLABY J123407+023905,-11.966828,-10.630551,0.292841,0.094938,1,50.127,field
WALLABY J123407+023905,-11.990666,-10.648375,0.287485,0.096358,1,52.173,field
WALLABY J123407+023905,-12.014014,-10.665543,0.282514,0.096865,1,54.219,field
WALLABY J123407+023905,-12.037171,-10.744143,0.215998,0.167924,1,56.266,field
WALLABY J123407+023905,-12.060493,-10.773009,0.199289,0.181496,1,58.311,field
WALLABY J123427+021108,-11.384651,-9.691798,0.921302,0.190892,1,3.151,field
WALLABY J123427+021108,-11.392143,-9.816789,0.800392,0.060227,1,5.252,field
WALLABY J123427+021108,-11.446004,-9.916245,0.730195,0.009424,1,7.355,field
WALLABY J123427+021108,-11.505730,-10.055757,0.622969,0.012470,1,9.456,field
WALLABY J123427+021108,-11.556817,-10.187456,0.518762,0.053645,1,11.559,field
WALLABY J123427+021108,-11.593456,-10.285523,0.440344,0.076986,1,13.662,field
WALLABY J123427+021108,-11.618687,-10.354740,0.384627,0.080579,1,15.764,field
WALLABY J123427+021108,-11.629494,-10.408531,0.336611,0.076379,1,17.866,field
WALLABY J123427+021108,-11.632625,-10.448019,0.298796,0.063884,1,19.969,field
WALLABY J123427+021108,-11.636362,-10.476943,0.271867,0.046110,1,22.071,field
WALLABY J123427+021108,-11.641287,-10.497652,0.253787,0.024817,1,24.174,field
WALLABY J123427+021108,-11.652363,-10.525993,0.231354,0.016209,1,26.275,field
WALLABY J123427+021108,-11.670274,-10.550533,0.216361,0.006639,1,28.378,field
WALLABY J123427+021108,-11.692276,-10.549535,0.229068,0.024527,1,30.481,field
WALLABY J123427+021108,-11.718423,-10.569472,0.223024,0.032190,1,32.582,field
WALLABY J123427+021108,-11.749959,-10.543418,0.265804,0.080903,1,34.685,field
WALLABY J123630+001315,-11.773715,-10.501417,0.320382,0.013860,1,5.814,field
WALLABY J123630+001315,-11.754813,-10.611100,0.200693,0.022324,1,9.698,field
WALLABY J123630+001315,-11.792191,-10.742205,0.089362,0.012964,1,13.580,field
WALLABY J123630+001315,-11.864930,-10.851386,0.018536,0.008975,1,17.461,field
WALLABY J123630+001315,-11.967657,-10.976316,-0.052491,0.033327,1,21.345,field
WALLABY J123641+030621,-12.035388,-10.395690,0.563521,0.332368,1,2.787,field
WALLABY J123641+030621,-11.988185,-10.706181,0.228381,0.157033,1,4.645,field
WALLABY J123641+030621,-11.963852,-10.884074,0.037760,0.013572,1,6.505,field
WALLABY J123641+030621,-11.962935,-10.968137,-0.046783,0.089002,1,8.364,field
WALLABY J123641+030621,-11.988472,-11.032566,-0.097854,0.110781,1,10.224,field
WALLABY J123641+030621,-12.036421,-11.072075,-0.112326,0.072640,1,12.084,field
WALLABY J123703+065533,-11.479449,-10.556142,0.108398,0.067346,1,2.951,field
WALLABY J123703+065533,-11.516571,-10.617693,0.066877,0.093319,1,4.919,field
WALLABY J123703+065533,-11.610960,-10.546605,0.188631,0.040244,1,6.888,field
WALLABY J123703+065533,-11.719070,-10.603683,0.189156,0.110548,1,8.856,field
WALLABY J123805-000137,-11.738522,-9.975584,0.827576,0.059751,1,5.843,field
WALLABY J123805-000137,-11.772933,-10.086920,0.734464,0.031555,1,9.746,field
WALLABY J123805-000137,-11.841330,-10.225398,0.632097,0.023594,1,13.646,field
WALLABY J123805-000137,-11.925438,-10.321510,0.580198,0.016215,1,17.546,field
WALLABY J123805-000137,-12.011666,-10.419613,0.527217,0.028460,1,21.449,field
WALLABY J123805-000137,-12.097413,-10.512663,0.478854,0.045951,1,25.350,field
WALLABY J123835+012413,-11.890152,-9.988846,0.894338,0.227845,1,7.716,field
WALLABY J123835+012413,-11.888772,-10.341515,0.540944,0.016791,1,12.871,field
WALLABY J123835+012413,-11.921561,-10.463509,0.436165,0.026378,1,18.022,field
WALLABY J123835+012413,-11.981324,-10.510882,0.420094,0.023396,1,23.173,field
WALLABY J123835+012413,-12.059360,-10.599864,0.371843,0.021685,1,28.327,field
WALLABY J123835+012413,-12.142479,-10.718148,0.296785,0.050657,1,33.478,field
WALLABY J123917-003149,-11.453055,-10.463306,0.186953,0.006986,1,1.310,field
WALLABY J123917-003149,-11.425256,-10.382008,0.253178,0.036123,1,2.186,field
WALLABY J123917-003149,-11.424608,-10.358691,0.276143,0.040525,1,3.060,field
WALLABY J123917-003149,-11.430842,-10.389149,0.249069,0.050585,1,3.935,field
WALLABY J123917-003149,-11.442733,-10.421398,0.223270,0.048641,1,4.810,field
WALLABY J123917-003149,-11.459388,-10.447726,0.205963,0.047218,1,5.685,field
WALLABY J123917-003149,-11.478313,-10.472273,0.191653,0.045217,1,6.560,field
WALLABY J123917-003149,-11.498096,-10.495681,0.178927,0.043632,1,7.435,field
WALLABY J123917-003149,-11.519131,-10.518982,0.166967,0.040422,1,8.310,field
WALLABY J123917-003149,-11.541146,-10.541986,0.155810,0.037555,1,9.184,field
WALLABY J123917-003149,-11.562968,-10.566248,0.143273,0.035008,1,10.060,field
WALLABY J123917-003149,-11.584332,-10.590244,0.130735,0.032654,1,10.934,field
WALLABY J123917-003149,-11.604208,-10.613463,0.118160,0.031350,1,11.809,field
WALLABY J123917-003149,-11.622720,-10.637171,0.104352,0.028343,1,12.684,field
WALLABY J123917-003149,-11.641115,-10.659755,0.091592,0.026321,1,13.559,field
WALLABY J123917-003149,-11.658681,-10.683282,0.077434,0.022596,1,14.434,field
WALLABY J123917-003149,-11.675437,-10.707045,0.062598,0.018941,1,15.309,field
WALLABY J123917-003149,-11.691896,-10.731176,0.047225,0.015333,1,16.184,field
WALLABY J123917-003149,-11.707877,-10.754939,0.031957,0.010835,1,17.058,field
WALLABY J123917-003149,-11.723872,-10.780289,0.015100,0.005440,1,17.934,field
WALLABY J123917-003149,-11.740149,-10.806428,-0.002406,0.000000,1,18.808,field
WALLABY J123917-003149,-11.756563,-10.833500,-0.020780,0.006441,1,19.683,field
WALLABY J123917-003149,-11.773308,-10.860716,-0.039133,0.012077,1,20.558,field
WALLABY J123917-003149,-11.790369,-10.885339,-0.054734,0.014976,1,21.433,field
WALLABY J123917-003149,-11.807888,-10.910231,-0.070373,0.015106,1,22.308,field
WALLABY J123917-003149,-11.825910,-10.934531,-0.085164,0.011429,1,23.183,field
WALLABY J123917-003149,-11.844055,-10.955391,-0.096459,0.008619,1,24.058,field
WALLABY J123917-003149,-11.861972,-10.968988,-0.100622,0.008600,1,24.932,field
WALLABY J123917-003149,-11.879280,-10.977309,-0.099839,0.010431,1,25.808,field
WALLABY J123917-003149,-11.896159,-10.981417,-0.095076,0.012181,1,26.682,field
WALLABY J123917-003149,-11.912619,-10.983329,-0.088346,0.012936,1,27.557,field
WALLABY J123917-003149,-11.928594,-10.984068,-0.080705,0.011836,1,28.432,field
WALLABY J123917-003149,-11.944268,-10.983676,-0.072098,0.008964,1,29.307,field
WALLABY J123917-003149,-11.959931,-10.981342,-0.061561,0.005286,1,30.182,field
WALLABY J123917-003149,-11.975693,-10.978044,-0.050014,0.000000,1,31.057,field
WALLABY J123917-003149,-11.991589,-10.974672,-0.038330,0.007649,1,31.932,field
WALLABY J123917-003149,-12.007812,-10.970409,-0.025591,0.015853,1,32.806,field
WALLABY J123917-003149,-12.024273,-10.966134,-0.012722,0.026222,1,33.682,field
WALLABY J123917-003149,-12.041038,-10.961837,0.000321,0.037835,1,34.556,field
WALLABY J123917-003149,-12.058226,-10.956741,0.014376,0.049792,1,35.431,field
WALLABY J123917-003149,-12.075790,-10.935525,0.044740,0.048763,1,36.306,field
WALLABY J123917-003149,-12.093617,-10.921077,0.068465,0.060720,1,37.181,field
WALLABY J123917-003149,-12.111560,-10.921603,0.077270,0.094476,1,38.056,field
WALLABY J123917-003149,-12.129598,-10.930746,0.077499,0.143423,1,38.931,field
WALLABY J123917-003149,-12.147647,-10.918003,0.099613,0.171151,1,39.806,field
WALLABY J123917-003149,-12.165446,-10.868848,0.158002,0.159986,1,40.680,field
WALLABY J124111-013526,-11.953062,-10.442891,0.473294,0.041110,1,6.101,field
WALLABY J124111-013526,-11.944333,-10.520715,0.390897,0.016068,1,10.176,field
WALLABY J124111-013526,-11.987711,-10.628493,0.305822,0.037579,1,14.249,field
WALLABY J124111-013526,-12.062512,-10.728330,0.245020,0.045626,1,18.322,field
WALLABY J124111-013526,-12.157244,-10.824900,0.197696,0.046974,1,22.397,field
WALLABY J124111+012435,-11.576627,-10.161083,0.555766,0.127190,1,2.998,dense
WALLABY J124111+012435,-11.635744,-10.383278,0.365202,0.113058,1,5.001,dense
WALLABY J124111+012435,-11.742238,-10.566108,0.239022,0.083911,1,7.002,dense
WALLABY J124111+012435,-11.849993,-10.674156,0.187904,0.053225,1,9.003,dense
WALLABY J124111+012435,-11.943960,-10.755738,0.155679,0.040504,1,11.006,dense
WALLABY J124111+012435,-12.030456,-10.840762,0.115876,0.067341,1,13.007,dense
WALLABY J124231+035729,-11.489679,-9.737943,0.932123,0.024987,1,0.945,dense
WALLABY J124231+035729,-11.506348,-9.753292,0.925768,0.055342,1,1.575,dense
WALLABY J124231+035729,-11.584571,-9.826699,0.894409,0.045715,1,2.205,dense
WALLABY J124231+035729,-11.700764,-9.925554,0.857562,0.041767,1,2.835,dense
WALLABY J124231+035729,-11.830782,-10.097761,0.754176,0.078963,1,3.465,dense
WALLABY J124232-012111,-11.660081,-10.488995,0.272467,0.100132,1,1.390,field
WALLABY J124232-012111,-11.638437,-10.506724,0.243194,0.011041,1,2.319,field
WALLABY J124232-012111,-11.646416,-10.515352,0.238824,0.012565,1,3.247,field
WALLABY J124232-012111,-11.662399,-10.555129,0.207569,0.039152,1,4.175,field
WALLABY J124232-012111,-11.686107,-10.601290,0.174032,0.047026,1,5.103,field
WALLABY J124232-012111,-11.712775,-10.635960,0.153537,0.015889,1,6.031,field
WALLABY J124232-012111,-11.739643,-10.658008,0.145746,0.008850,1,6.959,field
WALLABY J124232-012111,-11.772225,-10.672860,0.148151,0.001208,1,7.888,field
WALLABY J124232-012111,-11.811051,-10.657140,0.184387,0.010100,1,8.816,field
WALLABY J124232-012111,-11.854605,-10.616190,0.248298,0.022402,1,9.744,field
WALLABY J124232-012111,-11.903905,-10.560348,0.330060,0.049269,1,10.673,field
WALLABY J124232-012111,-11.956343,-10.501583,0.416320,0.099781,1,11.601,field
WALLABY J124240+012047,-11.839027,-9.976333,0.879950,0.030881,1,7.344,field
WALLABY J124240+012047,-11.793141,-10.156871,0.675198,0.017126,1,12.251,field
WALLABY J124240+012047,-11.809307,-10.322001,0.518606,0.002188,1,17.153,field
WALLABY J124240+012047,-11.876734,-10.469196,0.406935,0.048572,1,22.056,field
WALLABY J124240+012047,-11.975517,-10.616145,0.311793,0.022036,1,26.962,field
WALLABY J124257-011345,-11.644817,-10.098255,0.655067,0.202158,1,5.189,field
WALLABY J124257-011345,-11.622589,-10.176947,0.564506,0.075586,1,8.655,field
WALLABY J124257-011345,-11.633644,-10.256679,0.490679,0.023541,1,12.118,field
WALLABY J124257-011345,-11.659902,-10.333863,0.427505,0.011054,1,15.582,field
WALLABY J124257-011345,-11.696423,-10.397557,0.383251,0.003397,1,19.048,field
WALLABY J124257-011345,-11.740498,-10.456075,0.348133,0.001671,1,22.512,field
WALLABY J124257-011345,-11.792497,-10.517671,0.314058,0.001114,1,25.976,field
WALLABY J124257-011345,-11.850449,-10.587232,0.275067,0.009066,1,29.442,field
WALLABY J124257-011345,-11.910715,-10.668449,0.225535,0.028835,1,32.905,field
WALLABY J124257-011345,-11.969405,-10.741848,0.182892,0.038983,1,36.369,field
WALLABY J124317-003841,-11.505625,-9.924055,0.754615,0.024641,1,4.382,field
WALLABY J124317-003841,-11.518021,-10.031636,0.653715,0.002999,1,7.308,field
WALLABY J124317-003841,-11.585506,-10.106462,0.615146,0.034257,1,10.233,field
WALLABY J124317-003841,-11.683189,-10.186307,0.587462,0.060363,1,13.158,field
WALLABY J124317-003841,-11.800522,-10.450032,0.385936,0.288002,1,16.085,field
WALLABY J124350-003344,-11.614995,-9.897945,0.839448,0.016011,1,4.343,field
WALLABY J124350-003344,-11.546117,-10.074654,0.625815,0.003798,1,7.245,field
WALLABY J124350-003344,-11.520610,-10.203300,0.483445,0.004343,1,10.144,field
WALLABY J124350-003344,-11.519968,-10.301385,0.385015,0.011638,1,13.043,field
WALLABY J124350-003344,-11.538692,-10.374033,0.322444,0.009035,1,15.944,field
WALLABY J124350-003344,-11.574045,-10.431070,0.284394,0.004733,1,18.844,field
WALLABY J124350-003344,-11.624763,-10.489092,0.253523,0.017666,1,21.743,field
WALLABY J124350-003344,-11.685118,-10.562539,0.212256,0.018660,1,24.644,field
WALLABY J124350-003344,-11.748730,-10.654036,0.154535,0.006959,1,27.544,field
WALLABY J124350-003344,-11.814015,-10.748974,0.094118,0.000000,1,30.443,field
WALLABY J124433-021916,-11.568474,-10.565731,0.146745,0.184246,1,2.921,field
WALLABY J124433-021916,-11.553568,-10.709138,-0.004665,0.099359,1,4.873,field
WALLABY J124433-021916,-11.573556,-10.834744,-0.119543,0.014085,1,6.823,field
WALLABY J124433-021916,-11.611662,-10.970947,-0.235336,0.079109,1,8.773,field
WALLABY J124433-021916,-11.661860,-11.024914,-0.262503,0.066815,1,10.725,field
WALLABY J124433-021916,-11.721777,-10.946653,-0.152376,0.095349,1,12.675,field
WALLABY J124433-021916,-11.791498,-10.758603,0.072599,0.285939,1,14.625,field
WALLABY J124433-021916,-11.868897,-10.455285,0.416725,0.449539,1,16.576,field
WALLABY J124508-002747,-11.228401,-9.923262,0.604048,0.011841,1,2.865,field
WALLABY J124508-002747,-11.194711,-10.114715,0.393916,0.057960,1,4.778,field
WALLABY J124508-002747,-11.185701,-10.081576,0.422047,0.101601,1,6.690,field
WALLABY J124508-002747,-11.184146,-10.053455,0.449303,0.082210,1,8.602,field
WALLABY J124508-002747,-11.192708,-10.056969,0.450549,0.019050,1,10.516,field
WALLABY J124508-002747,-11.211861,-10.051765,0.466383,0.033425,1,12.428,field
WALLABY J124508-002747,-11.240933,-10.061843,0.472399,0.058083,1,14.340,field
WALLABY J124508-002747,-11.279044,-10.105662,0.449601,0.053438,1,16.254,field
WALLABY J124508-002747,-11.323122,-10.163657,0.415818,0.046508,1,18.166,field
WALLABY J124508-002747,-11.370770,-10.220064,0.385468,0.053950,1,20.078,field
WALLABY J124508-002747,-11.420472,-10.274104,0.358483,0.067201,1,21.992,field
WALLABY J124508-002747,-11.470574,-10.322283,0.337459,0.078794,1,23.904,field
WALLABY J124508-002747,-11.520182,-10.365962,0.320553,0.089110,1,25.816,field
WALLABY J124508-002747,-11.568895,-10.401246,0.311456,0.092844,1,27.730,field
WALLABY J124508-002747,-11.616227,-10.424570,0.313483,0.087093,1,29.642,field
WALLABY J124508-002747,-11.661850,-10.453595,0.308811,0.090097,1,31.554,field
WALLABY J124508-002747,-11.705745,-10.481042,0.304721,0.093113,1,33.467,field
WALLABY J124508-002747,-11.747858,-10.489791,0.318317,0.076695,1,35.380,field
WALLABY J124508-002747,-11.788036,-10.508504,0.320868,0.071731,1,37.292,field
WALLABY J124508-002747,-11.826355,-10.547417,0.302186,0.089579,1,39.205,field
WALLABY J124519-004538,-11.879293,-10.925569,-0.048092,0.203825,1,11.607,field
WALLABY J124519-004538,-11.915336,-11.057983,-0.161575,0.257093,1,19.360,field
WALLABY J124519-004538,-12.008398,-11.574570,-0.629445,0.016562,1,27.108,field
WALLABY J124519-004538,-12.127430,-11.642424,-0.635305,0.054396,1,34.856,field
WALLABY J124645+055723,-11.480299,-9.971201,0.693798,0.043504,1,1.017,field
WALLABY J124645+055723,-11.491239,-10.027047,0.643860,0.053280,1,1.695,field
WALLABY J124645+055723,-11.533281,-10.045615,0.647951,0.002139,1,2.373,field
WALLABY J124645+055723,-11.588594,-10.053882,0.669381,0.050477,1,3.052,field
WALLABY J124645+055723,-11.654382,-10.037088,0.721336,0.069284,1,3.730,field
WALLABY J124645+055723,-11.732881,-10.025201,0.774967,0.091995,1,4.409,field
WALLABY J124753-011107,-11.760735,-10.125903,0.689026,0.081041,1,12.107,field
WALLABY J124753-011107,-11.774199,-10.378226,0.443829,0.020975,1,20.194,field
WALLABY J124753-011107,-11.844499,-10.481401,0.377764,0.041971,1,28.276,field
WALLABY J124753-011107,-11.942966,-10.806826,0.104070,0.273116,1,36.357,field
