recno,6dFGS,Group,DL,r/R200,dv/sigma,log(M*),log(MHI),dHI,dopt,dNUV,SFR,f_SFR,SimbadName,_RA,_DE
1,g1006222-264958,field,68.2797380686706,4.842023653337419,1.175000000000000,8.89392236534249,8.7,12.85878692634398,18.8081252697021,14.57111905569369,-0.381733370754934,0,6dFGS gJ1006222-264958,151.5925000,-26.8327500
2,g1010470-285406,field,63.1029750295026,4.193848756175539,0.667603550295858,10.15428330886891,8.9,16.23304527765459,51.1825459821546,,,1,6dFGS gJ1010470-285406,152.6960000,-28.9015833
3,g1019338-264156,field,35.9756149129677,2.786206398105734,2.005473372781065,10.55764104556155,8.4,9.06567195738355,150.2728421343825,71.73280816848801,,0,6dFGS gJ1019338-264156,154.8909583,-26.6988889
4,g1023024-260448,infall,54.0534600222414,2.408704882222065,0.221449704142012,9.39479189836173,8.6,11.44458370758711,23.5512530318743,29.84831525144209,-0.202665116443399,0,6dFGS gJ1023024-260448,155.7599583,-26.0800278
5,g1025185-295118,infall,59.5612720620058,2.439917614986203,0.319970414201184,8.75066080032931,8.6,11.44458370758711,21.6178524923793,18.09271911940494,-1.006983334831038,0,6dFGS gJ1025185-295118,156.3269583,-29.8550833
6,g1030385-273535,cluster,56.3050374033586,0.959705218160229,0.453698224852071,10.06881805919136,8.8,14.44774274380104,65.5122146062530,24.23628669260304,,1,6dFGS gJ1030385-273535,157.6605833,-27.5929444
7,g1030494-283431,infall,56.3847832242097,1.191672503558663,0.007840236686391,9.59325022504506,8.6,11.44458370758711,24.9408333171909,,-1.758171504539677,1,6dFGS gJ1030494-283431,157.7058750,-28.5753056
8,g1031024-284260,infall,54.3090659734580,1.232386954728236,0.196301775147929,10.72627378896531,8.8,14.44774274380104,71.5631442361056,26.75132743842541,-0.785999202619839,1,6dFGS gJ1031024-284260,157.7600000,-28.7166389
9,g1031031-281826,infall,61.0226676333192,1.051778853409185,0.463461538461539,10.03262462805254,8.8,14.44774274380104,35.8540404233899,6.44762612129729,-1.426143063699505,1,6dFGS gJ1031031-281826,157.7627083,-28.3072222
10,g1031141-283956,infall,56.3998298405582,1.185082635764674,0.009319526627219,10.26815943510352,8.8,14.44774274380104,32.5502079526503,7.28192258011011,,0,6dFGS gJ1031141-283956,157.8087500,-28.6654444
11,g1031330-283858,infall,51.6488143649854,1.141494088693248,0.458136094674556,9.35022473433738,8.5,10.18591388054117,24.0296570823691,15.55243077226044,-0.792162114851595,0,6dFGS gJ1031330-283858,157.8875000,-28.6493611
12,g1031484-263356,infall,62.0475692889952,1.036479604437437,0.564053254437870,10.65464145281946,8.9,16.23304527765459,67.4067289627358,,,1,6dFGS gJ1031484-263356,157.9514583,-26.5654167
13,g1031494-285760,infall,55.0308933571224,1.283987125588718,0.125295857988165,9.78059303570689,8.6,11.44458370758711,28.6083861761043,9.55155437552811,-1.630916520011524,1,6dFGS gJ1031494-285760,157.9559167,-28.9665556
14,g1031546-283738,infall,51.6187683944413,1.090477339474316,0.461094674556213,10.43306113600867,8.7,12.85878692634398,46.5100956632643,15.83372786198897,-1.165863479892176,1,6dFGS gJ1031546-283738,157.9774167,-28.6270833
15,g1032065-262753,infall,70.5161474570461,1.051560083745547,1.393934911242604,9.66321691073432,8.8,14.44774274380104,23.5116474222937,12.51788305101095,-0.677037246806165,0,6dFGS gJ1032065-262753,158.0271667,-26.4648056
16,g1032067-260151,infall,47.0252567221307,1.293130192949790,0.913757396449704,8.76077079930834,8.4,9.06567195738355,36.7489116137541,21.48846860502578,-1.434289306418344,0,6dFGS gJ1032067-260151,158.0280417,-26.0309167
17,g1032240-284743,infall,56.8964100403701,1.132187951606441,0.058136094674556,9.07018240140655,8.6,11.44458370758711,31.1362686700704,14.91151125512627,-1.091205828303274,0,6dFGS gJ1032240-284743,158.0997917,-28.7953889
18,g1032280-273145,cluster,56.3050374033586,0.669932614187168,0.232692307692308,9.88165500471926,8.6,11.44458370758711,24.6359543132862,11.90706915823885,-1.291434947683211,1,6dFGS gJ1032280-273145,158.1165417,-27.5292778
19,g1032295-261153,infall,44.2365438253514,1.160329028985645,1.188905325443787,9.58268850576870,8.4,9.06567195738355,40.8148764002903,21.07387935448525,-1.244987814190707,0,6dFGS gJ1032295-261153,158.1227083,-26.1981389
20,g1033065-262518,cluster,56.3050374033586,0.972935816478612,1.104585798816568,9.48765716222701,8.6,11.44458370758711,40.0027464288167,20.33601161866309,-0.845272380771987,0,6dFGS gJ1033065-262518,158.2771667,-26.4215833
21,g1033073-270532,cluster,56.3050374033586,0.645702481973062,0.785946745562130,,,,77.1142473451375,,,1,6dFGS gJ1033073-270532,158.2805833,-27.0922778
22,g1033075-270546,cluster,56.3050374033586,0.643980013072057,0.593639053254438,10.22240462832692,8.8,14.44774274380104,77.4295236057814,28.94452147772530,-1.073376166955571,1,6dFGS gJ1033075-270546,158.2813333,-27.0960833
23,g1033102-243234,infall,56.9716565528900,2.203605458511057,0.065532544378698,9.89323523483782,8.7,12.85878692634398,78.1253065170071,42.62595016508192,-0.967007444125946,0,6dFGS gJ1033102-243234,158.2925000,-24.5428056
24,g1033301-265351,cluster,56.3050374033586,0.676830806321106,0.329437869822485,10.62634298052548,8.8,14.44774274380104,67.0189333659905,16.87888118683290,-0.965284718453179,1,6dFGS gJ1033301-265351,158.3752083,-26.8975278
25,g1033339-261803,infall,44.4313697267989,1.006247746641799,1.169674556213018,9.29514179010396,8.4,9.06567195738355,24.0260702908141,7.37112739966229,-1.466288097353732,0,6dFGS gJ1033339-261803,158.3912500,-26.3008333
26,g1033359-270122,cluster,56.3050374033586,0.608498328071695,1.217011834319526,9.56952361902252,8.6,11.44458370758711,43.3082141704253,13.90733086719835,-0.841395461875735,0,6dFGS gJ1033359-270122,158.3995000,-27.0228056
27,g1033410-282034,cluster,56.3050374033586,0.753551231915536,0.632692307692307,9.19972623320843,8.6,11.44458370758711,33.7006459003749,5.63543140476937,-1.641424540383842,1,6dFGS gJ1033410-282034,158.4206250,-28.3428333
28,g1033485-280017,cluster,56.3050374033586,0.570961058800942,0.146005917159763,9.83027465988303,8.6,11.44458370758711,53.0121816241579,30.28306650115115,-1.057253880099792,0,6dFGS gJ1033485-280017,158.4519583,-28.0046111
29,g1033598-272706,cluster,56.3050374033586,0.430928253028538,0.465532544378698,10.01249926460831,8.7,12.85878692634398,38.7845314703499,,,1,6dFGS gJ1033598-272706,158.4990417,-27.4517778
30,g1034007-274346,cluster,56.3050374033586,0.449357392502338,1.012869822485207,9.64841128675781,8.6,11.44458370758711,19.7608182906312,,-1.640408122302269,1,6dFGS gJ1034007-274346,158.5028333,-27.7293611
31,g1034066-280236,cluster,56.3050374033586,0.551758631365394,0.577958579881657,9.48133766937259,8.6,11.44458370758711,30.4685086529951,18.41665306728810,-0.898186828415875,0,6dFGS gJ1034066-280236,158.5274167,-28.0433889
32,g1034145-273935,cluster,56.3050374033586,0.400472584497264,0.100147928994083,9.82918346790521,8.6,11.44458370758711,36.0803143424990,10.42406996250083,-1.526141870068031,1,6dFGS gJ1034145-273935,158.5602083,-27.6595833
33,g1034166-283406,cluster,56.3050374033586,0.837459763814841,0.307248520710059,9.23125517281793,8.6,11.44458370758711,26.3341697506130,14.96632639591601,-0.676802451232834,0,6dFGS gJ1034166-283406,158.5690417,-28.5681944
34,g1034237-262937,cluster,56.3050374033586,0.822359204434552,0.845118343195267,10.08581378018298,8.8,14.44774274380104,50.6883722836779,19.06488748249106,,0,6dFGS gJ1034237-262937,158.5985417,-26.4936667
35,g1034357-283405,cluster,56.3050374033586,0.815777078745306,0.348668639053254,10.03631299709596,8.8,14.44774274380104,33.8293929861034,21.16325986251269,-1.208293465150315,1,6dFGS gJ1034357-283405,158.6486250,-28.5681111
36,g1034388-283460,cluster,56.3050374033586,0.822485168613334,0.492159763313609,9.64002116718025,8.6,11.44458370758711,35.0886117087505,54.26741918814388,,0,6dFGS gJ1034388-283460,158.6614583,-28.5833056
37,g1034397-264046,cluster,56.3050374033586,0.684830492998039,0.818491124260355,9.46758701916214,8.6,11.44458370758711,35.1816095073703,,,1,6dFGS gJ1034397-264046,158.6652917,-26.6794444
38,g1034475-282947,cluster,56.3050374033586,0.756415797397617,0.906360946745562,10.54911228305206,8.8,14.44774274380104,62.0722327016521,26.81679274129779,-0.910159297497524,1,6dFGS gJ1034475-282947,158.6977917,-28.4963333
39,g1034477-271252,cluster,56.3050374033586,0.374044763208675,0.848076923076923,,,,51.2162846052788,,,1,6dFGS gJ1034477-271252,158.6988750,-27.2145000
40,g1034479-255608,infall,47.3402739957094,1.174656563634043,0.882692307692307,8.95879403887388,8.4,9.06567195738355,22.6676419860501,5.96098011200238,,0,6dFGS gJ1034479-255608,158.6996250,-25.9354722
41,g1034490-282503,cluster,56.3050374033586,0.703394653565609,1.288017751479290,9.76115544560708,8.6,11.44458370758711,41.1762999779943,19.65849569114201,-0.628291801151380,1,6dFGS gJ1034490-282503,158.7042500,-28.4174722
42,g1034506-283459,cluster,56.3050374033586,0.810604923632120,0.573520710059171,10.25261833370063,8.8,14.44774274380104,104.4442139023369,,,1,6dFGS gJ1034506-283459,158.7106250,-28.5830000
43,g1034508-283046,cluster,56.3050374033586,0.763722830868638,0.555769230769230,10.09411536566074,8.8,14.44774274380104,30.3660482083131,18.72541022837126,,1,6dFGS gJ1034508-283046,158.7118333,-28.5126944
44,g1034535-264228,cluster,56.3050374033586,0.649963450046566,1.855473372781065,,,,24.7877251606238,,,1,6dFGS gJ1034535-264228,158.7230833,-26.7078611
45,g1034541-285432,infall,62.5149182195583,1.028321062407694,0.609911242603551,9.55275813845837,8.7,12.85878692634398,17.4451936983162,7.45264306488272,,1,6dFGS gJ1034541-285432,158.7255000,-28.9087500
46,g1035121-271011,cluster,56.3050374033586,0.346997692046109,0.734171597633136,,,,36.5385220636933,,,1,6dFGS gJ1035121-271011,158.8005833,-27.1696389
47,g1035169-293726,infall,62.8466286417496,1.515877829837657,0.642455621301775,9.86737252386733,8.7,12.85878692634398,36.7831214484419,21.43021254608486,-0.428174463219172,0,6dFGS gJ1035169-293726,158.8203333,-29.6238056
48,g1035205-272144,cluster,56.3050374033586,0.244050832809928,1.211982248520710,,,,74.2780726584966,,,1,6dFGS gJ1035205-272144,158.8354167,-27.3620833
49,g1035248-272856,cluster,56.3050374033586,0.205634723936297,1.234763313609467,,,,58.6359899555974,,,1,6dFGS gJ1035248-272856,158.8531250,-27.4821111
50,g1035250-263926,cluster,56.3050374033586,0.652054216625717,0.061094674556213,,,,81.1136858219616,,,1,6dFGS gJ1035250-263926,158.8543333,-26.6571111
51,g1035308-272250,cluster,56.3050374033586,0.213750932357728,0.956065088757397,,,,41.5849935709316,,,1,6dFGS gJ1035308-272250,158.8785000,-27.3805278
52,g1035383-273135,cluster,56.3050374033586,0.167627514185120,1.163757396449704,,,,31.0307924250409,,,1,6dFGS gJ1035383-273135,158.9095417,-27.5262778
53,g1035447-270001,cluster,56.3050374033586,0.403795948056846,1.959615384615384,,,,37.2329325522229,,,1,6dFGS gJ1035447-270001,158.9362083,-27.0001944
54,g1035536-281727,cluster,56.3050374033586,0.561889448916655,0.413757396449704,10.16280557222694,8.8,14.44774274380104,41.4898145168531,,,1,6dFGS gJ1035536-281727,158.9734583,-28.2908333
55,g1035539-272220,cluster,56.3050374033586,0.166815141126433,0.630621301775148,,,,29.1024299792719,,,1,6dFGS gJ1035539-272220,158.9745833,-27.3722222
56,g1035557-271412,cluster,56.3050374033586,0.238825349475496,0.104585798816568,,,,21.7011553171983,,,1,6dFGS gJ1035557-271412,158.9822500,-27.2367778
57,g1035579-271909,cluster,56.3050374033586,0.186995310426776,0.810207100591716,,,,43.8144089995822,,,1,6dFGS gJ1035579-271909,158.9912083,-27.3191111
58,g1035582-273345,cluster,56.3050374033586,0.118346272086428,0.288017751479290,9.86034480631274,8.6,11.44458370758711,54.4354690393674,17.46792432101163,,1,6dFGS gJ1035582-273345,158.9922917,-27.5624722
59,g1036019-274107,cluster,56.3050374033586,0.155861248414693,0.423520710059172,9.26790580760237,8.6,11.44458370758711,24.3323769204617,,,1,6dFGS gJ1036019-274107,159.0077917,-27.6853056
60,g1036039-275508,cluster,56.3050374033586,0.298961652487686,0.441272189349113,9.55602888358673,8.6,11.44458370758711,24.4318082029308,7.27092187482118,-1.650633545569272,1,6dFGS gJ1036039-275508,159.0161250,-27.9189167
61,g1036043-273032,cluster,56.3050374033586,0.099710747683309,2.206656804733727,9.89272716506188,8.6,11.44458370758711,29.3764557358364,,,1,6dFGS gJ1036043-273032,159.0177500,-27.5088611
62,g1036110-272715,cluster,56.3050374033586,0.095563451406012,1.652810650887574,9.96351532690451,8.7,12.85878692634398,35.1436305792695,,,1,6dFGS gJ1036110-272715,159.0458333,-27.4541667
63,g1036118-270944,cluster,56.3050374033586,0.270597116612869,0.287426035502959,,,,56.0748164483447,,,1,6dFGS gJ1036118-270944,159.0492500,-27.1622222
64,g1036130-274119,cluster,56.3050374033586,0.139655721968068,0.593639053254438,9.65311346987328,8.6,11.44458370758711,43.8819692047119,10.90057682577026,-1.615772355494130,1,6dFGS gJ1036130-274119,159.0543333,-27.6886111
65,g1036172-273147,cluster,56.3050374033586,0.065113342504398,0.030029585798817,9.90378217773099,8.6,11.44458370758711,45.0637782382400,21.29633840502689,,0,6dFGS gJ1036172-273147,159.0715417,-27.5296944
66,g1036190-274317,cluster,56.3050374033586,0.153036149327982,0.464053254437870,9.67295224287676,8.6,11.44458370758711,26.9753382033465,3.01234013644322,,1,6dFGS gJ1036190-274317,159.0789583,-27.7213889
67,g1036209-270960,cluster,56.3050374033586,0.261498555849310,0.185946745562130,,,,26.6540017376043,,,1,6dFGS gJ1036209-270960,159.0870833,-27.1666111
68,g1036215-264623,cluster,56.3050374033586,0.539422059584176,1.011390532544378,,,,60.4841888501882,,,1,6dFGS gJ1036215-264623,159.0894167,-26.7730278
69,g1036224-272617,cluster,56.3050374033586,0.080218065620555,0.363461538461538,10.88953433777510,8.8,14.44774274380104,91.0227489214320,,,1,6dFGS gJ1036224-272617,159.0931667,-27.4381389
70,g1036231-272115,cluster,56.3050374033586,0.131285200572853,1.197781065088757,,,,36.3909095879051,,,1,6dFGS gJ1036231-272115,159.0961250,-27.3541944
71,g1036248-265958,cluster,56.3050374033586,0.377618512244178,0.461982248520710,,,,70.6713004968477,,,1,6dFGS gJ1036248-265958,159.1034583,-26.9995278
72,g1036249-273454,cluster,56.3050374033586,0.060550871118810,1.474408284023668,9.83943333308691,8.6,11.44458370758711,33.2954787281637,,-1.721039453044508,1,6dFGS gJ1036249-273454,159.1037083,-27.5817500
73,g1036277-271909,cluster,56.3050374033586,0.151271763127399,0.603106508875739,,,,41.0320678636355,,,1,6dFGS gJ1036277-271909,159.1152500,-27.3192222
74,g1036291-272903,cluster,56.3050374033586,0.044322407154739,1.496005917159763,9.92513363208207,8.7,12.85878692634398,38.9853756504617,15.84895335495744,-1.412626549655959,1,6dFGS gJ1036291-272903,159.1210833,-27.4840278
75,g1036323-282158,cluster,56.3050374033586,0.601784330166439,0.736242603550296,9.21104820388646,8.6,11.44458370758711,27.3885715193385,,,0,6dFGS gJ1036323-282158,159.1347500,-28.3662222
76,g1036325-280349,cluster,56.3050374033586,0.385931572416006,0.925000000000000,10.29318271413998,8.8,14.44774274380104,58.8663993859543,23.95789803620920,-1.250470897469639,1,6dFGS gJ1036325-280349,159.1355417,-28.0636667
77,g1036347-281252,cluster,56.3050374033586,0.493290676020948,0.086834319526627,10.17823903358100,8.8,14.44774274380104,52.5322105274309,26.94884130146619,-1.054861525405293,1,6dFGS gJ1036347-281252,159.1445833,-28.2145556
78,g1036350-272845,cluster,56.3050374033586,0.037088557352985,1.337721893491125,9.66860370480457,8.6,11.44458370758711,31.8085585394726,,,1,6dFGS gJ1036350-272845,159.1457917,-27.4790278
79,g1036355-272812,cluster,56.3050374033586,0.042212607695166,0.922633136094674,9.59468599431816,8.6,11.44458370758711,18.2960023080432,1.32873832204022,,1,6dFGS gJ1036355-272812,159.1479583,-27.4701111
80,g1036356-270857,cluster,56.3050374033586,0.268493320495831,1.308136094674556,,,,25.9709756825771,,,1,6dFGS gJ1036356-270857,159.1484167,-27.1492500
81,g1036357-273106,cluster,56.3050374033586,0.016752972910168,0.386538461538462,10.97655178149985,8.8,14.44774274380104,91.2414459070795,63.56462577642934,-0.473515684832083,1,6dFGS gJ1036357-273106,159.1486250,-27.5183611
82,g1036375-274301,cluster,56.3050374033586,0.137998010841533,0.052218934911243,9.47754973282766,8.6,11.44458370758711,39.0539020618618,14.70404182530606,-1.365265523470462,0,6dFGS gJ1036375-274301,159.1564167,-27.7170000
83,g1036412-273340,cluster,56.3050374033586,0.026157819079479,1.413165680473373,10.18693345508921,8.8,14.44774274380104,44.6966707118317,23.99715944647608,-1.339533897964899,1,6dFGS gJ1036412-273340,159.1717083,-27.5610000
84,g1036428-273140,cluster,56.3050374033586,0.003608235619439,0.127662721893491,10.96365808172576,8.8,14.44774274380104,130.3608130626095,103.66231639121021,-0.335822201120167,1,6dFGS gJ1036428-273140,159.1783333,-27.5278889
85,g1036449-272810,cluster,56.3050374033586,0.040086702821631,1.527662721893491,10.06644789967589,8.8,14.44774274380104,25.8850043828835,11.46836018136430,-1.252990587158039,1,6dFGS gJ1036449-272810,159.1872083,-27.4695278
86,g1036491-272319,cluster,56.3050374033586,0.098871082924753,1.012278106508876,9.38328504983916,8.6,11.44458370758711,16.7242907866928,,,1,6dFGS gJ1036491-272319,159.2045000,-27.3886667
87,g1036505-275510,cluster,56.3050374033586,0.282978063694543,1.527071005917160,10.51863859052166,8.8,14.44774274380104,61.9600730890582,25.64749593904100,-1.102676067368362,0,6dFGS gJ1036505-275510,159.2105000,-27.9193056
88,g1036540-275501,cluster,56.3050374033586,0.282250055679971,0.360502958579881,10.42098188627252,8.8,14.44774274380104,59.2753777127819,25.25023052254722,-1.125392924498453,1,6dFGS gJ1036540-275501,159.2249583,-27.9170278
89,g1036567-261139,cluster,56.3050374033586,0.950956238962451,0.777662721893491,8.79140424169699,8.5,10.18591388054117,67.5437022745433,30.21617569183393,,0,6dFGS gJ1036567-261139,159.2360417,-26.1942500
90,g1036581-281035,cluster,56.3050374033586,0.467670705175063,1.603106508875739,10.57716720509859,8.8,14.44774274380104,94.3222922678868,50.00980904843387,-0.743308761000507,0,6dFGS gJ1036581-281035,159.2421667,-28.1764167
91,g1037004-261905,cluster,56.3050374033586,0.863063493810174,0.398964497041420,9.73755261099792,8.6,11.44458370758711,32.4656295008182,,-1.546367548411850,1,6dFGS gJ1037004-261905,159.2517917,-26.3181389
92,g1037051-275910,cluster,56.3050374033586,0.335443024495616,0.288905325443787,10.19749746029559,8.8,14.44774274380104,44.6702653960364,7.55083410670797,,0,6dFGS gJ1037051-275910,159.2712500,-27.9861389
93,g1037072-275221,cluster,56.3050374033586,0.257489706960906,0.388017751479290,9.54694478696626,8.6,11.44458370758711,32.4337564244364,25.57504217656000,-0.885165694195146,0,6dFGS gJ1037072-275221,159.2800417,-27.8725278
94,g1037087-264714,cluster,56.3050374033586,0.531393811049300,0.152810650887574,,,,25.7844999670521,,,1,6dFGS gJ1037087-264714,159.2863750,-26.7872222
95,g1037097-273928,cluster,56.3050374033586,0.120342000076187,0.484171597633136,9.61273197705804,8.6,11.44458370758711,25.7007560509273,18.48983247219192,-1.597164832653725,1,6dFGS gJ1037097-273928,159.2903333,-27.6578056
96,g1037126-264015,cluster,56.3050374033586,0.615099369322291,1.235650887573965,,,,40.8375020058783,,,1,6dFGS gJ1037126-264015,159.3025000,-26.6709167
97,g1037171-272808,cluster,56.3050374033586,0.101191232353226,1.565532544378698,10.41525522026636,8.8,14.44774274380104,59.8882372054265,20.57981542550358,-1.139846745609357,1,6dFGS gJ1037171-272808,159.3210833,-27.4688889
98,g1037195-271624,cluster,56.3050374033586,0.205071821215571,0.834763313609468,,,,34.7973255290885,,,1,6dFGS gJ1037195-271624,159.3310417,-27.2733889
99,g1037199-281420,cluster,56.3050374033586,0.520072320446579,0.449260355029586,8.70307090127408,8.5,10.18591388054117,24.2737029361926,26.08597735431672,-0.721336304119954,0,6dFGS gJ1037199-281420,159.3329583,-28.2388889
100,g1037200-273334,cluster,56.3050374033586,0.103864582188765,0.294822485207101,10.00396266723619,8.7,12.85878692634398,51.0326780020731,15.22153448867154,-1.399612548534908,1,6dFGS gJ1037200-273334,159.3333333,-27.5594722
101,g1037248-275226,cluster,56.3050374033586,0.274147253963302,0.676479289940829,9.91671168816127,8.7,12.85878692634398,36.5263845507384,21.56543655544021,,1,6dFGS gJ1037248-275226,159.3531667,-27.8740000
102,g1037373-273539,cluster,56.3050374033586,0.154678750092829,0.180917159763314,10.65803562469692,8.8,14.44774274380104,64.7837940362614,31.47205990110514,-0.651152692981404,1,6dFGS gJ1037373-273539,159.4054583,-27.5940833
103,g1037405-270329,cluster,56.3050374033586,0.367634693777843,0.879142011834320,9.95671847102163,8.7,12.85878692634398,33.6246135330967,14.30125749832223,-1.382003285597505,1,6dFGS gJ1037405-270329,159.4189167,-27.0579722
104,g1037410-262056,cluster,56.3050374033586,0.854344119579257,0.040976331360946,9.31460661026838,8.6,11.44458370758711,40.2452788955673,20.53683410796398,-1.098534504428577,0,6dFGS gJ1037410-262056,159.4208333,-26.3487500
105,g1037416-270240,cluster,56.3050374033586,0.377604943770574,0.861390532544379,9.68423510187229,8.6,11.44458370758711,26.1624377548842,,-1.686727576612395,1,6dFGS gJ1037416-270240,159.4232083,-27.0443611
106,g1037418-263035,cluster,56.3050374033586,0.742117318009536,0.566124260355029,9.76982159231438,8.6,11.44458370758711,24.9624493479166,8.46215394729366,,1,6dFGS gJ1037418-263035,159.4242083,-26.5096389
107,g1037426-283615,cluster,56.3050374033586,0.787529449494087,0.873816568047337,9.99574009687346,8.7,12.85878692634398,65.1835786900458,33.95621283873704,-0.803577920437990,0,6dFGS gJ1037426-283615,159.4276667,-28.6040556
108,g1037453-263751,cluster,56.3050374033586,0.660177640806650,0.475887573964497,10.38236100356046,8.8,14.44774274380104,96.7651875772598,,,1,6dFGS gJ1037453-263751,159.4387500,-26.6307222
109,g1037473-270453,cluster,56.3050374033586,0.360911730178968,1.165236686390532,11.01540056340011,8.9,16.23304527765459,118.2967779605955,66.99337024467246,-0.480918305470445,1,6dFGS gJ1037473-270453,159.4472500,-27.0812500
110,g1037530-282634,cluster,56.3050374033586,0.682226701411447,0.996005917159764,9.09545040199384,8.6,11.44458370758711,22.8960542957993,,,1,6dFGS gJ1037530-282634,159.4710000,-28.4428889
111,g1037545-260426,infall,69.4884056851892,1.053896373075425,1.293343195266272,9.21048257050977,8.8,14.44774274380104,38.1963561079465,33.63024141737230,-0.856128968258252,0,6dFGS gJ1037545-260426,159.4770833,-26.0739722
112,g1037562-285427,infall,62.2736969267079,1.006901664087126,0.586242603550296,10.40986150287923,8.9,16.23304527765459,63.5108829134879,21.63992868641525,-1.137319405591201,1,6dFGS gJ1037562-285427,159.4841667,-28.9073889
113,g1038008-263008,cluster,56.3050374033586,0.759637020526405,1.550739644970414,9.82937424085998,8.6,11.44458370758711,36.9225778171560,19.00462538524656,,0,6dFGS gJ1038008-263008,159.5031667,-26.5021389
114,g1038012-272704,cluster,56.3050374033586,0.216088308058063,2.149852071005917,9.90584740374936,8.6,11.44458370758711,28.1959197071506,13.76944889154943,,1,6dFGS gJ1038012-272704,159.5050417,-27.4511944
115,g1038107-284700,cluster,56.3050374033586,0.928997486815373,0.226775147928994,10.43896533000400,8.8,14.44774274380104,64.6567769998405,22.80595765997846,-0.761985189280772,1,6dFGS gJ1038107-284700,159.5447500,-28.7833333
116,g1038177-264642,cluster,56.3050374033586,0.590477400642269,1.038017751479290,9.18053141162992,8.6,11.44458370758711,27.5261998907645,20.29750805426520,-1.211150718163914,0,6dFGS gJ1038177-264642,159.5738750,-26.7781944
117,g1038226-273458,cluster,56.3050374033586,0.269257125453708,0.180029585798816,9.29737823576721,8.6,11.44458370758711,16.2595778080299,,-1.669530275774779,1,6dFGS gJ1038226-273458,159.5942500,-27.5826667
118,g1038236-253128,infall,56.8813609616986,1.454074710674457,0.056656804733728,9.25019988572952,8.6,11.44458370758711,30.3988509279050,13.33787889863073,-1.572373519551899,0,6dFGS gJ1038236-253128,159.5984583,-25.5244444
119,g1038240-281031,cluster,56.3050374033586,0.537036867763527,0.876183431952663,9.83365417717432,8.6,11.44458370758711,51.5795895925048,23.55527240777903,-1.382143189704361,1,6dFGS gJ1038240-281031,159.6001250,-28.1751667
120,g1038291-284207,cluster,56.3050374033586,0.886896334774968,0.106065088757396,9.54900299229826,8.6,11.44458370758711,21.1925543893590,4.64439200352430,,1,6dFGS gJ1038291-284207,159.6212083,-28.7018333
121,g1038332-264739,cluster,56.3050374033586,0.599281381287318,0.894526627218935,9.61109316210527,8.6,11.44458370758711,35.3686050822088,11.10622494994737,-1.132085466221682,1,6dFGS gJ1038332-264739,159.6384583,-26.7941944
122,g1038425-284611,cluster,56.3050374033586,0.944211262327444,0.214053254437870,9.96998970722047,8.7,12.85878692634398,52.1199559576872,19.02116179080353,-0.704567761506342,0,6dFGS gJ1038425-284611,159.6771667,-28.7697222
123,g1038551-263824,cluster,56.3050374033586,0.723829827645805,1.177071005917159,10.18103682228532,8.8,14.44774274380104,58.8968645130922,27.59795683752269,-0.827176868982964,0,6dFGS gJ1038551-263824,159.7296667,-26.6399722
124,g1039170-284249,cluster,56.3050374033586,0.941977582922987,1.023224852071006,9.61479170401270,8.6,11.44458370758711,24.9683497324949,8.70307611218418,-0.630994822610805,0,6dFGS gJ1039170-284249,159.8206667,-28.7135833
125,g1040089-290846,infall,56.0236868186284,1.279069563441638,0.027662721893491,9.35989855259179,8.6,11.44458370758711,28.4876978490652,9.36992901628348,-1.433130293863700,0,6dFGS gJ1040089-290846,160.0372083,-29.1460556
126,g1040255-275251,cluster,56.3050374033586,0.642001468061626,1.024112426035503,9.77138505618211,8.6,11.44458370758711,32.0751719210382,22.07388473350680,-0.549230615283667,0,6dFGS gJ1040255-275251,160.1061250,-27.8808333
127,g1040310-291609,infall,64.5358952540613,1.383182420829927,0.808136094674556,8.86770451308753,8.7,12.85878692634398,20.8861750238344,18.74667378766149,-0.564701981916680,0,6dFGS gJ1040310-291609,160.1292083,-29.2691944
128,g1040326-275140,cluster,56.3050374033586,0.653963057568319,0.247485207100592,9.90017130662516,8.6,11.44458370758711,46.7458796636645,18.69894796428477,-1.090754553939256,0,6dFGS gJ1040326-275140,160.1356667,-27.8612222
129,g1040503-275758,cluster,56.3050374033586,0.726571004400810,0.984171597633136,10.42660076475527,8.8,14.44774274380104,64.6924710962680,21.85244789358991,-1.231034207219216,0,6dFGS gJ1040503-275758,160.2095833,-27.9660000
130,g1041118-290911,infall,55.9033309021812,1.361418668104448,0.039497041420118,9.70593773730647,8.6,11.44458370758711,56.4844622022645,25.26539869823094,-0.734681115287613,0,6dFGS gJ1041118-290911,160.2991667,-29.1530833
131,g1041173-260958,infall,66.0147698725558,1.215167312696423,0.953106508875740,9.88317847517459,8.8,14.44774274380104,44.0132137768608,23.42496360140510,-0.213251407888252,0,6dFGS gJ1041173-260958,160.3222500,-26.1661389
132,g1041540-284653,infall,57.6640119809971,1.215471607552481,0.133579881656805,9.36609454122581,8.6,11.44458370758711,21.6027128300934,6.57649302107237,-1.564133167382468,1,6dFGS gJ1041540-284653,160.4751250,-28.7814444
133,g1041598-284636,infall,55.9935973917486,1.223239545470578,0.030621301775148,10.44793180216402,8.8,14.44774274380104,73.8184094746283,24.90136843133089,-0.845014047845344,1,6dFGS gJ1041598-284636,160.4991250,-28.7766944
134,g1043283-255201,infall,65.3506968934106,1.603027440763575,0.888017751479290,10.38505852869166,8.9,16.23304527765459,62.9723411013467,37.12849911173794,-0.882743936662240,1,6dFGS gJ1043283-255201,160.8677500,-25.8668611
135,g1044246-273418,infall,42.4836799604284,1.221539239397889,1.361982248520710,9.08796145036433,8.3,8.06863370363820,14.5461065247689,,,1,6dFGS gJ1044246-273418,161.1022917,-27.5716667
136,g1044259-252237,infall,66.1204311356201,1.970260609171369,0.963461538461539,10.59978626983456,8.9,16.23304527765459,56.6980410592975,14.79454547612423,-0.938038710588060,1,6dFGS gJ1044259-252237,161.1080000,-25.3770000
137,g1044313-251644,infall,66.3921482759175,2.034495904156804,0.990088757396450,9.08426544312630,8.7,12.85878692634398,25.6888443373635,20.88922576057395,-1.102138121253034,0,6dFGS gJ1044313-251644,161.1305000,-25.2787778
138,g1045462-243833,field,56.9114591936528,2.520841188480535,0.059615384615385,9.08744728175407,8.6,11.44458370758711,23.8286177521555,15.79856036873402,-0.842480919468666,0,6dFGS gJ1045462-243833,161.4426250,-24.6425000
139,g1046171-282524,infall,53.9331823349448,1.642742272227576,0.233284023668639,9.51273801997041,8.6,11.44458370758711,20.5712742425985,18.44897388535947,,0,6dFGS gJ1046171-282524,161.5711667,-28.4234167
140,g1046233-302120,field,51.8591445258390,2.526342129763414,0.437426035502958,9.24697402037939,8.5,10.18591388054117,37.2309418362544,24.26958101819491,-0.641674713041555,0,6dFGS gJ1046233-302120,161.5972083,-30.3555278
141,g1046447-251440,infall,55.9033309021812,2.288007923811153,0.039497041420118,10.16464148454593,8.8,14.44774274380104,64.0000811942784,,,1,6dFGS gJ1046447-251440,161.6860417,-25.2444444
142,g1048045-250931,infall,59.4407759051184,2.484061112350360,0.308136094674556,9.64015329057645,8.7,12.85878692634398,35.7014955180408,11.64002757642747,-1.568225135469020,1,6dFGS gJ1048045-250931,162.0189167,-25.1586667
